"CustomerId","AccountType","RegionCode","LoyaltyScore","MarketingOptIn","JoinDate"
15634602,"Basic","N3",71,0,"2024-06-24"
15647311,"Premium","N2",60,0,"2024-05-01"
15619304,"Plus","W1",30,0,"2025-05-31"
15701354,"Plus","S1",12,1,"2025-01-07"
15737888,"Basic","S2",49,0,"2024-07-25"
15574012,"Basic","S1",95,0,"2024-04-30"
15592531,"Basic","N3",82,0,"2024-07-19"
15656148,"Premium","S1",46,0,"2025-04-19"
15792365,"Plus","N1",43,0,"2024-10-22"
15592389,"Plus","S2",2,0,"2024-02-09"
15767821,"Basic","S1",97,0,"2024-07-23"
15737173,"Premium","N1",75,0,"2024-03-08"
15632264,"Plus","N2",98,0,"2024-07-01"
15691483,"Basic","S1",80,1,"2024-10-18"
15600882,"Basic","S2",54,0,"2023-09-07"
15643966,"Basic","N1",35,1,"2023-03-21"
15737452,"Basic","S1",52,1,"2023-01-15"
15788218,"Basic","N2",33,0,"2023-02-09"
15661507,"Basic","S1",85,1,"2023-03-22"
15568982,"Basic","N1",84,0,"2024-05-24"
15577657,"Plus","S1",72,0,"2023-11-03"
15597945,"Basic","S2",51,0,"2024-12-05"
15699309,"Basic","N3",26,0,"2024-02-01"
15725737,"Basic","N1",97,0,"2024-11-08"
15625047,"Basic","N1",62,0,"2025-05-14"
15738191,"Plus","N1",61,1,"2023-07-23"
15736816,"Basic","N1",26,0,"2023-07-30"
15700772,"Basic","S1",37,0,"2024-02-03"
15728693,"Plus","S2",30,1,"2024-01-08"
15656300,"Basic","N2",95,1,"2024-01-24"
15589475,"Plus","S2",97,1,"2023-09-15"
15706552,"Basic","N1",11,1,"2023-04-25"
15750181,"Basic","W1",53,0,"2023-11-30"
15659428,"Premium","S1",41,0,"2023-12-15"
15732963,"Premium","W1",5,0,"2023-08-21"
15794171,"Plus","S1",66,1,"2024-05-23"
15729599,"Basic","N1",13,0,"2024-03-24"
15717426,"Basic","S1",63,0,"2023-03-18"
15585768,"Plus","N1",82,0,"2025-04-07"
15619360,"Basic","S2",90,0,"2024-08-30"
15738148,"Basic","N3",25,0,"2023-04-08"
15687946,"Basic","S1",44,0,"2024-07-21"
15755196,"Basic","N1",14,0,"2024-09-21"
15684171,"Premium","W1",69,0,"2024-04-06"
15754849,"Basic","N1",59,1,"2024-05-14"
15602280,"Plus","W1",56,1,"2024-09-22"
15771573,"Basic","S1",52,0,"2023-02-07"
15766205,"Basic","N2",66,1,"2024-11-27"
15771873,"Basic","W1",68,1,"2023-12-24"
15616550,"Basic","N1",12,0,"2023-08-30"
15683553,"Premium","S1",75,1,"2023-02-20"
15702298,"Plus","N1",68,1,"2024-02-29"
15569590,"Premium","N2",43,0,"2023-05-07"
15760861,"Premium","N3",73,0,"2023-04-13"
15630053,"Plus","N2",74,0,"2024-04-21"
15647091,"Premium","S2",91,1,"2023-08-17"
15623944,"Basic","S1",6,0,"2024-12-23"
15804771,"Basic","N2",15,0,"2024-03-11"
15651280,"Basic","N3",42,0,"2024-01-20"
15773469,"Basic","N1",31,0,"2023-03-26"
15702014,"Basic","S1",86,0,"2023-12-25"
15751208,"Basic","W1",53,0,"2025-02-24"
15592461,"Plus","N2",6,1,"2023-01-27"
15789484,"Basic","N3",33,1,"2025-05-09"
15696061,"Basic","N2",29,0,"2023-03-13"
15641582,"Basic","S2",21,0,"2023-04-05"
15638424,"Basic","S1",54,0,"2024-08-10"
15755648,"Plus","N1",56,1,"2024-03-01"
15703793,"Basic","N3",94,0,"2023-01-06"
15620344,"Premium","N2",21,0,"2023-03-31"
15812518,"Plus","S1",100,1,"2024-08-14"
15779052,"Basic","N2",55,1,"2023-08-10"
15770811,"Basic","S1",58,0,"2024-08-17"
15614049,"Plus","S2",64,0,"2024-08-16"
15662085,"Plus","N2",86,0,"2023-06-01"
15575185,"Plus","S2",46,1,"2024-07-10"
15803136,"Plus","W1",84,0,"2023-07-31"
15706021,"Basic","W1",22,0,"2024-08-05"
15663706,"Basic","N3",60,0,"2023-09-20"
15641732,"Basic","S2",11,0,"2024-01-17"
15701164,"Premium","S1",47,0,"2024-07-23"
15738751,"Plus","N3",31,0,"2023-02-26"
15805254,"Basic","N2",77,0,"2024-03-01"
15762418,"Basic","N2",18,0,"2024-09-14"
15625759,"Basic","S1",22,0,"2023-05-22"
15622897,"Basic","N1",56,0,"2024-07-21"
15767954,"Plus","N1",17,0,"2024-06-07"
15757535,"Plus","N2",38,0,"2025-05-10"
15731511,"Premium","S1",25,0,"2023-01-15"
15809248,"Basic","N1",32,1,"2023-01-08"
15640635,"Basic","S2",15,0,"2023-08-19"
15676966,"Plus","N2",13,1,"2023-07-05"
15699461,"Plus","W1",58,0,"2023-02-22"
15738721,"Plus","S2",90,0,"2023-05-17"
15693683,"Plus","S1",50,1,"2023-06-23"
15604348,"Basic","W1",11,0,"2025-05-09"
15633059,"Basic","S2",13,1,"2023-08-07"
15808582,"Basic","N1",97,0,"2023-09-20"
15743192,"Basic","N1",50,0,"2023-09-12"
15580146,"Basic","W1",38,0,"2025-03-22"
15776605,"Basic","N3",1,1,"2023-09-27"
15804919,"Plus","N2",39,1,"2024-08-09"
15613854,"Basic","W1",27,0,"2023-08-12"
15599195,"Basic","S1",36,0,"2025-06-01"
15812878,"Premium","N2",32,0,"2024-08-26"
15602312,"Basic","S2",41,1,"2023-05-14"
15744689,"Basic","S1",15,0,"2023-06-12"
15803526,"Plus","S1",31,0,"2024-12-10"
15665790,"Basic","N1",6,0,"2024-12-01"
15715951,"Basic","S2",89,1,"2023-03-14"
15591100,"Basic","N1",52,0,"2025-06-16"
15609618,"Basic","N1",82,1,"2024-12-18"
15705512,"Premium","N3",22,1,"2024-06-26"
15698028,"Plus","N1",31,0,"2025-06-12"
15661670,"Plus","N2",100,0,"2024-09-22"
15600781,"Premium","S1",73,0,"2025-03-05"
15682472,"Plus","N1",46,0,"2024-04-28"
15580203,"Basic","W1",67,0,"2025-05-27"
15690673,"Premium","N2",97,1,"2024-11-01"
15760085,"Basic","S2",91,1,"2023-09-12"
15779659,"Plus","S1",43,1,"2025-01-26"
15627360,"Premium","W1",1,1,"2024-09-09"
15671137,"Basic","W1",44,0,"2023-07-17"
15782688,"Basic","S2",57,0,"2024-03-02"
15575492,"Basic","W1",9,0,"2024-05-07"
15591607,"Basic","N2",5,0,"2024-09-23"
15740404,"Plus","S2",79,0,"2023-03-23"
15718369,"Premium","W1",9,0,"2023-11-04"
15677871,"Basic","S2",45,1,"2025-02-20"
15642004,"Basic","S2",92,1,"2024-11-29"
15712543,"Basic","N1",77,1,"2025-02-26"
15584518,"Basic","N1",24,0,"2024-01-09"
15802381,"Basic","N1",74,1,"2024-07-17"
15610156,"Basic","W1",42,0,"2024-04-03"
15594408,"Premium","S1",22,0,"2024-05-15"
15640905,"Basic","N2",60,0,"2023-12-23"
15698932,"Basic","W1",86,0,"2023-10-23"
15713483,"Plus","N1",37,1,"2024-08-02"
15612350,"Basic","S2",39,0,"2023-10-27"
15800703,"Premium","W1",84,0,"2024-10-07"
15705707,"Premium","S2",74,0,"2023-12-09"
15754105,"Basic","S2",74,1,"2023-04-30"
15703264,"Basic","S2",90,0,"2024-07-22"
15794413,"Basic","N3",89,1,"2023-07-05"
15650237,"Basic","S1",53,0,"2024-08-06"
15759618,"Basic","N2",28,0,"2023-06-07"
15811589,"Plus","N2",77,0,"2023-08-16"
15689044,"Basic","N1",15,0,"2023-11-04"
15709368,"Basic","N3",60,0,"2023-08-22"
15679145,"Basic","W1",60,1,"2023-01-11"
15655007,"Premium","W1",6,1,"2023-06-24"
15623595,"Basic","N2",52,0,"2025-02-11"
15589975,"Basic","S1",12,0,"2024-10-04"
15804017,"Basic","S2",19,0,"2025-06-16"
15692132,"Premium","N1",96,1,"2023-01-02"
15641122,"Basic","S1",75,0,"2025-01-30"
15630910,"Plus","N2",97,1,"2024-12-12"
15680772,"Plus","N3",2,1,"2023-07-01"
15658929,"Basic","N1",55,0,"2023-12-16"
15585388,"Plus","N2",15,0,"2024-09-30"
15724623,"Basic","W1",64,1,"2024-01-17"
15588537,"Plus","N1",100,0,"2023-10-24"
15574692,"Plus","N2",69,0,"2023-07-16"
15611325,"Basic","W1",15,0,"2023-10-13"
15587562,"Basic","W1",43,0,"2024-07-09"
15613172,"Plus","S2",74,0,"2024-06-05"
15651022,"Basic","N3",17,0,"2023-08-13"
15586310,"Basic","S2",98,0,"2024-12-28"
15625524,"Basic","N2",24,1,"2024-12-23"
15755209,"Plus","S1",74,0,"2023-10-13"
15645248,"Plus","S2",30,0,"2024-12-29"
15790355,"Basic","S1",67,0,"2023-11-27"
15762615,"Basic","W1",51,1,"2024-07-14"
15625426,"Basic","N2",60,0,"2023-06-12"
15716334,"Plus","N3",3,0,"2023-07-12"
15789669,"Basic","S1",5,0,"2023-05-25"
15621075,"Plus","N2",28,0,"2024-11-01"
15810845,"Basic","S1",78,0,"2025-04-17"
15719377,"Premium","S2",11,0,"2024-11-22"
15654506,"Basic","N2",72,0,"2024-06-21"
15771977,"Basic","S2",72,1,"2024-09-03"
15708710,"Basic","N1",76,0,"2024-09-14"
15726676,"Premium","N2",15,1,"2023-09-27"
15587421,"Premium","S1",83,0,"2023-02-20"
15726931,"Basic","N1",48,0,"2024-06-10"
15771086,"Plus","S2",46,1,"2023-05-08"
15756850,"Plus","S2",28,0,"2024-10-13"
15702741,"Plus","S1",7,0,"2025-01-23"
15679200,"Basic","N1",71,0,"2023-02-15"
15594815,"Basic","W1",94,0,"2023-08-22"
15635905,"Basic","N3",82,0,"2024-03-23"
15777892,"Premium","S1",88,0,"2024-08-06"
15656176,"Premium","S2",6,1,"2024-03-18"
15811127,"Plus","N2",58,0,"2024-05-17"
15604482,"Basic","N1",68,1,"2024-08-29"
15622911,"Basic","W1",55,0,"2023-10-12"
15600974,"Plus","N3",67,0,"2023-05-12"
15727868,"Premium","N2",49,0,"2024-04-20"
15627801,"Premium","N1",51,0,"2025-03-03"
15773039,"Plus","W1",59,0,"2024-06-27"
15755262,"Plus","S1",6,0,"2023-12-22"
15679531,"Basic","W1",90,1,"2023-02-06"
15684181,"Basic","S1",51,0,"2024-09-29"
15612087,"Premium","N1",38,0,"2023-05-18"
15752047,"Plus","W1",11,0,"2024-02-26"
15624592,"Basic","N3",52,1,"2024-03-20"
15573152,"Basic","W1",93,0,"2024-09-03"
15594917,"Plus","N1",20,0,"2023-08-30"
15785542,"Basic","N2",10,0,"2023-09-02"
15723488,"Basic","N2",26,0,"2024-06-22"
15680920,"Basic","W1",48,0,"2023-07-28"
15786308,"Plus","W1",91,0,"2024-04-01"
15659366,"Plus","S1",14,0,"2023-04-09"
15774854,"Basic","N1",100,0,"2024-05-16"
15725311,"Plus","S1",59,1,"2023-05-17"
15787155,"Basic","N3",12,0,"2023-07-06"
15727829,"Basic","N2",23,0,"2023-02-05"
15733247,"Plus","S2",85,0,"2024-09-21"
15568748,"Plus","S2",72,0,"2024-10-31"
15699029,"Plus","N1",39,0,"2024-04-23"
15774393,"Plus","N1",9,0,"2025-02-25"
15676895,"Plus","S2",88,0,"2024-11-11"
15637753,"Basic","N1",95,0,"2023-02-24"
15605461,"Basic","N2",25,1,"2024-04-15"
15808473,"Basic","N3",17,0,"2023-03-25"
15627000,"Basic","N3",42,0,"2023-01-06"
15787174,"Premium","S1",29,0,"2025-06-09"
15723886,"Basic","N2",60,0,"2023-12-29"
15704769,"Premium","N1",67,0,"2025-05-05"
15772896,"Plus","N1",85,0,"2025-02-06"
15711540,"Plus","S1",57,0,"2024-12-10"
15764866,"Basic","S1",72,0,"2024-10-25"
15794056,"Plus","N1",14,0,"2025-04-09"
15795149,"Basic","N1",39,1,"2023-06-19"
15812009,"Basic","N2",16,0,"2025-01-29"
15651001,"Plus","S1",18,0,"2023-09-06"
15813844,"Basic","N2",95,0,"2024-10-23"
15596175,"Basic","W1",75,0,"2023-07-29"
15576269,"Plus","N1",20,0,"2025-01-09"
15797219,"Basic","S2",46,0,"2023-09-01"
15685500,"Premium","S2",45,0,"2023-05-21"
15599792,"Premium","W1",4,0,"2024-09-23"
15657566,"Premium","N1",84,0,"2025-03-15"
15772423,"Basic","S1",95,0,"2023-06-29"
15753754,"Basic","S2",20,0,"2024-09-28"
15793726,"Premium","S1",11,1,"2025-01-23"
15694717,"Basic","S2",65,0,"2024-12-24"
15665834,"Premium","S1",18,0,"2023-01-17"
15765297,"Premium","S2",39,0,"2023-01-16"
15636684,"Premium","S1",44,0,"2024-01-20"
15592979,"Basic","W1",97,1,"2023-12-07"
15750803,"Basic","N2",100,0,"2025-06-11"
15607178,"Premium","S1",18,0,"2025-02-07"
15713853,"Basic","N2",47,0,"2025-03-08"
15673481,"Basic","N2",31,0,"2025-03-02"
15686776,"Plus","N1",99,0,"2023-02-15"
15673693,"Premium","W1",39,0,"2024-05-18"
15700696,"Plus","N2",38,0,"2025-02-08"
15813163,"Plus","N3",79,0,"2023-05-23"
15653857,"Basic","N2",47,0,"2023-10-12"
15777076,"Plus","S1",70,1,"2023-12-21"
15717398,"Premium","N2",8,0,"2025-04-09"
15799217,"Basic","S1",86,0,"2024-06-08"
15619955,"Premium","N3",13,1,"2024-07-10"
15796505,"Plus","N2",55,0,"2023-02-16"
15725166,"Plus","N2",88,0,"2024-06-11"
15800116,"Plus","S2",85,0,"2025-06-12"
15758685,"Basic","S2",43,0,"2023-04-17"
15694456,"Basic","N1",4,1,"2023-01-03"
15767339,"Plus","S1",71,1,"2024-09-07"
15683562,"Plus","N3",60,0,"2023-04-05"
15782210,"Premium","S2",12,1,"2023-05-13"
15668893,"Premium","N2",59,0,"2025-05-09"
15669169,"Basic","N1",77,1,"2025-02-21"
15643024,"Basic","N3",54,1,"2023-07-20"
15699389,"Plus","W1",44,0,"2023-09-11"
15708608,"Plus","N2",16,0,"2023-07-02"
15626144,"Plus","N2",6,0,"2023-05-30"
15573112,"Plus","W1",14,1,"2024-07-02"
15790678,"Premium","S1",58,1,"2024-05-04"
15727556,"Basic","S1",31,0,"2024-05-19"
15697307,"Basic","S2",100,0,"2024-02-17"
15652266,"Basic","S2",41,0,"2025-04-17"
15607098,"Plus","N2",35,1,"2024-05-22"
15655774,"Basic","N2",10,0,"2024-10-12"
15590241,"Basic","S2",81,0,"2024-09-03"
15785819,"Basic","W1",30,0,"2024-02-08"
15723654,"Basic","S2",44,1,"2023-08-24"
15774510,"Plus","N2",55,1,"2024-08-18"
15684173,"Basic","N3",71,0,"2025-05-08"
15650068,"Basic","N2",18,0,"2024-06-28"
15811490,"Plus","N3",83,0,"2024-09-24"
15803976,"Basic","N3",79,1,"2024-06-25"
15695699,"Basic","N2",86,0,"2024-03-09"
15624188,"Basic","N1",39,0,"2024-06-29"
15812191,"Plus","S2",42,0,"2024-10-06"
15636673,"Basic","S1",54,0,"2023-07-27"
15594898,"Plus","N2",30,0,"2023-05-20"
15660211,"Basic","N3",20,0,"2024-08-10"
15773972,"Basic","N2",96,0,"2024-08-09"
15746726,"Basic","S2",42,0,"2025-03-30"
15712287,"Basic","W1",89,0,"2023-11-03"
15702919,"Plus","N3",87,0,"2024-07-23"
15674398,"Plus","S1",5,0,"2023-04-08"
15797960,"Premium","S1",50,0,"2023-05-05"
15631868,"Basic","S1",41,0,"2023-12-15"
15581539,"Basic","W1",94,1,"2023-05-14"
15662736,"Plus","N1",39,0,"2023-08-14"
15666252,"Basic","N3",57,0,"2024-12-12"
15677512,"Basic","W1",91,0,"2024-07-02"
15626114,"Basic","N3",57,1,"2024-10-11"
15810834,"Basic","W1",37,0,"2024-12-20"
15678910,"Premium","W1",7,0,"2024-12-06"
15694408,"Plus","N1",5,0,"2024-07-21"
15585215,"Plus","N3",79,0,"2023-12-05"
15682757,"Basic","W1",51,1,"2025-04-18"
15736601,"Basic","N1",8,0,"2023-11-18"
15601848,"Basic","N2",56,1,"2025-03-23"
15736008,"Basic","S2",73,0,"2023-03-28"
15669064,"Basic","W1",11,1,"2023-04-05"
15624528,"Plus","S1",22,0,"2023-07-15"
15598493,"Plus","N1",98,1,"2023-07-11"
15601274,"Basic","N1",99,0,"2024-10-17"
15702669,"Premium","W1",77,0,"2024-06-05"
15728669,"Plus","N1",11,0,"2025-01-22"
15742668,"Plus","N2",60,1,"2024-10-22"
15697441,"Plus","N1",96,0,"2024-10-13"
15740476,"Basic","S2",15,0,"2023-01-13"
15648064,"Basic","S2",38,0,"2023-09-11"
15636624,"Basic","S1",1,1,"2023-03-22"
15807923,"Plus","N2",46,0,"2024-12-22"
15745844,"Basic","S2",88,0,"2024-01-08"
15786170,"Basic","W1",43,1,"2024-01-29"
15681081,"Basic","N3",22,1,"2025-06-08"
15684484,"Basic","N3",3,0,"2025-01-01"
15785869,"Premium","N3",14,1,"2024-02-22"
15763859,"Plus","W1",2,0,"2023-02-28"
15658935,"Basic","N1",61,0,"2023-05-08"
15747358,"Basic","W1",32,1,"2025-03-27"
15735203,"Basic","N1",38,1,"2025-02-12"
15659420,"Basic","N3",97,0,"2025-02-18"
15593365,"Basic","S1",46,0,"2024-06-24"
15777352,"Basic","S1",42,0,"2023-11-29"
15812007,"Basic","N1",6,1,"2025-06-10"
15625461,"Plus","N3",41,1,"2023-10-09"
15739438,"Plus","W1",25,0,"2024-08-02"
15611759,"Basic","S1",98,1,"2023-07-26"
15661629,"Basic","N1",11,0,"2023-09-29"
15633950,"Plus","W1",41,0,"2023-11-05"
15592386,"Basic","N3",71,0,"2024-02-07"
15803716,"Premium","N2",57,0,"2023-06-24"
15696674,"Plus","N3",46,0,"2023-08-06"
15706365,"Basic","N3",86,1,"2024-11-02"
15745088,"Basic","W1",48,0,"2023-11-22"
15676715,"Plus","W1",63,0,"2025-01-25"
15613085,"Basic","S2",39,1,"2023-09-10"
15633537,"Plus","S2",10,0,"2024-03-29"
15594720,"Premium","W1",85,0,"2023-07-08"
15684042,"Plus","W1",70,0,"2025-02-11"
15583303,"Basic","N2",65,1,"2024-03-18"
15611579,"Plus","N2",98,0,"2025-06-16"
15774696,"Basic","N3",59,0,"2023-05-10"
15694506,"Basic","S1",78,0,"2024-04-29"
15688074,"Premium","N2",36,1,"2023-01-03"
15759537,"Basic","N3",27,0,"2023-12-17"
15758449,"Premium","N1",73,0,"2024-07-08"
15583456,"Premium","S2",55,0,"2023-05-13"
15677371,"Basic","S1",70,0,"2024-11-20"
15629677,"Basic","N3",95,0,"2024-05-08"
15713578,"Basic","W1",81,1,"2023-09-23"
15591509,"Basic","N1",53,0,"2023-01-24"
15568240,"Basic","S2",60,1,"2024-06-17"
15622993,"Plus","N1",61,1,"2025-05-06"
15689294,"Basic","N3",36,0,"2023-01-03"
15720910,"Basic","N2",85,0,"2024-10-31"
15721181,"Plus","S2",27,1,"2025-05-29"
15776433,"Basic","N1",41,1,"2024-03-02"
15748936,"Plus","N2",28,0,"2023-01-04"
15717225,"Basic","S1",16,0,"2024-09-10"
15685226,"Basic","N3",35,0,"2025-03-18"
15785611,"Plus","N3",36,0,"2025-02-22"
15573456,"Plus","S2",56,0,"2024-05-17"
15684548,"Premium","N1",99,1,"2023-08-20"
15620505,"Plus","S1",19,0,"2025-05-22"
15807432,"Plus","W1",57,1,"2025-01-19"
15584766,"Basic","S2",85,0,"2023-03-13"
15612187,"Basic","W1",33,0,"2023-03-29"
15762218,"Plus","S2",23,1,"2024-06-11"
15646372,"Plus","N1",63,0,"2025-06-04"
15690452,"Premium","S1",70,0,"2024-08-25"
15747795,"Basic","N1",96,0,"2024-03-25"
15781589,"Basic","N3",22,0,"2024-03-14"
15732674,"Plus","W1",67,0,"2024-06-15"
15642291,"Basic","N2",99,1,"2024-03-10"
15692761,"Premium","N3",80,1,"2024-12-24"
15578045,"Premium","N3",59,0,"2023-03-25"
15745354,"Basic","W1",25,1,"2023-12-05"
15701376,"Plus","S2",17,0,"2023-05-06"
15691625,"Plus","N3",39,0,"2024-07-16"
15566594,"Basic","S1",77,0,"2023-01-18"
15760431,"Premium","N3",92,0,"2025-04-28"
15686302,"Basic","S1",75,0,"2025-05-14"
15801559,"Plus","N1",74,0,"2024-09-20"
15809616,"Basic","S2",39,0,"2024-09-27"
15720559,"Premium","S1",24,0,"2024-06-23"
15695632,"Basic","N3",38,1,"2023-12-11"
15659843,"Basic","S2",88,1,"2024-04-12"
15615624,"Premium","S2",97,0,"2023-05-21"
15810418,"Basic","S1",81,0,"2023-01-06"
15716186,"Basic","S1",57,1,"2024-10-30"
15674551,"Premium","N2",44,1,"2024-09-09"
15566111,"Plus","S2",99,0,"2024-10-10"
15784597,"Plus","W1",70,0,"2024-06-24"
15652883,"Basic","W1",80,0,"2024-11-08"
15806964,"Basic","N2",45,0,"2023-03-06"
15576313,"Basic","N3",92,0,"2023-02-25"
15806467,"Plus","N1",96,1,"2025-03-08"
15743040,"Plus","S2",26,1,"2025-05-31"
15705521,"Plus","N1",11,0,"2023-04-06"
15595039,"Plus","N2",52,0,"2025-06-07"
15799384,"Basic","S1",25,0,"2023-08-03"
15581197,"Basic","S2",31,0,"2025-01-12"
15693737,"Basic","N2",85,0,"2023-02-27"
15624623,"Basic","N3",45,1,"2024-05-06"
15783501,"Basic","S2",67,0,"2024-02-09"
15690134,"Premium","S2",76,1,"2023-07-03"
15782735,"Basic","W1",40,1,"2023-10-09"
15611088,"Basic","S1",46,1,"2025-02-21"
15672145,"Basic","S2",54,0,"2024-12-21"
15732628,"Plus","S1",41,0,"2023-06-12"
15787470,"Plus","N2",89,0,"2023-03-30"
15803406,"Basic","N3",81,0,"2025-02-21"
15730460,"Basic","N3",38,0,"2023-04-07"
15644572,"Plus","S2",100,1,"2024-08-09"
15694860,"Basic","S2",36,1,"2023-03-29"
15658169,"Plus","N2",83,1,"2024-06-01"
15794396,"Plus","W1",44,0,"2024-10-29"
15785798,"Basic","W1",57,0,"2023-03-04"
15710825,"Basic","W1",66,0,"2024-06-24"
15668444,"Premium","S1",81,0,"2025-03-26"
15726631,"Basic","W1",30,1,"2023-07-10"
15733797,"Basic","N3",10,0,"2024-12-16"
15747960,"Plus","S1",99,0,"2023-10-05"
15634632,"Premium","N2",61,1,"2024-06-22"
15707362,"Premium","N3",63,0,"2023-03-26"
15662976,"Plus","N3",36,1,"2023-12-01"
15732778,"Basic","N1",54,0,"2024-03-16"
15718443,"Basic","N2",97,1,"2024-12-22"
15670039,"Plus","N2",65,0,"2024-10-11"
15773792,"Plus","N1",82,0,"2025-02-28"
15613786,"Basic","S1",4,0,"2023-06-21"
15726032,"Premium","W1",55,1,"2025-05-01"
15663252,"Basic","W1",54,1,"2023-12-05"
15593782,"Basic","W1",91,0,"2024-10-29"
15633283,"Basic","W1",89,1,"2023-08-17"
15749167,"Basic","W1",64,1,"2025-03-28"
15759298,"Basic","N1",92,0,"2023-06-28"
15683625,"Basic","N2",22,0,"2023-09-04"
15635367,"Basic","S1",25,0,"2025-06-15"
15681705,"Plus","N3",81,0,"2024-11-04"
15603156,"Plus","W1",59,0,"2024-11-05"
15591986,"Plus","N1",57,0,"2024-12-30"
15798888,"Premium","S1",54,0,"2023-11-13"
15809722,"Basic","S1",44,0,"2023-10-13"
15677538,"Basic","S1",52,0,"2023-03-17"
15797736,"Premium","N1",76,1,"2024-03-27"
15695585,"Basic","N3",16,0,"2023-07-23"
15744398,"Premium","W1",16,1,"2024-12-28"
15750658,"Basic","S1",81,0,"2024-02-28"
15578186,"Premium","N1",55,0,"2025-01-04"
15676519,"Basic","N2",61,1,"2023-07-12"
15637954,"Premium","N1",95,0,"2023-10-20"
15758639,"Basic","N1",79,0,"2024-12-04"
15731744,"Premium","N1",77,0,"2025-06-15"
15807709,"Basic","S1",40,0,"2025-02-19"
15714689,"Plus","N1",91,0,"2024-02-17"
15699005,"Premium","N2",21,0,"2024-03-14"
15624170,"Basic","S1",66,0,"2023-10-28"
15725679,"Plus","N2",8,1,"2023-09-17"
15585865,"Plus","S2",71,1,"2023-07-11"
15804256,"Basic","N1",10,0,"2023-09-28"
15662403,"Plus","W1",57,0,"2024-09-07"
15733616,"Plus","W1",4,0,"2024-03-07"
15591995,"Premium","S1",43,1,"2024-12-16"
15677020,"Basic","W1",100,0,"2024-11-26"
15727688,"Basic","S1",99,0,"2023-08-05"
15715941,"Premium","N1",63,0,"2023-04-01"
15714485,"Premium","N3",43,1,"2023-07-17"
15730059,"Basic","N3",67,0,"2024-02-03"
15715527,"Plus","N2",82,0,"2023-02-08"
15576623,"Basic","N1",51,0,"2024-12-09"
15805565,"Basic","W1",56,0,"2024-04-15"
15677307,"Basic","N1",43,0,"2023-03-20"
15773890,"Basic","S2",24,0,"2024-12-29"
15598883,"Plus","N3",96,1,"2025-04-07"
15568506,"Basic","W1",34,0,"2023-04-04"
15761043,"Premium","N3",59,0,"2024-11-14"
15782236,"Premium","N1",2,0,"2023-02-12"
15593601,"Plus","W1",2,0,"2023-05-12"
15682048,"Basic","N2",10,0,"2023-03-18"
15746902,"Basic","N1",23,0,"2023-08-20"
15781307,"Plus","N2",15,0,"2023-02-08"
15775912,"Plus","W1",76,0,"2024-07-19"
15745417,"Basic","N3",17,1,"2023-05-31"
15671256,"Premium","S2",82,0,"2024-11-30"
15653547,"Plus","S1",14,1,"2024-02-23"
15595766,"Premium","N3",81,0,"2025-04-01"
15742358,"Plus","N2",79,0,"2023-07-05"
15763274,"Plus","N1",76,0,"2023-11-14"
15786063,"Basic","W1",16,0,"2024-04-08"
15600258,"Premium","N3",32,1,"2024-03-07"
15573318,"Premium","S2",23,1,"2023-05-15"
15653849,"Basic","W1",34,0,"2024-05-17"
15694272,"Basic","N2",98,0,"2024-11-15"
15736112,"Basic","W1",16,1,"2023-09-26"
15749851,"Plus","W1",34,1,"2024-03-12"
15663478,"Premium","N1",71,1,"2024-09-18"
15592300,"Basic","S1",33,0,"2024-05-12"
15567832,"Plus","N2",68,1,"2025-01-02"
15776780,"Basic","N1",43,0,"2024-07-04"
15592846,"Premium","S1",64,0,"2023-12-06"
15739803,"Plus","N1",71,0,"2023-08-30"
15794142,"Plus","S1",18,0,"2023-08-09"
15762729,"Basic","S1",68,0,"2024-10-19"
15667896,"Basic","S1",61,0,"2024-11-06"
15776223,"Basic","N1",75,0,"2023-12-27"
15705953,"Basic","W1",20,0,"2025-05-29"
15802593,"Premium","S1",11,0,"2025-04-19"
15615457,"Plus","W1",79,0,"2025-02-09"
15708916,"Premium","N2",46,0,"2023-07-09"
15595440,"Premium","S2",64,1,"2024-02-17"
15600651,"Plus","W1",81,0,"2023-11-25"
15750141,"Plus","S2",98,0,"2025-02-14"
15657284,"Premium","S1",76,1,"2023-08-10"
15763063,"Plus","S2",28,0,"2025-04-23"
15709324,"Basic","S2",48,1,"2024-11-16"
15711309,"Basic","S1",35,0,"2023-04-02"
15775318,"Basic","W1",8,1,"2024-03-15"
15705515,"Premium","S1",91,0,"2023-04-16"
15634844,"Plus","N2",22,1,"2023-09-02"
15717046,"Basic","N3",24,0,"2023-11-01"
15571816,"Plus","N1",66,1,"2024-07-08"
15670080,"Plus","S1",95,0,"2025-02-08"
15800440,"Basic","S1",86,0,"2025-04-12"
15665678,"Basic","S2",64,0,"2024-08-20"
15665956,"Plus","N2",65,1,"2023-04-07"
15788126,"Basic","S2",14,0,"2024-04-21"
15811773,"Plus","W1",25,0,"2023-09-23"
15651674,"Basic","S1",100,0,"2024-07-28"
15689614,"Premium","S1",100,0,"2023-04-13"
15795564,"Plus","S2",3,0,"2023-09-11"
15706647,"Plus","S1",5,0,"2024-03-30"
15728505,"Premium","W1",65,1,"2025-04-08"
15730076,"Basic","N3",54,0,"2024-05-27"
15622003,"Basic","N1",19,1,"2024-10-27"
15607312,"Basic","N1",97,0,"2024-05-07"
15644753,"Plus","N1",54,1,"2023-09-18"
15653620,"Plus","N3",94,0,"2023-02-04"
15761986,"Plus","S1",76,0,"2024-01-16"
15633922,"Basic","S2",10,0,"2024-02-01"
15658032,"Basic","N2",98,0,"2023-01-27"
15692671,"Basic","S1",16,1,"2025-05-11"
15737741,"Basic","N3",46,0,"2023-11-02"
15576352,"Plus","W1",29,1,"2025-01-05"
15803689,"Basic","N3",15,0,"2024-11-29"
15718057,"Basic","N1",48,0,"2024-11-01"
15722010,"Premium","S1",11,0,"2024-08-03"
15680998,"Basic","N1",34,0,"2023-06-14"
15614782,"Basic","N2",36,0,"2023-09-15"
15591047,"Plus","W1",30,1,"2023-04-12"
15788291,"Basic","N1",99,1,"2024-03-30"
15604044,"Plus","N2",73,0,"2023-07-12"
15679587,"Premium","N3",82,1,"2025-02-09"
15775153,"Premium","N1",19,0,"2025-06-16"
15603925,"Basic","N1",68,0,"2025-03-20"
15680970,"Premium","S2",70,0,"2023-10-26"
15697183,"Basic","W1",33,0,"2023-01-21"
15567446,"Basic","W1",96,0,"2023-02-14"
15637476,"Basic","N3",80,0,"2024-04-24"
15714939,"Premium","S2",75,0,"2024-05-10"
15683503,"Basic","N2",22,0,"2025-02-26"
15782569,"Basic","N2",36,0,"2024-11-13"
15592387,"Plus","N3",23,0,"2024-11-20"
15609286,"Basic","W1",63,0,"2023-08-11"
15814035,"Basic","N2",26,0,"2023-10-26"
15661249,"Basic","N3",60,1,"2024-04-25"
15629117,"Basic","N2",95,0,"2023-01-24"
15607170,"Basic","S1",93,0,"2023-12-04"
15586585,"Basic","N1",5,1,"2023-03-25"
15686611,"Plus","W1",54,0,"2023-03-01"
15603203,"Basic","S1",38,1,"2023-10-15"
15619857,"Basic","N3",62,0,"2024-09-25"
15805062,"Premium","N3",25,0,"2024-05-31"
15660271,"Basic","S1",98,0,"2025-06-16"
15745295,"Plus","N1",12,0,"2023-06-03"
15719352,"Basic","N1",22,1,"2023-10-08"
15766575,"Basic","S2",9,0,"2024-03-09"
155945940,"Basic","N2",84,1,"2023-12-08"
15646161,"Basic","S2",29,0,"2023-03-27"
15682585,"Basic","N1",44,1,"2024-08-09"
15603134,"Basic","S1",93,0,"2025-02-17"
15636444,"Basic","N2",27,0,"2023-07-10"
15773456,"Basic","S1",55,0,"2023-09-09"
15745307,"Basic","S2",81,0,"2023-03-09"
15604119,"Basic","N3",5,1,"2025-05-14"
15626900,"Basic","S1",52,0,"2023-05-26"
15605447,"Basic","S2",13,0,"2025-05-25"
15589030,"Plus","S2",42,0,"2024-09-25"
15692463,"Basic","S2",15,0,"2024-07-07"
15712403,"Plus","N3",79,0,"2025-04-07"
15811762,"Plus","N3",18,1,"2024-10-23"
15718673,"Basic","N3",50,0,"2024-07-27"
15724282,"Premium","N2",2,1,"2023-09-12"
15738181,"Premium","N3",87,1,"2023-05-11"
15603323,"Basic","N3",68,0,"2024-01-12"
15583725,"Plus","S1",47,0,"2024-06-15"
15588350,"Plus","N3",89,0,"2023-07-18"
15798398,"Basic","N2",75,1,"2025-04-18"
15784844,"Basic","S2",50,1,"2023-08-09"
15580684,"Basic","S1",12,0,"2024-02-14"
15809663,"Basic","N1",13,0,"2024-10-04"
15640078,"Plus","N3",9,1,"2023-06-20"
15698786,"Basic","S2",59,0,"2023-05-25"
15569807,"Basic","S2",45,0,"2024-05-02"
15730830,"Plus","S1",70,1,"2025-05-01"
15805112,"Basic","N1",43,1,"2023-12-20"
15633064,"Basic","W1",74,1,"2023-06-30"
15703119,"Plus","N2",23,0,"2023-06-10"
15730447,"Premium","W1",79,0,"2024-04-08"
15813850,"Basic","S2",45,0,"2023-03-01"
15711889,"Basic","W1",23,0,"2023-08-03"
15664610,"Basic","S2",34,0,"2024-08-02"
15751710,"Basic","W1",16,1,"2025-05-22"
15692926,"Basic","S2",63,1,"2023-07-11"
15813741,"Basic","S2",51,0,"2024-05-02"
15698474,"Basic","S1",32,0,"2023-08-13"
15568595,"Basic","N1",38,0,"2024-01-27"
15603065,"Basic","S2",56,0,"2024-12-09"
15592937,"Basic","N2",69,0,"2023-06-10"
15699637,"Basic","N2",17,0,"2025-01-30"
15667215,"Basic","N3",86,0,"2024-03-30"
15788659,"Basic","S2",39,1,"2023-04-21"
15763218,"Premium","S2",41,0,"2023-02-28"
15645772,"Plus","S2",48,0,"2024-06-28"
15725511,"Plus","W1",82,1,"2024-07-06"
15575024,"Plus","S2",28,0,"2024-11-03"
15640825,"Basic","S2",77,1,"2023-01-29"
15662397,"Basic","N2",50,0,"2025-02-05"
15576368,"Basic","N1",1,1,"2023-07-04"
15674991,"Plus","N1",50,0,"2025-05-22"
15721024,"Plus","N3",19,0,"2023-08-12"
15745621,"Basic","N2",98,0,"2023-12-23"
15642394,"Basic","S2",59,1,"2024-05-06"
15754605,"Basic","N1",68,0,"2025-01-02"
15607040,"Basic","S1",67,0,"2025-04-11"
15715142,"Plus","S1",41,0,"2024-08-20"
15810978,"Plus","S1",10,0,"2024-07-31"
15668886,"Basic","S2",28,0,"2023-04-24"
15780804,"Premium","S2",34,1,"2024-01-13"
15613880,"Plus","N3",39,1,"2025-02-15"
15775238,"Basic","N3",83,0,"2023-10-12"
15786905,"Basic","N3",56,0,"2023-04-07"
15747867,"Basic","W1",52,0,"2025-04-21"
15600337,"Basic","S1",100,0,"2023-05-04"
15801277,"Basic","S2",3,0,"2023-06-05"
15579334,"Basic","S1",23,1,"2023-04-20"
15802741,"Basic","N3",17,0,"2023-02-22"
15720649,"Basic","S2",71,0,"2023-06-23"
15589493,"Premium","N2",26,1,"2024-11-09"
15688251,"Basic","N1",18,0,"2024-08-10"
15665238,"Basic","N1",46,0,"2023-11-10"
15740900,"Basic","N3",70,1,"2024-12-26"
15681068,"Premium","S1",31,0,"2024-11-24"
15748625,"Basic","N2",93,0,"2024-01-25"
15727299,"Basic","S2",9,0,"2023-02-14"
15620204,"Premium","S1",35,0,"2024-10-24"
15669516,"Premium","N3",81,0,"2023-04-27"
15736534,"Plus","S1",60,0,"2023-05-02"
15803457,"Basic","N3",76,0,"2024-04-26"
15659098,"Basic","W1",63,0,"2023-06-19"
15603436,"Plus","N1",100,1,"2024-11-08"
15566292,"Premium","N1",52,0,"2024-02-04"
15808621,"Plus","S1",48,1,"2025-04-21"
15580148,"Plus","N2",61,1,"2024-10-22"
15776231,"Basic","S2",24,1,"2024-05-14"
15773809,"Plus","N3",74,0,"2023-03-15"
15649423,"Basic","S2",58,0,"2023-05-29"
15734886,"Basic","N1",64,0,"2024-06-20"
15722548,"Basic","N2",30,1,"2025-06-10"
15650288,"Basic","N2",29,0,"2023-03-02"
15629448,"Basic","S2",10,1,"2025-05-15"
15716164,"Basic","N1",39,0,"2023-02-23"
15807609,"Plus","S2",55,0,"2023-08-11"
15578977,"Basic","S1",28,0,"2024-12-31"
15677369,"Plus","N2",18,0,"2024-04-17"
15804072,"Basic","N2",41,0,"2023-11-12"
15696859,"Basic","S1",81,1,"2023-06-19"
15653780,"Basic","N1",75,0,"2024-12-01"
15721658,"Basic","N2",65,0,"2023-02-01"
15578761,"Basic","W1",81,0,"2023-02-22"
15736879,"Basic","W1",100,0,"2023-05-19"
15571973,"Basic","W1",100,0,"2024-01-09"
15626742,"Premium","N3",46,1,"2023-02-16"
15672692,"Basic","N3",60,1,"2023-03-31"
15673570,"Plus","N1",9,1,"2025-04-07"
15767432,"Basic","S1",45,0,"2023-02-05"
15654238,"Plus","S2",60,0,"2023-08-13"
15612525,"Plus","N1",28,1,"2024-07-07"
15812750,"Plus","S2",97,0,"2025-01-09"
15790757,"Basic","N1",3,0,"2023-09-26"
15723873,"Basic","N3",51,1,"2023-07-05"
15744607,"Basic","W1",8,1,"2024-01-06"
15612966,"Premium","S1",70,0,"2025-05-18"
15784209,"Plus","N3",59,0,"2023-08-23"
15794278,"Premium","S1",61,0,"2023-05-02"
15766741,"Basic","S2",58,0,"2024-02-28"
15661036,"Plus","N1",70,0,"2025-04-12"
15705639,"Premium","N2",93,0,"2024-01-24"
15637414,"Basic","N2",12,0,"2023-04-27"
15716835,"Basic","S1",9,1,"2024-04-10"
15696231,"Plus","W1",49,1,"2024-03-04"
15641675,"Plus","W1",83,0,"2025-05-18"
15670755,"Plus","S1",17,0,"2024-03-17"
15640059,"Basic","N3",54,0,"2023-02-08"
15787619,"Plus","N2",44,0,"2023-06-11"
15587535,"Basic","N3",32,0,"2024-09-12"
15813034,"Basic","S2",35,1,"2024-06-09"
15698839,"Basic","N2",78,0,"2023-06-15"
15790314,"Plus","S2",49,0,"2025-05-23"
15634245,"Plus","N1",54,0,"2024-03-20"
15677305,"Basic","N3",16,0,"2024-03-18"
15661526,"Basic","S1",85,0,"2023-11-27"
15685997,"Premium","N2",12,0,"2023-12-01"
15660101,"Basic","N3",88,0,"2023-04-22"
15637979,"Plus","S1",98,0,"2025-01-15"
15815364,"Basic","N1",8,0,"2024-12-14"
15647099,"Basic","N2",21,0,"2025-04-14"
15625944,"Basic","S2",48,0,"2023-05-19"
15583212,"Basic","N1",8,1,"2025-02-17"
15582741,"Plus","W1",28,0,"2025-02-22"
15637876,"Basic","S1",80,1,"2023-06-15"
15622750,"Basic","N2",10,0,"2024-02-18"
15672056,"Premium","N2",52,0,"2023-06-18"
15812351,"Basic","N1",15,0,"2025-02-07"
15810864,"Basic","N2",4,0,"2023-05-04"
15677921,"Premium","S1",90,0,"2024-07-03"
15724296,"Plus","N1",79,0,"2025-05-31"
15685329,"Basic","S2",100,1,"2025-01-30"
15584091,"Premium","N1",96,0,"2025-01-18"
15640442,"Plus","N1",62,0,"2023-04-08"
15639314,"Basic","S2",4,0,"2023-03-01"
15685320,"Basic","W1",41,0,"2023-01-19"
15789158,"Plus","S1",73,1,"2023-05-04"
15752137,"Plus","W1",99,1,"2023-08-14"
15712551,"Basic","W1",55,0,"2024-09-03"
15628936,"Premium","W1",28,0,"2023-11-20"
15797227,"Plus","N3",47,1,"2023-01-17"
15769974,"Basic","W1",9,0,"2025-01-29"
15737051,"Basic","N3",2,0,"2023-03-21"
15585595,"Basic","S2",67,1,"2024-08-19"
15654060,"Plus","S1",48,0,"2025-05-09"
15745196,"Basic","W1",69,0,"2024-03-31"
15571221,"Plus","N2",74,1,"2024-06-24"
15660155,"Plus","S2",28,1,"2024-10-07"
15694366,"Premium","N3",79,1,"2024-12-06"
15600739,"Basic","S1",14,0,"2024-09-22"
15653253,"Plus","N1",46,1,"2024-01-13"
15763431,"Basic","S1",87,1,"2025-05-28"
15643696,"Plus","S1",13,1,"2023-07-10"
15707473,"Basic","W1",16,0,"2024-10-26"
15769504,"Basic","W1",94,1,"2025-05-04"
15776807,"Plus","N3",40,0,"2024-05-05"
15686870,"Basic","N3",72,0,"2024-02-09"
15668747,"Basic","W1",81,0,"2023-09-29"
15766908,"Plus","W1",30,1,"2024-10-05"
15570134,"Plus","N2",81,1,"2025-05-24"
15567367,"Plus","N2",99,1,"2024-03-05"
15747542,"Plus","S2",65,0,"2024-06-03"
15762238,"Basic","W1",58,0,"2024-10-07"
15681554,"Basic","N1",88,0,"2025-06-11"
15712825,"Basic","N2",48,1,"2024-01-19"
15640280,"Basic","N3",49,0,"2025-03-31"
15756026,"Premium","S1",89,1,"2025-06-05"
15613319,"Plus","S2",2,0,"2023-07-11"
15798906,"Basic","N2",89,1,"2024-08-25"
15708917,"Basic","S1",14,0,"2024-03-10"
15778463,"Premium","S1",97,0,"2025-01-30"
15699430,"Basic","N2",17,1,"2025-02-02"
15649992,"Plus","N1",31,1,"2023-03-04"
15578980,"Basic","N1",10,0,"2023-08-04"
15775306,"Plus","S2",70,0,"2023-05-14"
15641655,"Basic","N1",89,1,"2024-09-10"
15619708,"Premium","S2",37,0,"2023-06-10"
15734565,"Premium","N3",64,1,"2023-09-15"
15806438,"Plus","N2",30,0,"2024-02-29"
15591969,"Plus","S1",34,1,"2024-06-11"
15747807,"Premium","S2",18,0,"2023-12-24"
15596939,"Plus","N1",88,1,"2024-01-10"
15716155,"Basic","S2",63,0,"2024-07-24"
15765311,"Plus","W1",49,0,"2023-01-09"
15757811,"Plus","S2",56,0,"2023-07-16"
15603830,"Basic","N1",91,1,"2023-04-27"
15660602,"Plus","W1",58,1,"2023-01-10"
15660535,"Premium","W1",27,0,"2025-05-11"
15666633,"Premium","N1",55,0,"2024-06-02"
15596914,"Basic","W1",85,1,"2023-12-15"
15639788,"Basic","N2",19,1,"2024-12-06"
15695846,"Premium","S1",23,0,"2024-02-08"
15726234,"Plus","N2",47,1,"2024-09-26"
15797964,"Basic","N2",79,1,"2024-07-28"
15625881,"Premium","N1",66,0,"2023-01-04"
15780628,"Premium","N1",99,0,"2025-03-06"
15575883,"Basic","S1",51,0,"2023-11-24"
15585036,"Plus","S2",84,1,"2025-01-31"
15589488,"Basic","N2",28,0,"2024-05-26"
15585888,"Basic","W1",57,1,"2023-05-10"
15727915,"Basic","S1",58,0,"2024-08-09"
15707567,"Plus","N2",15,1,"2024-04-28"
15737792,"Basic","S2",16,1,"2025-04-20"
15599433,"Basic","W1",97,0,"2023-12-24"
15672012,"Basic","N2",47,0,"2024-01-20"
15806983,"Basic","N3",63,0,"2023-09-11"
15592222,"Premium","S1",12,1,"2025-04-14"
15608968,"Basic","N1",43,1,"2023-06-16"
15586959,"Basic","N2",84,0,"2024-12-13"
15646558,"Plus","W1",29,0,"2024-11-10"
15725811,"Basic","W1",49,0,"2025-03-06"
15572265,"Basic","S1",3,0,"2024-04-13"
15794048,"Basic","S1",69,0,"2025-05-09"
15677610,"Basic","W1",60,0,"2024-05-07"
15745012,"Basic","W1",66,0,"2023-12-04"
15601589,"Basic","W1",87,0,"2023-02-20"
15686436,"Basic","N2",90,0,"2023-02-25"
15693864,"Premium","W1",26,1,"2023-03-14"
15760550,"Basic","N1",71,0,"2025-03-04"
15686137,"Plus","W1",74,0,"2024-08-22"
15809087,"Plus","N1",69,0,"2023-02-21"
15807663,"Basic","N2",47,0,"2023-05-05"
15809100,"Plus","S1",76,1,"2023-09-19"
15794916,"Basic","N1",96,0,"2025-06-03"
15614215,"Premium","N2",42,0,"2025-02-18"
15805449,"Basic","W1",31,0,"2024-07-28"
15686983,"Basic","N2",22,0,"2024-07-01"
15808017,"Basic","W1",17,0,"2024-06-04"
15756804,"Premium","N2",84,0,"2023-11-26"
15646810,"Basic","S1",20,0,"2023-11-19"
15710424,"Plus","N1",8,1,"2023-08-29"
15799422,"Basic","S1",98,0,"2023-10-12"
15692750,"Plus","N3",49,0,"2025-04-18"
15794549,"Basic","W1",87,1,"2024-08-24"
15803764,"Premium","N1",38,0,"2023-09-21"
15653762,"Basic","S1",53,1,"2023-10-26"
15581229,"Basic","N1",28,1,"2023-07-24"
15800228,"Basic","N3",77,0,"2023-10-18"
15656333,"Basic","S2",29,0,"2023-07-30"
15697497,"Plus","W1",72,0,"2024-01-01"
15585362,"Basic","W1",11,1,"2025-02-28"
15571928,"Plus","N2",47,0,"2024-04-08"
15785519,"Basic","W1",45,1,"2024-12-19"
15743007,"Basic","W1",18,1,"2023-11-18"
15777211,"Basic","S1",50,1,"2023-12-24"
15721935,"Basic","W1",89,1,"2023-04-04"
15591711,"Plus","W1",49,1,"2024-12-11"
15625021,"Basic","N3",22,1,"2025-05-12"
15702968,"Basic","N3",45,0,"2023-06-18"
15600462,"Premium","N1",61,1,"2023-10-24"
15768104,"Premium","N1",99,1,"2025-01-08"
15780140,"Basic","W1",93,0,"2024-05-30"
15585255,"Basic","W1",21,0,"2023-04-08"
15772781,"Plus","N2",71,0,"2024-12-05"
15669987,"Basic","N1",61,0,"2025-02-16"
15697000,"Basic","S1",76,0,"2023-12-16"
15733119,"Basic","W1",36,0,"2025-01-05"
15782390,"Plus","S1",24,1,"2024-08-01"
15654700,"Plus","W1",32,0,"2024-10-11"
15632210,"Basic","S1",91,1,"2025-04-20"
15709737,"Basic","S2",96,0,"2024-02-05"
15792388,"Basic","S1",59,0,"2025-01-20"
15786014,"Plus","N1",96,0,"2024-03-26"
15794580,"Basic","W1",96,0,"2024-04-19"
15675964,"Basic","N1",90,1,"2025-03-31"
15814275,"Plus","S1",75,1,"2024-02-23"
15724848,"Basic","N3",82,1,"2023-01-04"
15754713,"Plus","N3",5,0,"2023-11-20"
15693814,"Basic","N3",16,1,"2024-01-04"
15599660,"Basic","W1",11,0,"2025-05-13"
15746490,"Basic","N2",35,0,"2024-09-05"
15566091,"Plus","S2",75,1,"2024-01-30"
15655961,"Premium","S1",42,1,"2024-07-09"
15710404,"Plus","N2",87,0,"2023-04-29"
15775625,"Basic","N3",98,1,"2024-11-30"
15792328,"Plus","S1",81,1,"2025-01-12"
15719856,"Basic","N2",10,0,"2023-07-09"
15593773,"Basic","N1",82,0,"2024-09-13"
15797748,"Premium","N3",8,1,"2024-02-20"
15743411,"Basic","N2",26,1,"2025-03-24"
15753337,"Basic","W1",3,0,"2025-03-01"
15601026,"Basic","N1",59,0,"2023-04-16"
15658485,"Basic","N3",88,0,"2023-06-14"
15636731,"Basic","S2",3,0,"2024-09-29"
15628303,"Plus","N3",38,0,"2023-12-12"
15633461,"Basic","W1",2,0,"2023-04-08"
15677135,"Premium","S2",99,0,"2024-04-30"
15590876,"Plus","S2",17,1,"2023-11-27"
15790782,"Basic","S2",73,1,"2024-01-05"
15700476,"Basic","S1",36,1,"2024-03-17"
15634141,"Basic","S1",86,1,"2023-04-30"
15737795,"Plus","S2",95,1,"2025-05-02"
15790299,"Basic","N1",98,0,"2023-10-26"
15675316,"Plus","S2",88,1,"2025-05-05"
15613630,"Basic","N2",73,0,"2023-05-23"
15662100,"Plus","S2",2,0,"2024-12-07"
15668032,"Basic","S1",85,0,"2024-10-03"
15599289,"Basic","S1",34,0,"2024-09-07"
15754084,"Premium","N2",27,0,"2023-04-03"
15676521,"Plus","N2",37,1,"2023-10-24"
15804586,"Basic","N3",71,0,"2024-03-22"
15781465,"Premium","N1",22,1,"2024-04-24"
15729362,"Basic","N1",68,0,"2025-01-03"
15709295,"Premium","N1",14,1,"2024-12-12"
15745324,"Plus","W1",98,0,"2025-03-10"
15741336,"Basic","S1",23,0,"2025-05-23"
15783659,"Basic","N1",44,0,"2023-09-15"
15620981,"Basic","N3",89,0,"2024-06-05"
15630328,"Basic","N3",65,0,"2024-11-13"
15785899,"Plus","N1",79,0,"2024-01-10"
15606149,"Basic","N2",96,0,"2024-03-02"
15671139,"Basic","N3",78,0,"2023-04-11"
15571002,"Plus","N2",61,1,"2024-09-13"
15731522,"Premium","S1",85,0,"2025-01-28"
15619529,"Basic","W1",55,0,"2025-04-14"
15628034,"Basic","N3",71,1,"2023-09-01"
15686164,"Basic","N2",100,0,"2023-01-23"
15582797,"Basic","N1",85,0,"2023-12-20"
15753831,"Premium","S1",50,0,"2024-04-10"
15731815,"Basic","S2",12,0,"2023-08-13"
15580956,"Plus","S2",79,0,"2025-05-14"
15602084,"Basic","N1",15,0,"2024-03-19"
15589805,"Plus","S1",17,0,"2025-02-12"
15720893,"Plus","S1",34,1,"2023-09-26"
15641009,"Plus","S1",35,1,"2024-06-16"
15605926,"Basic","S1",39,1,"2023-11-10"
15805955,"Basic","S2",78,0,"2023-04-30"
15801488,"Basic","N2",55,0,"2024-04-25"
15605918,"Premium","S1",59,0,"2023-04-30"
15779711,"Premium","N2",5,0,"2024-12-10"
15705620,"Plus","S1",30,0,"2023-05-16"
15685357,"Plus","N3",4,1,"2023-03-18"
15570060,"Plus","W1",15,0,"2023-12-20"
15582616,"Basic","N3",35,0,"2023-02-27"
15799515,"Premium","W1",74,0,"2023-03-27"
15642937,"Basic","N3",55,1,"2023-01-01"
15624729,"Basic","S1",66,0,"2023-03-18"
15566156,"Basic","N2",60,0,"2024-06-05"
15792360,"Basic","W1",24,1,"2024-03-19"
15807008,"Basic","S2",92,0,"2024-08-03"
15704770,"Plus","N1",22,0,"2023-05-28"
15756475,"Basic","W1",44,1,"2024-07-27"
15655339,"Plus","W1",32,1,"2024-06-08"
15613749,"Basic","S2",95,0,"2023-07-05"
15664521,"Basic","S1",83,0,"2024-11-07"
15681206,"Basic","N3",51,0,"2024-06-05"
15745527,"Basic","N3",85,0,"2025-02-09"
15806926,"Plus","N2",3,0,"2023-06-11"
15724563,"Basic","S1",70,1,"2023-10-17"
15782899,"Plus","S2",32,0,"2024-02-25"
15623521,"Basic","S1",2,0,"2023-07-15"
15810218,"Plus","S1",88,0,"2023-02-03"
15645621,"Premium","N3",59,0,"2024-11-02"
15608114,"Plus","S2",91,0,"2024-08-19"
15659557,"Basic","N1",73,0,"2024-07-23"
15787772,"Basic","W1",77,1,"2025-05-22"
15691111,"Basic","N3",14,0,"2024-02-12"
15592089,"Plus","S2",51,0,"2025-02-15"
15633897,"Basic","N2",11,0,"2023-10-24"
15701301,"Basic","W1",78,0,"2024-06-20"
15723685,"Plus","W1",80,0,"2023-02-05"
15701602,"Basic","N3",10,1,"2023-09-21"
15739189,"Plus","N2",84,1,"2024-01-17"
15573086,"Basic","N3",80,0,"2023-04-24"
15569050,"Basic","S1",58,1,"2024-09-08"
15750765,"Plus","S2",34,0,"2024-08-27"
15799811,"Basic","N2",80,0,"2024-08-23"
15698442,"Plus","W1",78,0,"2024-03-18"
15655274,"Basic","N3",53,0,"2023-06-12"
15603594,"Basic","W1",28,0,"2023-02-07"
15585961,"Plus","N2",18,0,"2023-04-02"
15686936,"Plus","W1",26,0,"2024-09-22"
15770424,"Plus","N3",7,0,"2024-12-23"
15587451,"Basic","N3",45,0,"2024-11-02"
15602010,"Plus","N1",98,0,"2023-04-11"
15600583,"Basic","W1",45,1,"2025-05-30"
15654673,"Basic","N1",71,0,"2024-05-21"
15717164,"Premium","N1",97,0,"2023-06-28"
15765014,"Basic","W1",35,0,"2023-10-11"
15682639,"Premium","N2",52,1,"2023-12-21"
15729279,"Basic","S1",21,0,"2023-10-24"
15759805,"Basic","N3",28,1,"2025-06-04"
15767864,"Basic","S2",96,0,"2024-06-18"
15769948,"Premium","N1",44,1,"2024-05-02"
15686345,"Plus","N2",80,0,"2023-10-06"
15688071,"Plus","W1",56,0,"2024-06-27"
15681174,"Plus","N2",10,0,"2024-10-11"
15667521,"Plus","N2",23,0,"2024-08-15"
15750243,"Plus","W1",48,0,"2023-12-21"
15695475,"Basic","S2",52,0,"2023-11-15"
15689176,"Basic","W1",15,0,"2023-07-14"
15652955,"Basic","S2",55,0,"2025-03-14"
15668958,"Premium","W1",43,1,"2023-04-03"
15631054,"Premium","N1",50,1,"2024-03-08"
15581479,"Basic","S2",6,0,"2024-07-11"
15577478,"Plus","N1",33,0,"2023-01-27"
15780870,"Premium","S2",62,0,"2024-02-19"
15692317,"Basic","S2",55,1,"2023-06-11"
15593969,"Plus","W1",39,1,"2025-04-23"
15570417,"Premium","S2",12,1,"2023-04-11"
15779059,"Basic","N1",100,0,"2024-11-29"
15785980,"Plus","W1",31,1,"2024-04-17"
15644200,"Basic","N3",74,1,"2024-12-06"
15793949,"Premium","N1",53,0,"2023-06-07"
15645103,"Premium","N3",34,1,"2024-05-06"
15705860,"Premium","N2",41,0,"2023-01-09"
15623828,"Basic","W1",10,0,"2023-07-31"
15715003,"Premium","N2",52,1,"2024-03-14"
15623471,"Plus","W1",75,0,"2025-06-15"
15798348,"Basic","W1",57,1,"2025-04-03"
15743016,"Plus","N1",78,0,"2024-11-09"
15769499,"Basic","N3",3,1,"2025-05-04"
15798521,"Plus","W1",57,0,"2025-02-24"
15706534,"Basic","N3",33,1,"2025-03-20"
15706186,"Basic","W1",7,1,"2023-04-21"
15812197,"Basic","N3",4,0,"2025-04-20"
15650933,"Plus","N2",39,0,"2023-07-22"
15692991,"Basic","N1",48,1,"2025-01-29"
15631189,"Plus","W1",74,0,"2023-03-06"
15762198,"Basic","S1",79,0,"2024-12-15"
15699598,"Basic","N3",16,0,"2023-06-10"
15692744,"Basic","N3",38,1,"2024-02-18"
15599131,"Plus","S1",4,0,"2024-10-06"
15680303,"Basic","N1",4,1,"2024-11-20"
15628674,"Plus","N3",100,1,"2024-12-05"
15648075,"Premium","N1",27,0,"2023-09-23"
15586970,"Plus","N3",86,0,"2024-07-25"
15625698,"Basic","S2",86,1,"2023-07-24"
15790497,"Basic","N3",17,1,"2024-10-28"
15682618,"Premium","S2",98,0,"2024-08-06"
15762937,"Basic","W1",96,1,"2023-06-05"
15750929,"Premium","N1",70,0,"2023-06-22"
15729832,"Basic","N3",54,0,"2023-11-04"
15633650,"Premium","N2",97,1,"2024-03-25"
15589195,"Plus","N2",8,0,"2023-03-03"
15699911,"Premium","S1",53,0,"2024-01-08"
15663438,"Basic","N2",100,1,"2024-04-04"
15692583,"Plus","S2",5,0,"2024-04-19"
15591257,"Basic","N2",69,0,"2024-01-16"
15646513,"Basic","N2",47,0,"2024-12-17"
15708063,"Plus","N2",74,0,"2024-07-25"
15696098,"Premium","N3",40,0,"2023-03-27"
15645517,"Premium","S1",7,1,"2023-05-23"
15649744,"Plus","N1",12,0,"2025-05-12"
15604304,"Basic","S1",94,1,"2023-01-07"
15784092,"Basic","S2",25,1,"2023-10-22"
15585198,"Plus","N3",28,1,"2024-11-21"
15624347,"Basic","W1",43,0,"2025-01-08"
15621687,"Basic","N3",77,0,"2024-06-02"
15689081,"Basic","N2",47,0,"2024-10-13"
15813168,"Basic","N2",49,1,"2024-06-09"
15604295,"Basic","S2",86,0,"2023-02-03"
15724127,"Basic","W1",54,0,"2025-06-08"
15673055,"Basic","N3",18,0,"2025-01-21"
15768201,"Basic","W1",27,1,"2023-11-25"
15782219,"Premium","N1",72,0,"2025-04-11"
15746410,"Basic","S1",6,1,"2024-08-31"
15780144,"Basic","N3",75,0,"2025-02-18"
15590476,"Plus","W1",93,0,"2024-09-29"
15624293,"Basic","N1",69,0,"2023-02-03"
15618182,"Premium","N1",71,0,"2025-03-05"
15660316,"Plus","S1",22,1,"2024-02-10"
15678886,"Basic","N1",59,0,"2023-01-18"
15616330,"Basic","S2",47,0,"2024-03-05"
15592229,"Premium","N1",68,1,"2024-03-03"
15798424,"Premium","W1",32,0,"2023-10-20"
15714750,"Basic","S2",83,1,"2024-08-02"
15648800,"Plus","N1",97,0,"2025-01-18"
15626147,"Basic","N2",1,0,"2023-03-21"
15626608,"Premium","N1",54,0,"2023-03-27"
15723250,"Basic","S2",46,1,"2024-07-25"
15592583,"Premium","N1",41,0,"2023-02-17"
15759381,"Plus","N1",41,1,"2024-11-21"
15585241,"Plus","N1",8,1,"2025-05-17"
15589358,"Basic","S2",32,1,"2023-03-25"
15672704,"Basic","N1",30,1,"2024-08-29"
15789955,"Basic","S1",46,0,"2023-11-04"
15627305,"Basic","W1",92,0,"2023-09-09"
15645316,"Basic","S1",52,0,"2024-04-25"
15593973,"Plus","S2",96,0,"2025-04-24"
15647301,"Basic","N2",89,0,"2023-06-29"
15750258,"Basic","S1",98,0,"2024-08-18"
15685309,"Premium","W1",61,0,"2023-11-06"
15628205,"Premium","N3",97,0,"2024-03-01"
15733974,"Premium","W1",13,0,"2024-04-30"
15762110,"Premium","S1",89,0,"2024-10-23"
15706899,"Basic","N3",40,0,"2023-02-08"
15732660,"Basic","S2",61,0,"2023-10-06"
15656121,"Plus","W1",44,0,"2025-03-26"
15614220,"Plus","N2",62,1,"2024-09-16"
15645269,"Basic","N3",44,0,"2024-01-11"
15698510,"Plus","N3",48,1,"2024-09-30"
15566251,"Basic","S1",59,0,"2024-10-31"
15716134,"Basic","N3",57,0,"2024-12-18"
15763625,"Plus","S2",95,0,"2023-02-16"
15605965,"Plus","W1",11,0,"2024-04-28"
15694821,"Basic","S2",25,1,"2023-07-04"
15601688,"Premium","W1",61,1,"2023-03-13"
15575581,"Basic","S2",46,1,"2024-07-22"
15671209,"Basic","S1",54,0,"2025-01-20"
15616529,"Premium","W1",34,0,"2024-07-27"
15773906,"Premium","N2",84,0,"2023-12-08"
15722993,"Premium","S1",7,0,"2024-07-22"
15752463,"Plus","S2",97,1,"2023-08-31"
15589754,"Plus","W1",62,0,"2023-11-24"
15669899,"Plus","S1",57,1,"2024-09-27"
15766887,"Basic","S2",99,0,"2023-06-02"
15768006,"Basic","N1",93,0,"2023-09-12"
15741295,"Basic","N1",76,1,"2024-12-29"
15811327,"Basic","N3",5,1,"2024-02-28"
15690007,"Plus","N2",76,0,"2023-08-20"
15690664,"Basic","N1",93,0,"2024-06-12"
15719348,"Basic","S2",35,0,"2024-08-14"
15781802,"Basic","S1",84,0,"2024-05-10"
15752731,"Plus","W1",37,1,"2023-06-25"
15750776,"Basic","S1",60,0,"2024-07-04"
15723907,"Premium","N3",65,0,"2023-05-23"
15633419,"Basic","S1",16,0,"2023-01-17"
15702430,"Basic","N1",30,0,"2023-09-06"
15710456,"Plus","S1",73,0,"2023-02-04"
15650351,"Plus","N1",42,1,"2025-03-11"
15590820,"Basic","N1",61,0,"2023-05-26"
15640454,"Plus","N2",74,1,"2024-12-27"
15697789,"Plus","N3",77,0,"2023-06-14"
15808182,"Basic","S2",48,1,"2023-04-21"
15588670,"Premium","N1",62,1,"2024-10-08"
15721292,"Plus","W1",84,0,"2023-03-15"
15604217,"Plus","N3",93,0,"2024-10-29"
15651369,"Premium","S2",64,0,"2024-12-27"
15782454,"Premium","W1",57,0,"2023-12-20"
15814032,"Plus","S1",68,1,"2023-10-01"
15570326,"Plus","N3",46,0,"2023-10-06"
15624428,"Plus","W1",28,0,"2024-10-21"
15755638,"Plus","N3",77,0,"2023-01-31"
15600992,"Plus","N3",3,0,"2024-06-09"
15755649,"Plus","S1",37,0,"2024-06-18"
15795228,"Basic","S1",48,0,"2024-05-24"
15589257,"Premium","N3",19,1,"2024-05-28"
15719302,"Premium","W1",92,0,"2023-06-27"
15639882,"Basic","N2",83,0,"2023-11-25"
15791279,"Plus","N1",17,1,"2024-07-24"
15636935,"Basic","S1",82,0,"2025-03-11"
15686909,"Basic","N2",82,1,"2024-11-18"
15589572,"Plus","S1",87,1,"2023-06-21"
15779947,"Basic","N3",40,1,"2024-01-31"
15573769,"Plus","N2",50,0,"2024-08-17"
15578866,"Plus","W1",73,1,"2025-01-04"
15739131,"Basic","W1",29,1,"2023-02-04"
15813444,"Basic","S2",51,1,"2023-10-24"
15678058,"Basic","N1",42,0,"2024-04-13"
15769169,"Plus","N1",29,0,"2024-05-09"
15804602,"Premium","S1",66,0,"2024-09-13"
15651052,"Plus","N1",17,0,"2023-08-23"
15724334,"Basic","S2",31,0,"2023-02-08"
15569451,"Plus","W1",92,0,"2023-08-07"
15650098,"Basic","N2",52,1,"2023-08-05"
15724307,"Plus","N2",39,1,"2024-12-06"
15599268,"Basic","W1",60,1,"2024-11-05"
15594864,"Plus","N3",94,1,"2024-09-19"
15616451,"Basic","W1",99,1,"2025-04-19"
15715667,"Premium","N2",51,1,"2024-11-03"
15658969,"Basic","S1",84,0,"2024-08-23"
15738174,"Plus","S2",16,0,"2024-02-24"
15813590,"Premium","W1",98,0,"2024-10-14"
15624229,"Basic","N3",14,0,"2025-04-03"
15674148,"Premium","S1",90,1,"2023-06-23"
15625080,"Plus","W1",84,0,"2024-12-13"
15682528,"Basic","S1",42,0,"2025-05-16"
15696900,"Basic","W1",51,0,"2025-03-24"
15730038,"Plus","S1",24,0,"2025-05-17"
15812272,"Basic","N1",82,0,"2023-04-23"
15654654,"Plus","S1",43,1,"2025-05-28"
15697625,"Basic","N1",73,0,"2023-06-23"
15654229,"Plus","N2",19,0,"2023-03-15"
15628298,"Basic","N1",84,1,"2025-04-16"
15733387,"Premium","S1",61,1,"2025-03-09"
15775572,"Premium","S2",94,0,"2024-09-28"
15613844,"Premium","S2",63,0,"2024-06-19"
15578515,"Plus","N2",26,0,"2023-02-01"
15607598,"Basic","S1",95,1,"2023-09-11"
15742480,"Plus","N1",35,0,"2024-05-11"
15749482,"Basic","S2",67,0,"2023-04-23"
1594344744,"Basic","W1",56,0,"2023-07-14"
15575410,"Basic","N3",40,1,"2024-06-11"
15684865,"Basic","S1",29,0,"2024-03-16"
15600700,"Plus","W1",6,0,"2024-05-03"
15774155,"Plus","W1",52,0,"2024-05-11"
15634267,"Basic","S1",1,0,"2024-12-24"
15619626,"Basic","N3",52,0,"2024-09-11"
15660422,"Premium","S2",24,0,"2023-01-24"
15617934,"Basic","N3",34,0,"2023-10-17"
15760774,"Basic","N2",7,1,"2025-06-14"
15813132,"Basic","N1",75,0,"2023-11-04"
15593331,"Plus","N1",11,1,"2023-10-31"
15616709,"Plus","W1",36,0,"2025-05-04"
15658052,"Basic","S2",20,0,"2024-09-22"
15721189,"Basic","N3",63,0,"2024-11-23"
15711288,"Plus","W1",80,0,"2023-02-07"
15770030,"Plus","S1",63,0,"2024-01-21"
15803681,"Basic","W1",69,0,"2025-01-14"
15702789,"Premium","S1",88,1,"2024-08-03"
15814930,"Basic","S1",30,1,"2023-03-23"
15658306,"Basic","N2",30,0,"2023-04-28"
15699523,"Premium","N2",97,0,"2025-03-31"
15610383,"Basic","S1",84,0,"2023-02-19"
15615032,"Plus","S2",22,1,"2024-10-30"
15781989,"Basic","N2",61,0,"2023-03-15"
15647402,"Basic","N2",21,0,"2024-11-25"
15740494,"Premium","N1",37,0,"2023-04-16"
15701265,"Basic","W1",27,0,"2024-12-01"
15743532,"Premium","N1",35,0,"2025-03-28"
15794870,"Basic","S2",38,0,"2025-02-22"
15747591,"Basic","N2",60,0,"2024-08-21"
15726557,"Basic","N2",70,0,"2025-05-11"
15732199,"Plus","N3",32,0,"2023-11-22"
15662291,"Basic","S2",80,0,"2024-11-14"
15749050,"Premium","W1",92,0,"2025-02-02"
15781586,"Basic","W1",80,0,"2023-12-22"
15617078,"Premium","W1",27,0,"2024-04-12"
15723339,"Basic","S2",3,0,"2024-10-17"
15671322,"Premium","N3",49,1,"2023-10-11"
15793854,"Plus","N3",85,1,"2023-07-04"
15756539,"Plus","N1",30,0,"2023-06-03"
15612064,"Plus","S2",22,0,"2025-05-03"
15625916,"Plus","S2",19,1,"2023-04-28"
15683195,"Plus","N3",31,0,"2023-09-24"
15690182,"Basic","S1",20,0,"2024-01-20"
15721719,"Basic","S1",19,1,"2025-04-16"
15641690,"Premium","N1",2,0,"2023-09-12"
15634896,"Plus","S1",40,0,"2023-08-29"
15671590,"Plus","S1",39,0,"2023-06-20"
15779182,"Basic","S1",91,0,"2024-09-08"
15778287,"Basic","N2",72,0,"2024-07-01"
15742229,"Basic","N1",54,0,"2024-07-31"
15658532,"Plus","N3",27,0,"2023-07-04"
15590993,"Basic","S1",79,0,"2024-12-02"
15565701,"Basic","W1",12,0,"2024-10-28"
15597239,"Basic","N2",78,0,"2025-06-11"
15688880,"Basic","S1",71,0,"2024-02-14"
15813917,"Plus","N2",17,0,"2025-01-08"
15679611,"Basic","N1",90,0,"2024-10-14"
15636589,"Plus","W1",84,0,"2024-08-10"
15687752,"Basic","W1",10,0,"2023-05-26"
15584363,"Basic","W1",19,0,"2023-02-07"
15737748,"Basic","S1",82,0,"2024-05-04"
15803365,"Basic","N2",30,0,"2023-09-19"
15793247,"Basic","W1",30,0,"2023-05-06"
15572360,"Basic","S2",25,0,"2024-08-26"
15795166,"Plus","S2",88,1,"2025-03-06"
15724620,"Basic","N2",74,0,"2023-12-11"
15800856,"Plus","S1",66,0,"2023-09-18"
15683930,"Premium","S1",96,1,"2024-03-18"
15749004,"Plus","N1",35,0,"2025-05-28"
15800434,"Basic","N1",51,1,"2023-04-18"
15709117,"Basic","W1",71,1,"2024-07-10"
15638806,"Basic","N3",71,0,"2025-05-29"
15662294,"Basic","N1",27,1,"2024-03-12"
15690079,"Premium","S1",10,1,"2024-05-28"
15759317,"Basic","N3",97,1,"2024-12-13"
15750497,"Basic","N1",43,0,"2023-03-31"
15596181,"Plus","N2",55,0,"2023-08-03"
15576602,"Plus","S2",71,0,"2024-09-18"
15644833,"Plus","N1",6,0,"2023-11-15"
15734634,"Basic","N1",6,0,"2024-08-26"
15808689,"Basic","N2",77,0,"2025-04-17"
15720702,"Basic","S1",48,1,"2024-11-28"
15665077,"Basic","W1",77,0,"2025-02-10"
15763612,"Basic","N2",2,1,"2024-10-31"
15596493,"Basic","W1",83,0,"2023-02-26"
157044830,"Basic","N1",51,0,"2024-07-12"
15598846,"Basic","S1",61,0,"2024-02-06"
15629244,"Basic","N3",19,0,"2023-08-10"
15765537,"Plus","N1",2,1,"2024-04-19"
15729975,"Plus","N2",51,0,"2023-04-18"
15682773,"Plus","N3",26,0,"2025-05-12"
15688007,"Basic","S2",70,0,"2025-03-22"
15574331,"Basic","N3",20,0,"2023-06-29"
15645572,"Basic","N2",23,0,"2023-06-26"
15742854,"Plus","N3",54,0,"2024-05-01"
15575417,"Plus","N2",15,0,"2024-02-18"
15796721,"Basic","N1",6,0,"2024-11-22"
15734942,"Premium","S1",92,0,"2023-02-06"
15664772,"Basic","S2",35,1,"2024-07-28"
15576683,"Basic","S1",75,0,"2023-09-25"
15682563,"Plus","S1",8,0,"2025-02-23"
15650889,"Premium","S1",57,0,"2025-03-12"
15612108,"Plus","N2",50,1,"2024-01-23"
15761132,"Plus","N2",49,1,"2023-12-20"
15645511,"Basic","S2",88,1,"2025-03-24"
15609824,"Plus","N2",21,0,"2023-09-27"
15640268,"Basic","W1",36,0,"2023-09-26"
15645778,"Premium","N2",71,0,"2024-03-17"
15691104,"Basic","N2",69,1,"2023-11-01"
15714567,"Plus","N2",58,0,"2023-09-03"
15777826,"Basic","N1",63,0,"2023-06-27"
15668445,"Plus","S2",93,1,"2023-03-08"
15576162,"Basic","W1",16,0,"2023-10-04"
15778135,"Plus","N2",6,0,"2023-07-27"
15613141,"Basic","S2",78,0,"2023-11-03"
15635435,"Basic","N3",52,0,"2024-07-03"
15596552,"Basic","N1",2,0,"2024-09-22"
15623644,"Basic","N2",89,0,"2024-06-21"
15683403,"Premium","W1",95,1,"2024-06-01"
15615029,"Basic","N1",77,1,"2023-10-01"
15769005,"Premium","W1",18,0,"2023-08-21"
15746326,"Basic","N1",81,0,"2023-04-24"
15722364,"Basic","N3",92,0,"2023-05-14"
15704954,"Plus","S2",76,0,"2024-02-29"
15694409,"Plus","N1",35,0,"2025-04-04"
15754068,"Basic","S1",86,0,"2024-11-20"
15683841,"Plus","N3",39,1,"2023-01-25"
15789095,"Plus","S1",1,1,"2024-07-13"
15719958,"Basic","N3",37,0,"2023-10-07"
15621353,"Premium","S1",21,0,"2023-12-09"
15627232,"Premium","S1",1,0,"2025-03-23"
15745843,"Plus","W1",4,0,"2025-03-21"
15722902,"Basic","N1",96,0,"2023-03-13"
15791767,"Plus","N1",58,1,"2023-07-20"
15792722,"Basic","N3",1,1,"2023-11-22"
15771942,"Basic","W1",46,0,"2023-04-07"
15774738,"Basic","N1",47,1,"2024-07-10"
15574004,"Premium","N1",81,1,"2023-09-20"
15587233,"Plus","W1",76,0,"2025-05-23"
15808228,"Plus","N2",7,0,"2023-03-11"
15682834,"Basic","W1",51,1,"2025-03-23"
15571752,"Basic","N1",3,0,"2023-10-20"
15743067,"Basic","S2",50,0,"2024-12-30"
15714466,"Premium","N2",26,0,"2023-07-26"
15617982,"Basic","S1",31,1,"2023-06-21"
15696637,"Premium","W1",100,0,"2025-01-27"
15690647,"Plus","S1",62,0,"2024-01-30"
15672756,"Basic","N2",26,1,"2023-09-13"
15704586,"Plus","N2",67,1,"2023-09-21"
15775295,"Basic","N2",55,1,"2023-09-21"
15684196,"Premium","N3",28,0,"2024-05-31"
15727281,"Premium","W1",44,0,"2023-01-10"
15787835,"Basic","S2",81,0,"2023-09-28"
15730540,"Basic","S2",38,0,"2025-01-11"
15646276,"Plus","S1",30,1,"2023-11-08"
15582180,"Premium","S1",66,1,"2024-01-05"
15697095,"Basic","S1",8,0,"2024-07-20"
15748797,"Plus","W1",14,0,"2025-06-17"
15754796,"Plus","N1",99,0,"2024-07-06"
15628947,"Plus","S1",62,0,"2024-10-11"
15775546,"Basic","N2",75,0,"2024-01-26"
15670481,"Plus","S1",63,0,"2023-04-25"
15619029,"Premium","N2",79,0,"2024-07-28"
15613282,"Basic","N3",66,1,"2023-12-10"
15721487,"Basic","N1",96,0,"2024-02-14"
15797276,"Premium","N1",40,0,"2024-06-29"
15612494,"Basic","W1",13,1,"2024-01-13"
15629617,"Premium","W1",17,0,"2025-02-02"
15600821,"Basic","S2",15,0,"2024-03-31"
15579062,"Basic","N3",33,0,"2024-02-27"
15814268,"Premium","W1",16,1,"2024-03-19"
15710164,"Basic","N2",13,1,"2023-07-16"
15693904,"Basic","N3",86,1,"2025-05-17"
15588986,"Basic","N1",23,0,"2023-12-29"
15797733,"Plus","N2",36,1,"2024-02-14"
15620507,"Basic","N3",43,0,"2025-02-02"
15685150,"Basic","N1",50,0,"2024-07-27"
15667651,"Premium","W1",74,1,"2024-01-29"
15774166,"Basic","N2",81,0,"2025-01-06"
15649280,"Plus","N2",94,1,"2024-05-23"
15705657,"Basic","N1",13,1,"2025-05-17"
15753969,"Plus","N2",30,0,"2024-07-19"
15742378,"Basic","W1",57,0,"2024-11-01"
15794874,"Premium","W1",30,0,"2023-10-21"
15589221,"Basic","W1",71,1,"2025-05-31"
15596671,"Basic","N1",10,0,"2023-01-25"
15583668,"Basic","S1",99,1,"2023-08-25"
15710206,"Basic","S1",66,0,"2024-04-05"
15799966,"Basic","N2",94,0,"2023-11-17"
15794560,"Basic","W1",83,0,"2023-04-10"
15626485,"Plus","N2",39,0,"2025-01-09"
15703143,"Basic","N1",37,1,"2024-11-20"
15809772,"Basic","N2",3,0,"2024-02-12"
15687959,"Plus","S2",89,0,"2023-06-04"
15585282,"Plus","S1",34,0,"2024-03-09"
15714993,"Basic","N2",86,0,"2025-01-20"
15596021,"Basic","N2",38,0,"2024-03-09"
15646615,"Basic","N3",14,1,"2023-05-23"
15742632,"Plus","N2",64,0,"2024-06-12"
15574068,"Plus","S2",39,0,"2023-10-12"
15806967,"Basic","S1",54,0,"2023-01-05"
15796334,"Plus","N3",2,0,"2024-06-06"
15796179,"Plus","N1",96,0,"2024-12-20"
15598751,"Plus","N1",43,0,"2024-03-11"
15703019,"Premium","S1",53,0,"2024-02-22"
15646302,"Basic","N1",3,0,"2023-03-22"
15680855,"Basic","S2",41,0,"2024-06-28"
15697311,"Basic","N2",8,1,"2025-03-27"
15585367,"Basic","S1",90,0,"2024-01-12"
15726556,"Basic","N3",96,0,"2023-06-08"
15676242,"Premium","N2",75,0,"2025-02-24"
15684198,"Basic","N1",63,1,"2024-09-18"
15774882,"Basic","N1",65,1,"2023-08-05"
15714227,"Basic","N3",79,0,"2025-02-11"
15608653,"Premium","S2",4,0,"2024-10-31"
15784280,"Basic","N3",68,1,"2023-02-14"
15789546,"Basic","S1",92,0,"2024-09-23"
15590320,"Basic","N3",10,1,"2023-08-03"
15678385,"Basic","N1",75,0,"2024-05-25"
15571778,"Premium","S2",50,0,"2023-05-08"
15657085,"Premium","S2",23,0,"2023-09-11"
15640627,"Basic","W1",61,0,"2024-07-03"
15566211,"Premium","N3",47,1,"2025-05-26"
15669293,"Plus","S1",3,1,"2024-12-22"
15595067,"Premium","N1",17,0,"2023-12-18"
15753566,"Basic","N2",22,0,"2024-08-28"
15650391,"Basic","S2",91,1,"2024-06-24"
15681843,"Basic","N3",16,0,"2023-06-13"
15814846,"Plus","W1",80,0,"2024-10-10"
15670374,"Basic","S1",3,0,"2024-06-18"
15700223,"Basic","N1",33,1,"2024-08-20"
15729956,"Plus","S2",42,0,"2024-11-26"
15594862,"Basic","N1",2,0,"2024-05-18"
15598782,"Plus","W1",39,1,"2024-02-28"
15745080,"Premium","N2",46,0,"2025-01-18"
15703399,"Basic","N2",48,0,"2023-07-03"
15732175,"Plus","N2",27,1,"2025-04-05"
15630725,"Basic","S1",15,0,"2024-11-01"
15640260,"Premium","S2",7,0,"2024-06-06"
15716822,"Basic","N1",57,0,"2024-07-07"
15605968,"Plus","N1",42,1,"2023-08-23"
15790683,"Plus","W1",9,0,"2023-05-11"
15607713,"Premium","N2",6,0,"2024-11-27"
15700212,"Plus","S2",57,0,"2023-01-14"
15626710,"Basic","S2",76,1,"2025-03-24"
15716491,"Plus","W1",30,0,"2025-02-04"
15625824,"Premium","N3",55,1,"2024-10-20"
15761976,"Plus","S2",84,0,"2024-01-15"
15634891,"Basic","S2",84,0,"2023-03-01"
15744517,"Premium","N1",54,1,"2023-10-19"
15686963,"Plus","W1",27,0,"2023-06-09"
15808189,"Plus","S2",84,0,"2024-03-22"
15580845,"Basic","S2",59,0,"2024-06-21"
15799156,"Plus","N1",7,0,"2024-07-30"
15694296,"Basic","S2",40,0,"2024-01-21"
15677049,"Plus","N1",94,1,"2023-03-11"
15583595,"Basic","N3",72,1,"2024-01-17"
15590146,"Plus","S1",2,0,"2024-11-15"
15801548,"Premium","N1",14,1,"2023-08-13"
15660833,"Basic","N1",10,0,"2024-05-22"
15762277,"Premium","S2",50,0,"2024-10-26"
15791302,"Basic","N1",18,0,"2023-02-09"
15798975,"Premium","W1",18,0,"2023-05-26"
15577274,"Plus","N2",16,0,"2024-01-01"
15701200,"Plus","N2",52,1,"2024-09-01"
15638149,"Plus","N3",69,1,"2023-09-05"
15786199,"Premium","N1",52,0,"2023-01-12"
15701765,"Basic","W1",31,0,"2024-06-19"
15586974,"Basic","S2",84,0,"2025-01-06"
15729040,"Plus","S2",23,1,"2024-05-24"
15788676,"Plus","S1",96,0,"2023-09-02"
15602497,"Plus","N3",42,0,"2023-06-20"
15701333,"Plus","W1",81,1,"2023-02-01"
15812071,"Basic","W1",62,0,"2024-09-17"
15738267,"Plus","S2",77,0,"2024-12-21"
15786800,"Basic","S1",50,0,"2025-03-25"
15591130,"Basic","S2",77,0,"2024-03-04"
15720662,"Basic","S1",81,0,"2023-02-04"
15751531,"Basic","N2",15,0,"2023-07-24"
15653595,"Basic","W1",90,0,"2025-06-08"
15568360,"Basic","N2",44,0,"2024-01-19"
15781210,"Plus","S2",92,0,"2023-09-23"
15668058,"Basic","N3",42,0,"2024-07-30"
15597131,"Basic","N1",45,0,"2024-03-18"
15697283,"Basic","N3",94,1,"2024-09-01"
15640953,"Basic","N3",35,0,"2024-11-27"
15715031,"Basic","N1",22,0,"2025-01-19"
15589660,"Basic","W1",74,0,"2024-04-29"
15769818,"Plus","N2",75,0,"2024-04-14"
15782736,"Plus","N2",38,0,"2023-09-23"
15794014,"Basic","N1",70,0,"2023-04-19"
15732448,"Basic","S1",64,1,"2024-05-03"
15723411,"Premium","N3",7,0,"2023-06-27"
15797686,"Basic","S2",44,0,"2023-09-06"
15605950,"Basic","N2",76,1,"2025-04-15"
15812497,"Basic","W1",7,0,"2025-05-21"
15690678,"Basic","S2",66,0,"2023-01-05"
15747677,"Basic","N1",60,0,"2023-06-06"
15618926,"Basic","S2",1,0,"2023-08-18"
15673908,"Plus","S2",62,0,"2024-09-19"
15727944,"Basic","N3",87,1,"2023-09-18"
15807294,"Plus","N1",89,0,"2025-04-07"
15618581,"Plus","S2",18,1,"2023-11-17"
15584364,"Plus","N2",7,0,"2023-05-07"
15599552,"Plus","N1",54,0,"2023-01-28"
15749177,"Premium","N2",67,0,"2025-04-30"
15718779,"Basic","W1",93,0,"2024-05-24"
15568106,"Basic","W1",10,0,"2023-08-16"
15779481,"Basic","S1",61,0,"2024-10-02"
15709994,"Plus","W1",59,1,"2024-06-24"
15772777,"Premium","S2",59,1,"2023-06-28"
15706815,"Basic","N1",69,1,"2024-11-06"
15618018,"Premium","W1",63,0,"2024-11-02"
15634281,"Premium","S2",8,0,"2023-10-15"
15766374,"Basic","W1",78,1,"2024-05-08"
15600991,"Basic","N3",55,0,"2023-09-22"
15777576,"Basic","N2",6,0,"2024-04-11"
15742613,"Basic","N2",1,1,"2024-01-30"
15649523,"Basic","S1",56,0,"2024-03-07"
15651063,"Basic","N3",97,1,"2024-03-10"
15683124,"Plus","S1",75,0,"2024-01-23"
15618314,"Basic","W1",88,0,"2025-03-19"
15607133,"Basic","N3",10,1,"2024-06-20"
15615012,"Plus","N2",23,0,"2023-05-25"
15725141,"Plus","S1",16,1,"2023-06-24"
15623560,"Basic","S2",16,0,"2024-06-03"
15693018,"Basic","N3",56,0,"2023-11-10"
15636756,"Basic","N2",95,0,"2024-09-12"
15647474,"Basic","N1",6,0,"2023-05-09"
15576714,"Plus","N3",30,1,"2024-05-28"
15585047,"Basic","N3",63,0,"2023-01-10"
15743976,"Basic","W1",1,0,"2023-12-13"
15793881,"Plus","S2",51,1,"2023-04-27"
15576517,"Basic","W1",89,0,"2024-02-15"
15631072,"Plus","N3",46,1,"2024-02-01"
15730394,"Basic","N3",21,1,"2025-04-10"
15631460,"Premium","S2",99,0,"2023-01-11"
15692002,"Basic","S2",38,0,"2024-02-02"
15595282,"Plus","S1",69,0,"2024-08-30"
15789548,"Plus","N2",63,1,"2025-06-10"
15758035,"Basic","N2",50,0,"2023-04-03"
15617518,"Plus","S1",12,1,"2023-04-12"
15651802,"Premium","N2",69,0,"2023-04-08"
15631813,"Plus","N3",73,1,"2023-10-09"
15729668,"Plus","S1",44,1,"2025-03-17"
15741728,"Premium","S1",52,1,"2025-05-09"
15576676,"Basic","N2",9,0,"2024-10-29"
15711378,"Basic","N1",99,0,"2024-10-18"
15765520,"Plus","N2",65,0,"2024-02-25"
15656726,"Basic","W1",10,0,"2023-12-30"
15647842,"Plus","N1",46,0,"2023-07-30"
15719309,"Premium","S1",100,1,"2024-10-28"
15748718,"Basic","N1",58,1,"2025-01-23"
15594404,"Basic","N3",37,0,"2024-05-22"
15751158,"Plus","S2",52,1,"2023-03-17"
15593470,"Basic","N1",99,0,"2023-11-19"
15695129,"Plus","W1",81,0,"2025-06-08"
15640865,"Basic","S2",13,1,"2024-03-27"
15714080,"Plus","N3",6,1,"2024-11-17"
15648721,"Basic","W1",58,0,"2024-09-14"
15801466,"Plus","S2",48,1,"2023-01-18"
15750248,"Basic","N3",32,1,"2023-10-18"
15758726,"Plus","S2",11,0,"2025-02-24"
15781553,"Basic","S2",81,0,"2025-01-19"
15649121,"Plus","N2",5,1,"2023-07-17"
15674811,"Premium","W1",6,1,"2023-06-11"
15646037,"Basic","W1",74,0,"2024-02-21"
15722578,"Basic","N1",97,0,"2024-01-19"
15665695,"Basic","W1",94,0,"2023-07-19"
15801062,"Plus","W1",21,1,"2025-01-15"
15662955,"Plus","S2",42,0,"2025-06-13"
15770309,"Basic","S1",81,0,"2025-05-01"
15657386,"Basic","N2",27,1,"2024-05-12"
15777797,"Basic","N1",3,0,"2023-02-12"
15783955,"Plus","N2",60,1,"2023-03-23"
15804516,"Basic","N1",93,1,"2024-06-22"
15681758,"Premium","N3",66,1,"2023-10-31"
15630321,"Basic","S2",93,1,"2024-08-03"
15588248,"Plus","W1",49,1,"2023-07-18"
15591932,"Basic","W1",100,0,"2024-02-10"
15810347,"Basic","S1",34,1,"2024-03-02"
15595303,"Plus","N2",37,0,"2024-04-05"
15634950,"Plus","N2",42,0,"2025-06-02"
15685372,"Premium","N2",65,0,"2024-04-24"
15745827,"Basic","W1",60,0,"2024-12-28"
15755868,"Basic","N2",90,0,"2023-05-04"
15735222,"Plus","S2",1,0,"2024-06-11"
15604804,"Plus","N1",59,0,"2024-09-29"
15718944,"Basic","W1",4,1,"2024-06-09"
15678626,"Basic","S2",14,0,"2023-02-08"
15571550,"Basic","N3",18,0,"2023-07-18"
15723053,"Premium","S2",34,0,"2023-04-18"
15661528,"Basic","S2",1,0,"2023-09-25"
15754177,"Basic","N3",53,1,"2023-12-19"
15683544,"Basic","S2",22,0,"2023-11-07"
15708048,"Basic","N1",80,0,"2024-01-25"
15701109,"Basic","W1",61,1,"2023-02-09"
15600110,"Basic","S1",22,0,"2025-05-08"
15651533,"Basic","N3",50,1,"2025-02-19"
15777904,"Plus","W1",16,0,"2024-08-03"
15655574,"Basic","N2",28,0,"2023-06-01"
15569423,"Basic","N1",92,0,"2023-07-06"
15718106,"Premium","S1",86,0,"2024-03-05"
15585067,"Plus","N1",70,0,"2025-05-13"
15675501,"Basic","N1",89,0,"2024-04-01"
15633233,"Basic","N2",42,1,"2025-01-22"
15667134,"Basic","S1",66,1,"2023-08-15"
15659105,"Plus","N1",71,0,"2024-03-03"
15575409,"Premium","N2",81,0,"2023-07-23"
15752342,"Plus","N3",35,1,"2025-02-17"
15654851,"Plus","N2",20,0,"2023-04-28"
15741429,"Plus","S2",2,0,"2025-04-08"
15682356,"Basic","W1",7,0,"2025-03-14"
15806447,"Basic","N2",96,1,"2024-01-29"
15800229,"Plus","N2",49,0,"2023-08-10"
15663441,"Premium","N2",83,1,"2025-06-15"
15791991,"Basic","N1",76,0,"2023-03-04"
15775082,"Plus","S1",9,0,"2024-01-31"
15579706,"Basic","N2",27,0,"2023-01-05"
15718247,"Basic","N2",78,0,"2023-11-30"
15755722,"Basic","S2",2,0,"2023-10-19"
15582259,"Basic","S2",85,1,"2024-05-22"
15716994,"Plus","N3",68,0,"2023-05-25"
15586880,"Basic","N3",60,1,"2024-10-23"
15713854,"Plus","S2",85,0,"2023-06-08"
15780835,"Plus","S1",86,0,"2025-02-19"
15675896,"Premium","N3",49,0,"2025-04-10"
15658459,"Basic","W1",2,0,"2023-01-11"
15658057,"Basic","W1",17,0,"2023-03-10"
15801767,"Basic","S1",83,1,"2024-12-04"
15569178,"Premium","S2",88,0,"2024-09-05"
15731478,"Premium","N3",20,0,"2024-06-27"
15811236,"Basic","N2",76,0,"2023-07-21"
15746749,"Plus","S2",89,1,"2023-09-23"
15662758,"Basic","N3",87,1,"2023-04-18"
15709387,"Plus","S1",98,0,"2023-02-23"
15572093,"Basic","W1",32,0,"2023-12-04"
15713826,"Plus","S1",51,1,"2023-07-09"
15570205,"Basic","N3",88,1,"2023-08-27"
15804610,"Plus","N3",63,0,"2025-04-29"
15700854,"Plus","N3",89,1,"2023-10-18"
15758836,"Basic","S1",61,0,"2023-11-19"
15772933,"Basic","N1",62,0,"2023-11-17"
15809006,"Basic","N2",3,0,"2025-02-23"
15689612,"Basic","S2",89,0,"2023-02-11"
15744614,"Basic","W1",92,1,"2023-07-17"
15704250,"Premium","N2",76,0,"2025-06-07"
15700255,"Plus","S2",26,1,"2024-09-24"
15669410,"Basic","S2",48,0,"2025-04-25"
15807595,"Basic","W1",8,1,"2023-10-11"
15664523,"Basic","N2",5,0,"2025-03-17"
15642833,"Plus","W1",11,0,"2023-07-01"
15605279,"Basic","N3",42,1,"2024-09-03"
15713644,"Premium","W1",99,0,"2023-01-11"
15750466,"Basic","S1",91,0,"2025-06-01"
15739054,"Premium","N1",41,0,"2025-01-14"
15612771,"Premium","N1",19,0,"2024-03-17"
15788483,"Basic","N1",48,0,"2024-09-20"
15732832,"Premium","N2",53,1,"2024-02-28"
15772892,"Basic","N2",55,0,"2024-05-14"
15713843,"Plus","N3",61,0,"2024-01-23"
15567993,"Basic","N1",32,0,"2024-07-29"
15617603,"Premium","N3",46,0,"2024-11-18"
15744983,"Premium","N1",92,1,"2024-03-29"
15630419,"Plus","N2",36,1,"2024-08-17"
15738828,"Plus","S1",18,0,"2023-01-02"
15778025,"Basic","S1",74,0,"2025-03-21"
15799479,"Basic","S1",96,0,"2024-12-29"
15684269,"Basic","W1",18,0,"2023-08-30"
15762745,"Basic","S1",12,0,"2025-03-19"
15746970,"Plus","S2",72,0,"2023-03-01"
15725024,"Basic","N1",97,0,"2024-01-03"
15592116,"Premium","S1",46,0,"2024-12-15"
15624391,"Plus","S2",55,0,"2023-02-09"
15567422,"Plus","S2",38,0,"2023-11-11"
15612627,"Basic","S2",78,1,"2024-07-10"
15574879,"Premium","N3",2,0,"2023-10-25"
15745107,"Premium","N3",9,0,"2024-09-22"
15734491,"Basic","S2",5,0,"2024-10-04"
15675320,"Plus","W1",98,1,"2024-03-25"
15643824,"Plus","S1",19,0,"2024-01-30"
15643438,"Basic","N1",71,0,"2025-03-02"
15721730,"Basic","W1",39,0,"2024-07-15"
15680727,"Basic","N2",42,1,"2023-03-29"
15752508,"Basic","N3",17,1,"2024-06-16"
15808846,"Basic","S1",63,0,"2024-01-23"
15727251,"Basic","S1",90,1,"2025-01-13"
15663489,"Basic","N2",46,1,"2024-01-16"
15683677,"Basic","N2",91,1,"2024-07-08"
15596414,"Premium","S1",92,1,"2024-03-06"
15730639,"Basic","N2",20,0,"2024-06-18"
15672132,"Premium","S1",70,1,"2023-08-04"
15742638,"Basic","W1",8,0,"2023-10-04"
15578603,"Basic","N2",96,0,"2023-07-13"
15726088,"Basic","W1",19,0,"2024-12-27"
15682533,"Basic","W1",32,0,"2023-06-28"
15772995,"Basic","N2",19,0,"2023-05-23"
15765694,"Plus","S1",24,1,"2025-04-05"
15659486,"Basic","S2",24,0,"2024-06-21"
15568963,"Plus","S1",56,0,"2023-08-06"
15569410,"Basic","N2",18,0,"2023-02-28"
15632256,"Basic","N3",12,1,"2023-12-12"
15724466,"Plus","N2",41,0,"2024-07-10"
15777639,"Basic","N1",87,0,"2024-02-23"
15802501,"Basic","W1",48,1,"2023-08-12"
15778410,"Premium","N3",82,0,"2023-12-16"
15670702,"Basic","N3",64,1,"2025-02-06"
15704763,"Plus","S1",16,0,"2024-09-13"
15645544,"Premium","S2",80,1,"2025-04-11"
15757646,"Basic","S1",100,0,"2025-05-01"
15701121,"Basic","N3",23,1,"2025-01-31"
15796313,"Basic","N3",86,0,"2023-03-18"
15815660,"Basic","S2",39,0,"2025-03-05"
15602844,"Basic","N2",33,1,"2024-08-21"
15636238,"Plus","S2",24,0,"2025-01-31"
15770101,"Basic","W1",61,1,"2023-07-27"
15645543,"Basic","S1",55,1,"2023-06-08"
15596397,"Premium","N2",61,0,"2024-06-07"
15770525,"Plus","S1",84,0,"2023-08-13"
15684267,"Plus","S2",97,1,"2023-12-24"
15689980,"Basic","N2",95,1,"2025-03-23"
15633260,"Plus","S2",40,0,"2024-01-19"
15756471,"Basic","W1",58,0,"2024-06-27"
15721303,"Basic","N1",72,0,"2024-07-19"
15802256,"Basic","N3",74,0,"2024-05-18"
15725664,"Premium","N2",1,0,"2024-03-25"
15674851,"Basic","N3",85,1,"2023-08-30"
15701946,"Basic","N1",25,1,"2024-01-04"
15748947,"Basic","N2",96,1,"2024-09-18"
15673342,"Basic","N3",53,0,"2024-04-15"
15601008,"Plus","N3",61,0,"2023-10-15"
15771636,"Plus","N2",46,1,"2024-02-03"
15642002,"Plus","N3",74,1,"2023-04-14"
15693381,"Basic","N3",60,0,"2023-11-07"
15607691,"Basic","N2",51,0,"2025-03-19"
15589380,"Basic","N3",73,0,"2023-05-07"
15603846,"Basic","N3",84,0,"2023-02-09"
15753549,"Basic","S1",48,0,"2023-03-13"
15725355,"Plus","W1",84,0,"2025-01-16"
15773017,"Basic","S1",40,0,"2025-05-31"
15776467,"Basic","N1",7,1,"2023-09-04"
15746451,"Basic","S1",75,0,"2025-03-16"
15777922,"Basic","S1",85,0,"2023-09-04"
15606841,"Basic","N1",19,1,"2023-11-08"
15757648,"Premium","N3",15,0,"2023-02-03"
15677173,"Plus","N3",70,1,"2023-05-09"
15764170,"Premium","S1",61,1,"2023-01-10"
15610446,"Basic","N1",56,1,"2023-06-17"
15612776,"Basic","N3",10,0,"2025-02-22"
15794122,"Basic","S2",46,0,"2023-08-04"
15774931,"Basic","N2",80,0,"2024-02-12"
15779247,"Plus","N2",75,1,"2025-01-21"
15707078,"Basic","W1",57,0,"2024-06-09"
15605263,"Basic","N2",35,0,"2024-08-24"
15607381,"Basic","S1",72,0,"2023-01-18"
15683471,"Basic","N2",92,0,"2023-12-06"
15605037,"Plus","N2",3,1,"2024-11-11"
15576085,"Basic","S2",66,0,"2024-07-21"
15770435,"Basic","N3",53,0,"2024-11-06"
15592994,"Basic","S2",78,0,"2024-10-25"
15624068,"Basic","S1",52,1,"2023-03-31"
15595221,"Plus","N2",93,1,"2023-10-12"
15637131,"Premium","N3",53,0,"2024-06-17"
15613471,"Premium","W1",54,0,"2023-09-24"
15583499,"Plus","W1",47,0,"2025-03-19"
15752816,"Basic","N2",3,0,"2024-03-08"
15804075,"Plus","N2",65,0,"2025-01-27"
15800517,"Basic","W1",15,0,"2024-10-12"
15712319,"Basic","W1",84,1,"2023-02-21"
15797389,"Plus","S1",86,1,"2023-03-08"
15621432,"Basic","N2",34,0,"2024-08-19"
15779390,"Premium","W1",50,0,"2023-09-07"
15711219,"Basic","N1",33,0,"2023-11-27"
15770498,"Plus","W1",73,0,"2024-02-19"
15678727,"Plus","N3",3,0,"2023-05-03"
15573893,"Premium","N3",2,1,"2023-07-21"
15740104,"Plus","N1",4,0,"2023-01-06"
15792649,"Plus","S1",16,1,"2025-04-28"
15605275,"Basic","N2",54,0,"2024-04-30"
15572467,"Basic","N2",33,1,"2023-07-18"
15600710,"Basic","W1",9,0,"2025-01-05"
15804394,"Plus","N3",57,1,"2023-01-13"
15694188,"Basic","S1",40,0,"2023-01-06"
15583718,"Plus","S1",52,1,"2024-02-15"
15802478,"Basic","S1",82,0,"2023-05-01"
15619343,"Basic","W1",16,0,"2024-07-10"
15758813,"Plus","N2",8,0,"2023-12-28"
15761374,"Basic","S1",87,0,"2024-06-21"
15569209,"Basic","W1",60,0,"2023-01-04"
15788539,"Basic","W1",36,0,"2025-03-15"
15747222,"Premium","N1",3,0,"2025-02-27"
15769346,"Plus","S2",15,1,"2023-10-11"
15699634,"Basic","S1",97,0,"2024-12-22"
15589076,"Basic","S2",82,1,"2025-03-10"
15812338,"Basic","N2",23,0,"2023-12-25"
15758845,"Plus","W1",3,0,"2024-11-23"
15685844,"Plus","S1",30,0,"2025-02-03"
15583090,"Basic","N3",45,0,"2023-10-09"
15587581,"Basic","N2",17,0,"2024-10-18"
15633640,"Basic","N1",58,0,"2024-09-19"
15573741,"Plus","N1",58,0,"2023-12-15"
15633574,"Plus","S2",96,1,"2023-01-30"
15711455,"Basic","W1",57,0,"2025-06-07"
15570601,"Basic","S2",7,1,"2025-01-23"
15690925,"Basic","N3",39,1,"2024-05-31"
15709338,"Premium","N3",78,0,"2024-01-09"
15780746,"Basic","N1",58,1,"2025-02-12"
15681956,"Plus","S1",56,0,"2024-09-09"
15778190,"Plus","N1",15,1,"2023-05-04"
15786852,"Basic","N1",44,0,"2024-03-21"
15726494,"Basic","N3",12,0,"2024-01-29"
15641183,"Basic","S2",8,0,"2025-04-17"
15805312,"Plus","N3",80,1,"2024-10-11"
15636572,"Plus","W1",41,1,"2024-09-09"
15632575,"Plus","N3",34,0,"2024-12-25"
15740164,"Basic","N3",46,0,"2025-03-22"
15574947,"Basic","N1",88,1,"2023-02-25"
15597909,"Premium","S1",29,1,"2023-05-12"
15782574,"Plus","N1",16,0,"2025-02-19"
15734999,"Basic","N2",5,0,"2023-05-02"
15706593,"Premium","N3",5,1,"2023-07-21"
15766686,"Plus","N3",30,1,"2024-12-20"
15590268,"Plus","N2",50,0,"2025-02-25"
15763055,"Plus","N3",5,1,"2024-08-24"
15664754,"Plus","N3",13,0,"2024-12-02"
15643630,"Plus","W1",99,1,"2023-09-22"
15641043,"Basic","N3",49,0,"2024-07-11"
15768095,"Basic","N2",89,0,"2025-04-03"
15811314,"Premium","N1",50,1,"2025-04-21"
15669922,"Basic","N3",14,0,"2023-02-09"
15707114,"Basic","S1",46,1,"2024-08-01"
15670602,"Basic","N2",90,0,"2023-04-23"
15713479,"Basic","S2",82,1,"2023-12-05"
15663830,"Plus","W1",84,0,"2023-03-03"
15566958,"Premium","N2",34,0,"2023-08-15"
15680918,"Basic","N1",71,1,"2023-06-23"
15796969,"Basic","S2",60,0,"2023-10-12"
15574783,"Premium","W1",74,0,"2025-02-25"
15773487,"Plus","S1",79,0,"2024-09-17"
15802486,"Basic","S2",81,0,"2023-04-18"
15783398,"Plus","N2",11,1,"2023-05-23"
15649418,"Premium","S2",98,0,"2024-07-22"
15604588,"Plus","N2",91,1,"2023-10-21"
15735428,"Premium","S1",85,0,"2023-10-04"
15629078,"Basic","S1",95,0,"2024-05-06"
15806880,"Plus","N1",50,0,"2024-07-16"
15754999,"Basic","S1",4,0,"2024-04-15"
15781034,"Plus","N3",41,0,"2023-10-03"
15622017,"Plus","S2",59,0,"2023-08-22"
15705885,"Plus","S2",60,1,"2023-08-30"
15677382,"Plus","N2",81,0,"2023-09-15"
15566843,"Basic","S1",62,1,"2025-01-18"
15608387,"Basic","N1",84,1,"2023-02-01"
15626983,"Premium","N1",25,0,"2024-01-02"
15773605,"Premium","N1",87,1,"2023-12-14"
15811261,"Basic","W1",79,0,"2025-01-29"
15590606,"Basic","N3",33,0,"2023-05-12"
15576644,"Basic","S1",19,0,"2025-02-13"
15750264,"Plus","N1",57,1,"2025-02-09"
15741554,"Plus","N3",15,1,"2025-03-03"
15769051,"Basic","S2",41,0,"2024-01-03"
15812198,"Basic","N2",69,0,"2025-01-31"
15699772,"Plus","S1",80,0,"2023-09-22"
15744105,"Plus","S1",60,0,"2023-08-03"
15739858,"Basic","W1",96,0,"2023-08-03"
15723720,"Plus","S2",22,1,"2023-10-09"
15638355,"Basic","S1",43,0,"2025-04-11"
15805637,"Basic","W1",32,0,"2024-06-13"
15629575,"Plus","W1",13,0,"2025-05-08"
15586243,"Plus","W1",38,0,"2023-01-02"
15757931,"Premium","S1",26,0,"2024-05-27"
15716023,"Plus","S1",81,0,"2025-03-26"
15647782,"Plus","S1",5,1,"2024-04-08"
15716609,"Basic","N3",49,1,"2024-03-22"
15623791,"Basic","W1",97,0,"2023-12-29"
15627262,"Basic","N3",91,0,"2023-08-04"
15652693,"Basic","N2",5,0,"2023-06-13"
15586993,"Plus","S1",71,1,"2024-12-03"
15815560,"Premium","S2",48,0,"2024-08-09"
15584930,"Basic","N1",18,1,"2024-06-21"
15799031,"Basic","N2",95,1,"2024-05-25"
15810457,"Plus","N1",6,0,"2025-02-12"
15697879,"Basic","N1",66,1,"2025-03-04"
15594902,"Plus","S1",77,1,"2023-08-09"
15799710,"Plus","S2",42,0,"2024-07-08"
15659651,"Plus","N1",52,0,"2024-09-25"
15645956,"Basic","W1",11,1,"2024-10-02"
15651713,"Basic","N1",26,0,"2025-02-15"
15737265,"Plus","N2",21,0,"2023-10-10"
15687310,"Plus","S2",66,0,"2023-03-12"
15607347,"Basic","S2",40,0,"2025-06-03"
15698321,"Plus","N1",56,1,"2024-01-09"
15657812,"Basic","S2",51,0,"2023-09-16"
15569187,"Plus","N2",20,1,"2024-03-20"
15681562,"Basic","N2",81,0,"2023-07-20"
15615456,"Premium","N2",80,1,"2024-10-03"
15589793,"Basic","W1",57,0,"2024-01-15"
15781884,"Basic","S1",5,0,"2025-04-21"
15675190,"Basic","N1",14,0,"2024-08-15"
15600734,"Basic","S2",24,1,"2025-02-04"
15779176,"Premium","N2",68,0,"2024-02-19"
15605286,"Premium","N1",52,1,"2023-03-06"
15674922,"Basic","N1",48,0,"2024-01-13"
15737506,"Basic","S1",88,0,"2024-10-19"
15780514,"Plus","W1",47,1,"2024-10-07"
15623647,"Premium","S2",60,0,"2023-04-12"
15668472,"Plus","W1",73,0,"2023-02-11"
15692416,"Basic","S2",3,0,"2025-05-28"
15771139,"Basic","N2",9,0,"2023-07-15"
15738318,"Plus","N2",82,1,"2023-12-26"
15772243,"Basic","N1",100,0,"2025-02-10"
15638463,"Plus","S2",83,1,"2023-04-09"
15598088,"Basic","S2",24,1,"2024-01-23"
15693468,"Plus","W1",4,0,"2023-03-06"
15671930,"Basic","N2",9,0,"2023-10-24"
15780954,"Plus","N3",97,1,"2024-03-02"
15700174,"Basic","N1",1,1,"2023-08-11"
15635728,"Plus","S2",35,0,"2025-01-26"
15679283,"Basic","S1",74,0,"2024-11-25"
15591386,"Plus","S1",12,0,"2023-05-29"
15694192,"Plus","N3",18,0,"2024-05-23"
15585901,"Plus","N2",78,1,"2024-03-17"
15792329,"Plus","N2",10,0,"2024-02-18"
15635597,"Plus","N2",74,0,"2023-04-26"
15775880,"Plus","W1",18,1,"2024-03-28"
15630913,"Basic","S1",24,1,"2023-11-16"
15756680,"Plus","N2",1,1,"2025-02-08"
15587913,"Basic","S1",94,0,"2025-06-01"
15737605,"Basic","N3",79,0,"2024-03-26"
15627876,"Basic","N1",72,0,"2025-06-14"
15772601,"Basic","W1",99,1,"2023-03-20"
15758606,"Plus","S2",82,1,"2025-01-12"
15657107,"Plus","N3",16,1,"2023-12-23"
15622454,"Plus","S1",85,1,"2023-04-29"
15775803,"Basic","N3",15,0,"2024-08-08"
15570859,"Basic","S2",62,0,"2024-06-04"
15748381,"Basic","W1",5,0,"2023-10-06"
15787189,"Basic","N1",45,1,"2025-02-20"
15666055,"Basic","S2",52,0,"2024-07-19"
15617648,"Basic","W1",71,0,"2025-06-10"
15755678,"Basic","S1",7,0,"2023-02-14"
15624781,"Plus","S2",27,0,"2023-08-13"
15779497,"Plus","N3",89,1,"2024-06-11"
15567399,"Premium","N2",86,0,"2024-12-24"
15613656,"Premium","N3",13,1,"2024-12-12"
15734311,"Plus","S1",17,0,"2023-08-29"
15657214,"Basic","N1",44,0,"2024-09-05"
15799350,"Plus","S2",13,0,"2024-04-26"
15729970,"Plus","N1",90,1,"2023-04-05"
15725835,"Basic","S1",73,0,"2023-12-31"
15745543,"Basic","S2",5,0,"2023-07-04"
15727384,"Plus","W1",33,0,"2023-05-16"
15666916,"Basic","W1",4,0,"2023-01-25"
15732917,"Plus","N3",92,0,"2023-11-14"
15612050,"Plus","N3",26,0,"2023-11-29"
15726267,"Basic","S1",68,1,"2024-07-15"
15780124,"Basic","W1",16,1,"2024-11-11"
15742238,"Basic","S2",22,0,"2025-03-12"
15679024,"Basic","W1",36,1,"2023-04-10"
15715297,"Basic","N3",58,1,"2024-01-05"
15633612,"Plus","S1",55,1,"2024-08-15"
15602929,"Basic","W1",35,0,"2023-01-12"
15696703,"Basic","S1",25,0,"2024-12-20"
15756668,"Basic","W1",72,1,"2023-03-18"
15565779,"Premium","N1",81,1,"2024-08-09"
15795519,"Basic","W1",61,0,"2024-11-12"
15761477,"Basic","N3",18,0,"2025-04-02"
15731890,"Premium","S2",58,0,"2023-12-14"
15633043,"Plus","N3",76,0,"2024-03-18"
15752953,"Basic","N3",57,0,"2024-11-21"
15603088,"Plus","N3",97,0,"2023-03-29"
15606613,"Basic","S1",87,0,"2024-04-09"
15635939,"Basic","N2",63,0,"2025-02-15"
15666043,"Basic","N2",12,0,"2024-05-08"
15746190,"Basic","N1",11,0,"2023-08-10"
15591357,"Plus","N3",13,0,"2024-05-29"
15658716,"Basic","N2",35,0,"2023-04-28"
15679909,"Basic","N1",27,0,"2023-05-16"
15634262,"Plus","S1",89,0,"2023-07-06"
15799825,"Plus","N3",67,0,"2024-06-25"
15756875,"Basic","S2",89,0,"2024-08-01"
15678146,"Plus","S1",45,0,"2023-11-07"
15710743,"Basic","N1",74,0,"2024-01-14"
15595831,"Plus","S1",81,1,"2025-03-21"
15626684,"Plus","S2",67,0,"2024-02-16"
15709846,"Premium","S1",22,1,"2024-02-25"
15635459,"Basic","N1",78,0,"2023-08-05"
15642544,"Basic","S2",91,1,"2024-10-31"
15566494,"Basic","S2",42,0,"2023-03-12"
15655238,"Basic","S1",20,0,"2025-04-09"
15733429,"Basic","S2",48,0,"2023-04-20"
15814536,"Premium","S1",18,1,"2023-10-12"
15771702,"Basic","N3",77,0,"2025-06-01"
15723008,"Basic","S2",70,1,"2025-02-08"
15797160,"Plus","S1",74,0,"2024-08-24"
15792222,"Basic","N3",93,1,"2025-05-22"
15644765,"Plus","S2",6,1,"2024-07-22"
15610686,"Basic","N3",39,1,"2023-10-25"
15730868,"Basic","W1",11,1,"2024-05-13"
15705991,"Basic","S2",25,0,"2024-07-14"
15577078,"Basic","W1",94,0,"2024-11-27"
15679550,"Premium","N1",55,0,"2024-12-11"
15787655,"Basic","N1",84,0,"2024-06-13"
15668081,"Basic","S1",58,0,"2023-07-17"
15747980,"Basic","N2",37,0,"2024-05-21"
15710295,"Basic","W1",16,1,"2024-05-03"
15724443,"Premium","W1",95,0,"2025-01-13"
15571305,"Basic","N1",93,0,"2023-01-27"
15569503,"Plus","W1",70,0,"2023-04-28"
15581840,"Premium","N2",93,1,"2023-02-23"
15772262,"Plus","N3",96,0,"2024-05-18"
15767794,"Premium","N3",73,0,"2023-06-01"
15629338,"Basic","N2",37,1,"2025-01-06"
15790379,"Basic","W1",53,0,"2024-04-23"
15750684,"Basic","W1",87,1,"2023-06-11"
15697214,"Plus","W1",16,1,"2024-10-23"
15711015,"Premium","S1",18,0,"2023-08-04"
15573309,"Basic","S2",19,1,"2025-04-10"
15805303,"Plus","N2",44,1,"2024-02-24"
15741385,"Basic","N2",2,0,"2023-12-14"
15780254,"Plus","N2",58,0,"2023-12-06"
15744843,"Basic","N2",10,0,"2025-04-08"
15815626,"Premium","N2",76,1,"2025-04-29"
15784736,"Plus","W1",46,0,"2024-07-07"
15813412,"Basic","S1",82,1,"2023-12-18"
15809143,"Basic","N1",19,0,"2024-11-03"
15617617,"Basic","W1",38,1,"2024-08-08"
15779738,"Basic","W1",37,0,"2024-01-10"
15668669,"Basic","S2",91,0,"2024-06-20"
15687477,"Premium","N1",78,0,"2023-10-30"
15578908,"Plus","N2",45,1,"2023-08-30"
15687658,"Basic","N1",34,0,"2024-01-13"
15615020,"Basic","S1",2,1,"2024-11-15"
15608886,"Premium","N3",44,0,"2024-01-24"
15602551,"Plus","W1",97,1,"2023-10-14"
15672945,"Basic","N1",83,1,"2023-06-08"
15757408,"Plus","S2",27,0,"2023-12-20"
15806132,"Basic","S1",48,1,"2024-12-30"
15813022,"Basic","N3",94,0,"2024-03-30"
15673578,"Basic","S1",7,1,"2024-09-18"
15757916,"Basic","N2",27,0,"2023-08-29"
15689168,"Basic","N3",85,0,"2025-03-30"
15769216,"Premium","S2",71,1,"2023-07-31"
15593295,"Plus","N3",89,1,"2023-12-29"
15804814,"Plus","S2",18,0,"2024-08-20"
15778934,"Basic","N2",33,1,"2023-05-13"
15802351,"Basic","S2",33,0,"2025-02-18"
15630241,"Plus","S1",96,1,"2024-05-23"
15719561,"Basic","N1",25,0,"2023-10-04"
15615096,"Basic","S1",14,0,"2023-09-22"
15659931,"Basic","W1",38,0,"2024-08-27"
15714586,"Plus","S1",38,1,"2024-08-25"
15589224,"Basic","N3",4,0,"2024-10-18"
15795990,"Basic","N2",62,1,"2023-12-26"
15603216,"Plus","W1",82,1,"2024-10-25"
15631201,"Basic","W1",10,0,"2024-10-28"
15686255,"Basic","W1",35,0,"2023-05-16"
15746594,"Basic","N1",99,0,"2025-02-03"
15718893,"Basic","S2",23,0,"2024-03-03"
15671609,"Plus","N3",89,0,"2025-04-09"
15774857,"Basic","N2",65,1,"2023-01-29"
15791836,"Basic","N1",82,0,"2024-08-17"
15651554,"Premium","S1",79,1,"2023-11-26"
15583576,"Premium","N2",25,0,"2023-02-03"
15732740,"Premium","W1",96,0,"2024-05-18"
15723320,"Basic","N2",53,0,"2025-04-07"
15603851,"Basic","N2",84,1,"2023-04-14"
15777923,"Premium","S1",17,0,"2024-05-08"
15703482,"Plus","S2",57,1,"2024-01-06"
15605835,"Basic","N3",75,0,"2024-01-23"
15664881,"Basic","W1",77,1,"2025-01-14"
15757568,"Basic","S2",89,1,"2023-08-25"
15792660,"Premium","N1",20,1,"2025-01-04"
15599722,"Basic","W1",25,0,"2023-03-31"
15726354,"Basic","N3",42,0,"2023-11-29"
15704284,"Plus","S1",31,0,"2023-08-28"
15621893,"Plus","S2",65,1,"2024-12-30"
15588219,"Basic","W1",52,1,"2023-07-01"
15688619,"Plus","N2",80,0,"2023-09-14"
15765518,"Premium","N3",92,0,"2025-01-13"
15616931,"Basic","W1",21,0,"2023-07-08"
15758372,"Basic","N2",30,0,"2025-04-20"
15782591,"Basic","W1",3,1,"2024-02-19"
15612109,"Plus","N1",98,1,"2025-05-05"
15613712,"Plus","N2",70,0,"2023-09-12"
15639322,"Plus","N2",43,1,"2023-02-14"
15594349,"Plus","W1",29,0,"2025-04-07"
15574167,"Basic","S1",3,0,"2024-08-20"
15811842,"Premium","S1",58,0,"2023-07-20"
15648794,"Basic","S2",33,1,"2023-12-25"
15771211,"Basic","N1",75,1,"2023-12-09"
15588614,"Plus","S1",45,0,"2023-07-31"
15630698,"Plus","W1",69,0,"2024-09-22"
15694200,"Basic","S1",32,0,"2023-10-25"
15721426,"Premium","S2",82,1,"2023-06-04"
15725997,"Premium","N3",84,0,"2024-11-28"
15762138,"Basic","S2",52,0,"2023-07-16"
15750649,"Premium","N2",64,1,"2025-04-28"
15685706,"Basic","N2",40,0,"2024-04-26"
15641835,"Basic","S1",92,0,"2024-12-13"
15586821,"Basic","S1",13,0,"2025-02-16"
15569678,"Premium","S2",90,1,"2024-01-14"
15793842,"Plus","S2",80,1,"2025-01-17"
15667554,"Basic","W1",89,0,"2024-12-06"
15794479,"Basic","N1",74,0,"2024-01-02"
15585041,"Plus","W1",29,0,"2024-06-20"
15780650,"Basic","N2",63,0,"2025-02-09"
15780846,"Premium","W1",84,0,"2023-03-12"
15805260,"Plus","S2",26,0,"2023-01-28"
15621629,"Basic","W1",96,0,"2024-01-28"
15662151,"Premium","N3",59,1,"2024-06-06"
15747174,"Basic","N1",49,0,"2023-12-15"
15651585,"Premium","S2",53,1,"2023-04-28"
15649738,"Plus","S1",88,0,"2024-01-15"
15633108,"Plus","W1",31,0,"2023-07-27"
15769254,"Basic","S2",12,0,"2024-02-27"
15704746,"Premium","S1",58,0,"2023-04-03"
15637644,"Basic","S1",36,1,"2023-05-21"
15609562,"Basic","N2",10,1,"2023-12-21"
15787459,"Basic","N2",6,0,"2024-06-06"
15762902,"Plus","S2",7,1,"2025-03-13"
15738605,"Basic","S2",31,1,"2025-01-20"
15724889,"Plus","N3",91,0,"2025-02-14"
15730735,"Premium","N1",72,0,"2025-02-13"
15689147,"Basic","N1",3,0,"2023-03-10"
15730397,"Plus","S2",47,1,"2024-08-04"
15762169,"Basic","N2",85,0,"2024-11-27"
15589320,"Premium","W1",1,0,"2025-06-01"
15799211,"Plus","N3",45,0,"2023-05-04"
15798310,"Basic","N1",54,0,"2024-02-23"
15609998,"Plus","S2",50,1,"2025-01-03"
15583548,"Basic","N2",79,0,"2024-06-06"
15761763,"Basic","N2",7,0,"2024-11-08"
15764409,"Plus","N2",63,1,"2024-08-25"
15710161,"Basic","W1",15,0,"2025-01-29"
15735246,"Basic","S1",89,0,"2023-12-07"
15791700,"Basic","W1",67,1,"2023-11-01"
15573876,"Plus","N2",30,1,"2025-03-13"
15770174,"Basic","S2",78,0,"2023-06-06"
15641114,"Basic","N3",68,0,"2023-03-29"
15682435,"Plus","W1",36,1,"2023-08-16"
15751788,"Plus","S2",67,0,"2023-12-31"
15672598,"Basic","N2",5,1,"2024-10-07"
15762803,"Basic","N3",25,1,"2023-09-23"
15812982,"Basic","N1",95,0,"2023-03-25"
15597901,"Basic","N1",11,1,"2023-07-31"
15731507,"Basic","S2",72,0,"2023-08-06"
15809826,"Plus","N3",90,1,"2025-05-02"
15764237,"Plus","S2",66,1,"2025-01-18"
15769917,"Plus","N3",28,0,"2023-05-31"
15641850,"Basic","N3",60,0,"2024-11-16"
15770974,"Plus","S2",10,0,"2023-05-20"
15803749,"Basic","N3",50,0,"2023-02-24"
15684999,"Premium","W1",39,0,"2023-05-21"
15770225,"Plus","N2",37,1,"2023-03-15"
15627484,"Basic","N3",63,0,"2023-05-15"
15610337,"Plus","W1",61,0,"2025-04-08"
15752488,"Basic","N3",85,1,"2024-10-03"
15610056,"Plus","W1",92,0,"2025-01-13"
15806049,"Basic","S2",38,1,"2023-01-26"
15736069,"Basic","N1",33,0,"2024-05-02"
15763662,"Premium","S1",75,0,"2024-03-10"
15615575,"Basic","N3",45,0,"2024-08-03"
15691723,"Plus","S1",44,1,"2023-03-03"
15750808,"Basic","N3",1,0,"2023-07-19"
15744368,"Plus","S2",53,0,"2024-05-04"
15610594,"Plus","S2",47,0,"2024-05-07"
15756125,"Basic","W1",33,1,"2024-11-09"
15623277,"Basic","N3",67,0,"2024-04-12"
15795954,"Basic","S2",90,1,"2023-04-26"
15671969,"Basic","S2",15,1,"2024-01-06"
15791268,"Basic","N3",14,0,"2024-10-12"
15713655,"Plus","W1",23,0,"2023-08-20"
15633930,"Premium","W1",54,0,"2024-03-23"
15712849,"Premium","W1",8,0,"2023-08-02"
15639077,"Plus","W1",54,0,"2023-07-27"
15808784,"Plus","N1",36,0,"2023-04-12"
15648577,"Plus","N3",84,0,"2025-03-20"
15670345,"Basic","N1",52,0,"2023-01-10"
15633112,"Premium","S2",6,0,"2024-04-17"
15714397,"Plus","N1",97,0,"2023-05-03"
15780038,"Plus","W1",28,1,"2025-02-25"
15756305,"Basic","S2",50,0,"2023-01-04"
15578799,"Basic","N1",38,0,"2024-04-11"
15800326,"Basic","N1",30,0,"2023-09-16"
15785485,"Premium","N3",81,0,"2024-12-21"
15783958,"Basic","N1",73,0,"2025-02-16"
15727546,"Basic","S2",92,0,"2025-02-12"
15739576,"Premium","W1",54,0,"2023-10-14"
15631333,"Basic","N3",71,1,"2023-01-31"
15604782,"Basic","N1",46,1,"2024-11-18"
15589643,"Basic","N3",28,0,"2024-06-04"
15585533,"Plus","S1",17,1,"2024-12-16"
15681506,"Premium","N3",48,0,"2024-09-11"
15630551,"Basic","W1",44,0,"2023-05-04"
15698349,"Premium","S1",60,0,"2025-01-19"
15776631,"Basic","S1",60,0,"2023-05-10"
15762216,"Premium","N3",5,0,"2025-01-15"
15623927,"Plus","S2",69,1,"2024-05-30"
15681402,"Plus","W1",78,0,"2024-04-24"
15586264,"Basic","S2",70,0,"2025-01-01"
15594685,"Premium","W1",7,0,"2025-02-12"
15812945,"Plus","W1",53,0,"2024-06-25"
15734628,"Basic","S2",17,0,"2025-04-08"
15629323,"Plus","N2",59,0,"2023-03-18"
15666823,"Basic","S1",9,0,"2023-07-02"
15777553,"Premium","N3",95,0,"2024-01-01"
15613097,"Basic","S2",22,0,"2023-10-19"
15622217,"Plus","S2",45,0,"2024-12-14"
15703588,"Basic","N3",73,0,"2024-01-24"
15570835,"Basic","S1",59,0,"2023-06-06"
15679299,"Basic","N3",80,0,"2023-04-10"
15808044,"Basic","W1",100,0,"2024-09-25"
15579208,"Basic","N2",98,0,"2025-04-06"
15684951,"Basic","W1",13,0,"2023-04-20"
15667620,"Plus","N2",83,1,"2024-11-09"
15582960,"Basic","N3",12,0,"2024-10-03"
15590730,"Basic","W1",36,1,"2023-09-27"
15763747,"Plus","S1",10,0,"2023-05-18"
15778320,"Basic","W1",16,1,"2024-11-18"
15642787,"Premium","S2",92,1,"2023-03-05"
15624633,"Premium","N2",19,1,"2024-10-04"
15766765,"Plus","N2",6,1,"2024-05-21"
15783615,"Plus","S1",4,0,"2025-04-19"
15640161,"Premium","N2",30,0,"2024-11-30"
15619889,"Basic","N2",95,0,"2025-02-27"
15579166,"Basic","S1",46,0,"2023-12-16"
15789097,"Basic","W1",27,1,"2023-05-27"
15674880,"Plus","N3",45,0,"2023-12-01"
15778157,"Basic","W1",85,1,"2024-06-15"
15779064,"Plus","S2",37,0,"2025-04-05"
15801265,"Premium","S2",9,0,"2024-07-07"
15589204,"Premium","N2",61,1,"2025-05-11"
15664543,"Basic","S2",35,0,"2024-02-11"
15582714,"Basic","N3",47,0,"2023-12-10"
15797595,"Plus","N2",21,0,"2024-10-13"
15614034,"Plus","S2",17,1,"2024-06-04"
15763171,"Basic","N1",55,1,"2024-08-13"
15647266,"Basic","N1",88,1,"2025-04-29"
15757577,"Premium","N1",95,0,"2024-10-21"
15736656,"Plus","N1",6,0,"2024-12-05"
15635078,"Plus","W1",35,0,"2025-02-09"
15680141,"Premium","N1",50,0,"2023-05-16"
15576945,"Plus","N2",37,0,"2023-02-08"
15602034,"Basic","S1",13,0,"2023-11-16"
15732020,"Basic","W1",25,0,"2023-10-14"
15611029,"Basic","S1",96,0,"2025-05-28"
15621210,"Basic","N2",1,0,"2024-04-07"
15569222,"Plus","N2",49,0,"2025-06-09"
15664639,"Plus","N3",35,0,"2024-10-23"
15724223,"Premium","W1",83,0,"2023-12-18"
15644621,"Basic","S1",53,0,"2023-01-05"
15756056,"Plus","N1",52,1,"2023-08-24"
15700353,"Plus","N2",54,0,"2023-08-24"
15624388,"Plus","N1",76,1,"2025-04-05"
15627212,"Plus","S1",47,0,"2024-05-15"
15648005,"Basic","W1",43,0,"2023-04-15"
15681446,"Basic","S2",20,0,"2023-07-26"
15775888,"Basic","S2",33,0,"2023-08-27"
15749019,"Basic","N2",93,0,"2025-04-10"
15709928,"Basic","N3",16,0,"2025-04-08"
15784676,"Plus","N1",78,1,"2023-02-21"
15748116,"Premium","N2",7,0,"2023-04-18"
15612193,"Plus","N3",70,0,"2023-12-23"
15762984,"Plus","N1",21,0,"2023-02-02"
15613713,"Basic","S1",36,0,"2023-01-22"
15664204,"Plus","S2",86,1,"2023-11-03"
15639415,"Basic","N3",54,0,"2023-01-11"
15806332,"Basic","N1",19,0,"2024-09-30"
15614929,"Basic","N2",25,0,"2024-03-17"
15695492,"Basic","N1",67,0,"2024-07-15"
15635972,"Basic","N2",100,0,"2023-07-17"
15616380,"Basic","S2",53,0,"2024-06-12"
15581440,"Basic","S2",98,1,"2023-02-13"
15654390,"Premium","N1",75,0,"2023-07-04"
15660688,"Basic","N1",48,0,"2024-01-24"
15806307,"Basic","N2",42,1,"2024-07-04"
15647975,"Basic","N2",47,0,"2024-05-21"
15595728,"Plus","N3",91,0,"2024-03-17"
15735388,"Basic","N3",42,1,"2024-05-10"
15788535,"Basic","N3",2,0,"2024-05-19"
15765902,"Basic","N1",6,0,"2023-05-17"
15642345,"Basic","W1",46,0,"2023-10-06"
15641250,"Basic","W1",66,1,"2023-06-13"
15706163,"Basic","W1",81,0,"2024-06-26"
15746708,"Basic","W1",40,1,"2025-05-01"
15775203,"Basic","N3",58,0,"2023-01-23"
15787907,"Basic","N1",78,0,"2024-12-11"
15646764,"Plus","W1",74,0,"2024-05-21"
15678284,"Plus","S2",33,0,"2024-11-16"
15726791,"Basic","S1",62,1,"2024-05-24"
15813144,"Basic","S2",12,1,"2024-07-23"
15669342,"Premium","N1",96,0,"2024-12-08"
15710366,"Basic","N1",49,0,"2024-08-22"
15614934,"Basic","S1",88,0,"2024-03-19"
15588701,"Plus","N2",78,0,"2023-05-22"
15665438,"Basic","N2",5,0,"2023-10-08"
15644896,"Basic","N2",51,1,"2023-07-26"
15670205,"Basic","N3",69,0,"2024-11-14"
15635776,"Premium","N2",32,0,"2023-10-29"
15791053,"Basic","N3",49,1,"2024-02-01"
15644005,"Plus","N3",97,0,"2023-11-14"
457387312,"Premium","N2",60,1,"2025-02-25"
15751057,"Basic","N2",46,1,"2025-05-29"
15623430,"Basic","S1",68,0,"2025-05-07"
15769312,"Basic","W1",94,0,"2023-02-17"
15708212,"Basic","S1",41,0,"2024-11-03"
15650258,"Basic","N3",81,1,"2024-11-07"
15604345,"Premium","S1",67,0,"2024-01-25"
15578297,"Plus","N3",13,1,"2024-01-14"
15671789,"Plus","N1",100,0,"2023-08-05"
15726186,"Basic","N3",18,0,"2024-09-20"
15764618,"Plus","N3",87,1,"2025-04-28"
15730738,"Premium","S1",99,0,"2023-09-08"
15637650,"Plus","W1",97,1,"2025-05-17"
15625904,"Basic","N1",51,0,"2024-03-09"
15654463,"Plus","S2",36,0,"2025-01-25"
15774151,"Basic","S2",81,0,"2025-01-28"
15693259,"Basic","W1",34,1,"2024-08-07"
15642468,"Basic","S2",12,1,"2023-10-11"
15758531,"Plus","N1",5,1,"2024-04-27"
15728352,"Plus","N2",48,0,"2024-12-07"
15637240,"Basic","N1",91,0,"2023-09-24"
15595588,"Basic","S1",40,0,"2024-08-21"
15778395,"Basic","N3",13,0,"2023-09-03"
15711825,"Basic","N3",26,1,"2023-06-07"
15599251,"Basic","S1",14,1,"2023-12-23"
15570004,"Basic","S1",96,0,"2024-07-01"
15656912,"Plus","N3",11,1,"2023-08-24"
15657342,"Basic","W1",38,1,"2025-01-29"
15716284,"Basic","N2",80,1,"2024-04-04"
15672374,"Basic","N2",57,0,"2023-04-10"
15732476,"Premium","N2",22,1,"2025-01-08"
15747724,"Plus","S1",16,0,"2023-04-29"
15633877,"Plus","N3",77,0,"2023-12-20"
15672516,"Basic","W1",76,0,"2024-12-08"
15607827,"Plus","N3",82,0,"2023-03-29"
15751336,"Basic","N3",29,0,"2023-02-05"
15646539,"Plus","W1",82,0,"2023-11-10"
15756901,"Premium","N1",2,1,"2024-06-23"
15809286,"Plus","W1",54,0,"2024-07-04"
15759021,"Premium","N1",2,0,"2023-11-18"
15579130,"Plus","S2",3,0,"2024-03-02"
15754112,"Basic","N1",93,0,"2024-05-31"
15735522,"Premium","N2",56,0,"2024-10-14"
15613326,"Basic","N2",72,0,"2025-01-09"
15739502,"Basic","W1",11,1,"2023-01-09"
15670914,"Basic","N2",76,1,"2023-12-25"
15604073,"Basic","N2",32,0,"2024-04-22"
15806027,"Basic","S2",4,0,"2023-02-26"
15574886,"Basic","N2",9,0,"2023-10-10"
15707120,"Basic","S1",88,0,"2024-03-20"
15800845,"Plus","S1",56,0,"2024-04-05"
15603914,"Basic","S1",16,1,"2024-05-04"
15722765,"Basic","N1",81,0,"2023-12-25"
15783305,"Plus","W1",86,1,"2024-11-20"
15574842,"Basic","W1",71,0,"2024-08-16"
15607837,"Plus","N3",10,0,"2024-08-19"
15714877,"Plus","S2",93,0,"2023-03-06"
15782941,"Plus","S1",36,0,"2024-03-04"
15630167,"Plus","S1",24,0,"2025-05-04"
15759038,"Basic","N2",64,0,"2025-03-12"
15661821,"Plus","S1",56,0,"2025-05-17"
15728006,"Basic","N2",78,0,"2024-04-01"
15689351,"Basic","N2",78,0,"2023-05-16"
15782247,"Plus","N3",89,0,"2025-01-31"
15769064,"Basic","N1",22,0,"2024-08-28"
15613189,"Plus","N2",52,0,"2023-02-17"
15661734,"Plus","N2",50,0,"2024-09-03"
15592645,"Premium","W1",47,0,"2025-04-29"
15768387,"Premium","N3",23,1,"2023-07-13"
15792525,"Basic","N2",96,1,"2023-04-27"
15586976,"Basic","S2",90,1,"2025-02-17"
15790659,"Plus","N1",91,0,"2025-03-30"
15691446,"Basic","S2",76,0,"2023-06-13"
15772632,"Plus","S1",83,1,"2024-04-23"
15706587,"Plus","N1",19,0,"2023-10-14"
15572461,"Plus","S1",52,0,"2024-06-19"
15654409,"Basic","W1",34,0,"2024-05-08"
15568025,"Basic","N2",96,0,"2024-02-09"
15715769,"Basic","N3",29,0,"2023-04-06"
15667458,"Basic","S2",61,0,"2024-05-11"
15567980,"Premium","S1",85,0,"2023-09-11"
15679294,"Basic","N2",35,1,"2024-02-18"
15606507,"Basic","S2",5,0,"2024-09-24"
15578825,"Basic","S2",76,0,"2024-08-06"
15619935,"Plus","W1",7,1,"2025-05-14"
15636089,"Plus","W1",41,0,"2024-01-06"
15727490,"Basic","S1",2,1,"2024-07-29"
15591766,"Basic","N2",89,0,"2023-08-31"
15641629,"Basic","N3",10,0,"2024-09-30"
15813303,"Basic","S1",44,1,"2024-01-08"
15756920,"Plus","S2",70,0,"2023-02-08"
15726403,"Plus","S2",91,0,"2025-06-15"
15592765,"Basic","N1",35,0,"2023-12-19"
15704442,"Basic","N2",62,0,"2024-03-01"
15641136,"Premium","N1",74,1,"2023-03-18"
15725818,"Basic","W1",73,0,"2024-05-24"
15612071,"Plus","N3",20,0,"2024-05-31"
15719809,"Basic","S1",35,1,"2023-05-20"
15716518,"Basic","S2",37,0,"2023-09-09"
15742210,"Basic","N2",72,1,"2024-10-30"
15630617,"Basic","S2",54,0,"2025-02-09"
15720838,"Premium","W1",95,0,"2023-11-13"
15595537,"Basic","N1",80,0,"2024-02-24"
15623196,"Basic","N1",28,1,"2025-05-28"
15679249,"Basic","S1",70,0,"2025-01-18"
15693199,"Basic","N2",32,0,"2023-03-16"
15661219,"Basic","W1",92,0,"2025-06-16"
15617136,"Basic","N2",11,0,"2023-01-29"
15760294,"Plus","S1",42,0,"2023-02-10"
15652808,"Basic","W1",23,1,"2024-06-24"
15657139,"Basic","W1",30,0,"2024-05-06"
15803790,"Premium","N1",9,0,"2023-04-10"
15764105,"Basic","N1",92,0,"2023-11-16"
15672610,"Premium","N1",88,0,"2024-07-23"
15766896,"Basic","S2",59,1,"2024-12-23"
15587735,"Premium","N3",28,0,"2024-10-11"
15659501,"Plus","N1",88,1,"2024-06-06"
15745001,"Plus","N3",79,0,"2025-04-24"
15651140,"Premium","N3",33,1,"2025-05-25"
15571148,"Basic","N2",47,0,"2023-07-08"
15776824,"Premium","S1",98,1,"2024-03-25"
15633141,"Basic","S2",22,0,"2023-04-04"
15778155,"Basic","N3",29,1,"2025-05-03"
15715920,"Basic","S2",34,0,"2023-06-30"
15671917,"Basic","N2",42,0,"2023-11-17"
15666548,"Basic","N1",52,0,"2023-10-10"
15625623,"Plus","W1",47,1,"2024-01-26"
15748123,"Basic","N3",74,0,"2023-11-17"
15648735,"Plus","S1",51,1,"2024-07-23"
15634974,"Plus","W1",45,0,"2023-01-25"
15713378,"Basic","N2",94,1,"2025-03-26"
15753370,"Basic","S2",75,0,"2023-09-17"
15782659,"Basic","N1",34,0,"2024-05-11"
15583364,"Basic","S2",21,0,"2023-08-01"
15625942,"Basic","S1",13,0,"2023-04-25"
15720284,"Basic","N3",54,0,"2024-03-27"
15679642,"Basic","S1",25,0,"2024-11-30"
15628007,"Premium","S2",21,1,"2025-02-10"
15661974,"Plus","S2",1,1,"2024-10-09"
15689341,"Basic","W1",58,0,"2024-05-04"
15607993,"Plus","S1",69,0,"2024-08-24"
15693267,"Basic","S1",86,0,"2025-01-02"
15769522,"Basic","S1",71,0,"2024-06-11"
15755825,"Plus","N1",13,0,"2024-10-20"
15598175,"Basic","S2",52,1,"2024-01-20"
15744327,"Basic","N2",23,1,"2024-09-04"
15798666,"Premium","N1",21,0,"2024-02-22"
15577064,"Premium","N1",6,0,"2023-08-07"
15759436,"Plus","N1",20,0,"2025-05-29"
15690231,"Plus","W1",76,1,"2024-07-10"
15751561,"Plus","N2",40,0,"2023-03-04"
15739068,"Basic","S1",9,0,"2023-12-16"
15758056,"Basic","W1",50,1,"2024-01-25"
15742269,"Basic","S2",28,0,"2025-03-14"
15726490,"Basic","N3",11,0,"2024-01-12"
15738411,"Basic","W1",96,0,"2025-05-20"
15727919,"Basic","N3",75,1,"2023-03-07"
15709396,"Premium","S2",88,0,"2023-04-29"
15654106,"Premium","N2",56,1,"2025-01-15"
15621653,"Plus","N3",79,1,"2023-01-08"
15598086,"Basic","N1",35,1,"2024-12-07"
15752300,"Premium","W1",81,0,"2025-01-08"
15658693,"Basic","N3",25,1,"2023-01-27"
15631838,"Plus","S2",99,0,"2023-10-17"
15578809,"Plus","N3",31,0,"2023-06-08"
15752026,"Basic","S2",81,0,"2023-05-25"
15723706,"Premium","N2",50,1,"2024-04-11"
15752838,"Premium","S2",87,1,"2025-01-15"
15569571,"Basic","N2",63,0,"2023-04-18"
15769703,"Basic","N1",47,1,"2025-06-09"
15679770,"Premium","S2",1,1,"2024-03-14"
15791102,"Basic","S1",58,1,"2023-07-22"
15655192,"Premium","W1",10,0,"2025-02-15"
15709487,"Plus","S1",8,0,"2025-04-04"
15687130,"Basic","S1",26,0,"2023-10-28"
15755178,"Basic","S1",34,0,"2024-03-13"
15634772,"Basic","W1",19,0,"2023-01-11"
15617197,"Plus","S1",78,1,"2025-04-16"
15631240,"Basic","N2",72,1,"2024-08-29"
15784301,"Basic","S2",1,0,"2024-10-03"
15631310,"Basic","N1",48,0,"2023-04-13"
15756560,"Plus","S1",25,0,"2025-02-23"
15732270,"Premium","S1",24,0,"2024-04-30"
15739357,"Premium","N1",47,0,"2023-04-20"
15771540,"Basic","N1",84,1,"2025-03-14"
15567486,"Plus","S1",94,0,"2024-10-04"
15714634,"Plus","N2",69,0,"2024-12-03"
15727021,"Plus","N1",67,0,"2025-03-21"
15650670,"Premium","S2",32,0,"2023-04-03"
15711834,"Basic","S2",17,1,"2025-03-11"
15729763,"Basic","N2",61,1,"2024-12-18"
15646566,"Premium","W1",69,0,"2025-05-19"
15645463,"Basic","N3",11,1,"2024-06-24"
15672144,"Plus","N2",38,0,"2024-11-29"
15596088,"Premium","S1",68,0,"2025-04-28"
15614878,"Basic","N3",19,0,"2024-05-21"
15635240,"Premium","S1",87,0,"2023-06-26"
15775905,"Basic","S2",17,0,"2024-03-14"
15700657,"Basic","N1",13,0,"2025-04-22"
15611905,"Plus","S1",91,0,"2024-10-29"
15652527,"Premium","S2",1,0,"2025-01-27"
15785865,"Basic","N2",2,1,"2024-12-11"
15645942,"Basic","S1",82,0,"2024-05-25"
15688691,"Plus","S2",100,1,"2023-04-19"
15592736,"Plus","N1",97,0,"2025-05-21"
15673529,"Plus","S1",100,1,"2023-03-13"
15724145,"Basic","W1",66,0,"2024-05-03"
15704629,"Basic","S2",68,0,"2025-01-02"
1156754929,"Basic","S1",16,0,"2023-10-08"
15731790,"Plus","N1",4,0,"2025-06-07"
15634719,"Basic","S1",57,1,"2023-08-02"
15703205,"Basic","S1",73,1,"2024-04-01"
15567333,"Premium","W1",85,0,"2024-08-09"
15754537,"Basic","S2",23,0,"2024-02-22"
15612030,"Premium","N3",2,0,"2025-01-23"
15573242,"Plus","S1",67,0,"2024-05-24"
15601892,"Plus","N3",87,1,"2024-10-23"
15663885,"Basic","N2",26,0,"2023-11-19"
15701096,"Basic","S1",7,0,"2023-06-27"
15710450,"Plus","N3",100,0,"2024-11-18"
15790846,"Plus","N2",44,0,"2023-04-14"
15658956,"Plus","W1",33,1,"2023-04-29"
15755223,"Basic","S2",64,0,"2024-12-12"
15787318,"Plus","S1",36,0,"2024-08-04"
15737310,"Plus","S2",4,0,"2023-02-26"
15763665,"Plus","N2",23,0,"2024-02-13"
15668818,"Plus","S2",25,0,"2024-07-31"
15765812,"Plus","S2",90,1,"2023-02-27"
15704844,"Plus","N1",92,1,"2023-04-27"
15744582,"Basic","N2",92,1,"2024-02-29"
15616700,"Basic","S2",85,1,"2025-03-29"
15683521,"Basic","N3",74,0,"2023-01-21"
15583049,"Basic","N2",27,0,"2023-03-20"
15643752,"Basic","N1",51,0,"2025-04-03"
15620398,"Basic","S1",79,1,"2025-05-15"
15715707,"Basic","W1",81,1,"2024-07-12"
15814209,"Basic","S2",99,0,"2025-06-04"
15733768,"Plus","N3",69,1,"2024-11-13"
15755242,"Premium","N1",80,0,"2024-08-18"
15729412,"Basic","N2",23,0,"2023-04-18"
15746564,"Premium","W1",9,0,"2025-03-09"
15665221,"Basic","W1",33,0,"2023-09-28"
15640846,"Basic","S2",35,0,"2024-11-18"
15700209,"Basic","N1",50,0,"2025-04-09"
15658360,"Basic","N1",24,1,"2024-04-20"
15602735,"Plus","N3",88,0,"2023-03-11"
15724834,"Plus","S1",24,1,"2024-01-22"
15800062,"Basic","S1",19,0,"2023-06-15"
15685300,"Basic","S1",39,1,"2025-05-04"
15760102,"Basic","W1",61,1,"2023-02-27"
15787026,"Basic","W1",25,1,"2024-03-26"
15653696,"Basic","N2",95,0,"2023-09-02"
15788946,"Basic","W1",25,0,"2023-02-14"
15600724,"Plus","W1",27,0,"2024-11-14"
15574324,"Premium","N1",32,0,"2025-02-14"
15707144,"Basic","N2",11,0,"2024-01-18"
15775891,"Premium","N1",69,0,"2024-07-31"
15711789,"Basic","N3",33,0,"2025-04-18"
15600879,"Basic","N3",19,1,"2024-12-01"
15716000,"Basic","N2",16,0,"2025-02-23"
15766776,"Plus","N2",99,1,"2023-03-12"
15680278,"Premium","W1",11,0,"2025-05-14"
15688637,"Plus","N3",75,0,"2024-07-01"
15591179,"Basic","S2",74,0,"2023-08-27"
15677435,"Plus","S1",98,1,"2024-08-02"
15698619,"Basic","W1",69,1,"2023-04-18"
15581036,"Premium","S1",87,1,"2023-07-27"
15622117,"Basic","N3",55,0,"2025-02-27"
15599301,"Basic","S1",25,0,"2024-12-22"
15581548,"Plus","S2",93,0,"2023-10-29"
15586870,"Plus","S2",77,0,"2024-03-05"
15735263,"Basic","N1",96,1,"2023-12-14"
15765322,"Plus","N2",34,1,"2023-04-17"
15582944,"Basic","S1",12,0,"2025-06-10"
15687162,"Plus","S2",88,1,"2024-06-11"
15644962,"Plus","N2",21,0,"2025-01-20"
15612615,"Plus","N2",29,0,"2024-02-10"
15813439,"Plus","N1",51,0,"2025-01-03"
15604544,"Basic","N2",23,0,"2023-09-13"
15761348,"Basic","N2",33,0,"2023-10-28"
15785078,"Plus","W1",8,0,"2023-05-25"
15759874,"Basic","N3",42,1,"2024-11-06"
15643658,"Basic","N1",77,0,"2024-06-07"
15713267,"Basic","N1",69,0,"2024-07-15"
15737782,"Basic","S1",41,0,"2025-04-06"
15815490,"Plus","N2",74,1,"2023-12-26"
15679410,"Basic","S1",63,0,"2024-06-07"
15756241,"Plus","W1",14,1,"2024-04-28"
15688409,"Basic","S2",88,0,"2023-07-09"
15742272,"Basic","N2",62,0,"2023-10-23"
15717898,"Basic","S2",75,0,"2023-04-03"
15769582,"Basic","N3",46,0,"2023-05-10"
15635660,"Basic","W1",67,0,"2025-05-10"
15576723,"Plus","N2",93,0,"2024-04-28"
15591577,"Basic","S1",53,0,"2025-05-25"
15582325,"Plus","S1",52,0,"2024-02-13"
15693947,"Basic","N2",94,0,"2023-12-07"
15760446,"Basic","S1",7,1,"2023-08-02"
15611105,"Plus","N2",81,1,"2023-11-26"
15630920,"Basic","N1",84,1,"2025-06-13"
15574910,"Basic","S1",54,0,"2025-03-09"
15756472,"Basic","N2",11,0,"2023-06-24"
15682890,"Basic","N2",25,1,"2024-03-19"
15641994,"Plus","S1",59,0,"2023-07-20"
15733297,"Basic","N1",88,1,"2024-09-08"
15767793,"Plus","S1",66,1,"2025-01-12"
15725698,"Premium","N2",27,0,"2023-04-08"
15813532,"Basic","N1",83,0,"2023-04-13"
15576760,"Premium","S2",58,1,"2024-07-06"
15732102,"Basic","N3",93,1,"2023-05-31"
15739046,"Premium","S1",11,1,"2023-09-25"
15631927,"Basic","W1",55,0,"2025-04-18"
15672115,"Plus","N2",19,0,"2023-12-18"
15618765,"Basic","N1",92,0,"2024-04-11"
15679148,"Basic","N1",39,0,"2023-10-05"
15728474,"Plus","S2",85,0,"2024-07-21"
15636999,"Plus","S1",90,1,"2023-01-16"
15754261,"Basic","W1",86,0,"2024-03-31"
15629150,"Basic","N1",70,0,"2025-01-03"
15736274,"Plus","S2",11,0,"2023-06-28"
15627697,"Plus","N2",14,0,"2023-05-14"
15721585,"Premium","S2",60,1,"2023-09-15"
15639946,"Plus","S1",36,1,"2023-03-03"
15792176,"Premium","S2",41,0,"2024-04-26"
15699450,"Plus","N1",2,0,"2024-04-21"
15729954,"Basic","N1",57,0,"2024-09-26"
15600103,"Basic","N3",60,0,"2023-02-11"
15786200,"Plus","S2",20,0,"2024-01-08"
15797010,"Plus","N2",22,0,"2024-01-08"
15670172,"Basic","W1",4,1,"2023-10-26"
15627352,"Basic","W1",56,0,"2023-02-21"
15622494,"Premium","S1",93,0,"2024-01-14"
15585835,"Basic","N3",58,0,"2023-11-08"
15595071,"Basic","S2",88,1,"2024-08-01"
15667190,"Basic","N3",88,1,"2023-10-31"
15780212,"Basic","N1",58,0,"2023-02-04"
15766869,"Basic","S1",30,0,"2024-10-09"
15775741,"Basic","S2",76,1,"2024-08-10"
15628170,"Plus","W1",19,1,"2025-01-23"
15701318,"Basic","N2",62,0,"2024-05-07"
15710928,"Plus","N1",68,0,"2024-05-05"
15682547,"Premium","N3",79,0,"2025-03-10"
15631170,"Basic","S1",84,1,"2023-08-09"
15648702,"Plus","N3",44,0,"2025-03-23"
15783444,"Basic","W1",84,0,"2024-08-19"
15809178,"Premium","N3",61,1,"2023-05-03"
15806688,"Basic","N2",21,1,"2024-12-07"
15675422,"Plus","N1",10,0,"2023-04-12"
15681550,"Plus","S2",30,0,"2025-03-05"
15812628,"Basic","N2",24,0,"2025-06-05"
15597951,"Basic","W1",48,0,"2024-05-29"
15807045,"Plus","S1",55,0,"2023-11-09"
15581748,"Plus","W1",52,0,"2024-05-20"
15770420,"Basic","W1",38,0,"2024-05-08"
15608230,"Plus","N3",67,0,"2025-01-28"
15730339,"Basic","S1",93,1,"2024-10-21"
15712584,"Plus","N2",8,1,"2023-07-18"
15592816,"Basic","W1",29,0,"2024-09-24"
15641480,"Premium","N2",10,1,"2024-11-11"
15708505,"Basic","S2",69,0,"2024-05-27"
15791131,"Basic","N3",75,1,"2023-11-26"
15618225,"Basic","N2",68,0,"2024-09-12"
15644724,"Basic","S1",49,1,"2025-06-18"
15662098,"Basic","W1",58,0,"2023-11-23"
15723894,"Basic","S2",35,0,"2023-01-10"
15787699,"Plus","S1",50,1,"2023-05-07"
15687738,"Basic","N3",40,0,"2024-10-30"
15576126,"Basic","S2",12,0,"2023-08-19"
15658889,"Basic","S2",85,0,"2023-01-15"
15667046,"Basic","S2",16,0,"2025-02-25"
15669957,"Basic","W1",78,0,"2024-05-01"
15655794,"Basic","N1",85,0,"2024-03-17"
15599829,"Basic","S2",48,0,"2025-05-27"
15753332,"Basic","S1",91,0,"2024-07-11"
15671124,"Basic","S1",100,1,"2023-10-01"
15767474,"Plus","N3",1,0,"2024-09-09"
15720671,"Basic","N2",65,0,"2023-01-03"
15626787,"Basic","N2",22,0,"2023-11-22"
15774491,"Premium","N1",15,1,"2023-09-10"
15579647,"Basic","W1",84,1,"2024-06-17"
15625522,"Plus","W1",67,0,"2023-02-24"
15765806,"Basic","S2",14,1,"2025-06-04"
15566708,"Plus","N1",73,1,"2024-03-23"
15668347,"Plus","N3",19,1,"2023-10-24"
15575214,"Basic","N3",40,0,"2024-09-13"
15591123,"Premium","N2",98,0,"2024-01-08"
15573280,"Basic","N3",4,0,"2025-01-04"
15589018,"Basic","S2",33,0,"2024-04-13"
15654495,"Plus","S1",43,0,"2025-01-29"
15597265,"Plus","N3",37,0,"2023-05-16"
15733876,"Basic","N1",66,1,"2025-04-12"
15677217,"Basic","S2",27,0,"2025-06-17"
15747265,"Basic","N3",45,0,"2023-09-03"
15713379,"Basic","W1",81,1,"2023-03-11"
15730433,"Plus","N3",50,0,"2024-04-25"
15693347,"Basic","W1",95,0,"2024-06-13"
15715465,"Basic","S2",63,0,"2024-05-04"
15680736,"Basic","N3",6,1,"2024-05-17"
15610765,"Basic","W1",95,1,"2024-11-28"
15650034,"Basic","S1",67,0,"2023-04-27"
15782468,"Plus","N2",67,1,"2023-09-14"
15685109,"Premium","S2",97,0,"2025-02-28"
15776233,"Plus","W1",59,0,"2024-08-29"
15761141,"Basic","N1",13,0,"2024-03-03"
15781702,"Premium","N3",21,0,"2023-04-25"
15790235,"Plus","W1",64,0,"2024-05-08"
15641416,"Plus","W1",37,0,"2023-03-03"
15659475,"Basic","W1",80,0,"2025-02-25"
15642202,"Basic","N2",85,0,"2025-04-06"
15771417,"Basic","N1",48,0,"2024-05-11"
15700487,"Basic","N1",56,1,"2024-09-27"
15726589,"Basic","S1",44,0,"2023-03-21"
15747503,"Basic","N2",13,0,"2024-10-20"
15595883,"Basic","W1",4,0,"2024-04-29"
15663826,"Plus","S2",95,1,"2023-01-22"
15742820,"Basic","N2",73,0,"2024-08-17"
15624793,"Basic","N2",33,0,"2023-11-20"
15597930,"Premium","N1",37,0,"2024-05-31"
15665110,"Premium","S1",53,0,"2023-09-18"
15770719,"Plus","S1",24,0,"2025-03-02"
15731327,"Premium","N2",89,0,"2023-05-09"
15576044,"Basic","N2",51,1,"2024-09-17"
15775662,"Premium","N3",41,0,"2023-10-11"
15646817,"Basic","W1",29,1,"2023-02-16"
15596060,"Basic","N1",59,0,"2025-05-02"
15723299,"Basic","W1",40,0,"2023-07-07"
15636982,"Basic","S2",51,0,"2023-01-19"
15751175,"Basic","S2",50,0,"2024-08-21"
15618936,"Plus","S1",36,0,"2024-10-15"
15787529,"Plus","N1",79,1,"2025-02-01"
15780128,"Plus","W1",60,1,"2025-04-17"
15615991,"Basic","S1",18,1,"2025-05-31"
15757001,"Plus","S2",20,0,"2023-01-08"
15595388,"Plus","N2",5,0,"2023-02-06"
15699550,"Basic","N1",18,1,"2024-08-20"
15581620,"Plus","N1",40,0,"2023-03-13"
15600934,"Basic","W1",1,1,"2024-01-16"
15738672,"Basic","N3",19,1,"2023-09-23"
15721307,"Premium","W1",87,1,"2023-03-08"
739748391,"Basic","N2",26,0,"2024-10-14"
15768244,"Basic","N2",29,1,"2025-03-17"
15806837,"Premium","S1",59,0,"2023-03-05"
15643496,"Plus","N1",63,0,"2023-01-30"
15813916,"Basic","S1",98,0,"2025-06-18"
15626385,"Basic","N2",83,0,"2024-07-10"
15603582,"Basic","N3",62,0,"2024-10-07"
15764351,"Plus","N1",48,1,"2023-01-16"
15667938,"Basic","N2",62,0,"2023-10-05"
15576360,"Basic","N3",18,0,"2024-12-31"
15628813,"Premium","W1",66,0,"2023-10-04"
15584190,"Basic","S2",27,0,"2023-08-09"
15716449,"Basic","N2",6,0,"2023-07-12"
15759913,"Basic","S2",70,1,"2024-10-31"
15701555,"Plus","S1",59,0,"2023-01-24"
15758482,"Basic","S2",6,1,"2025-04-11"
15758171,"Basic","N2",31,1,"2023-05-21"
15680346,"Plus","S2",94,0,"2025-01-03"
15649124,"Basic","N1",56,0,"2023-01-26"
15812917,"Basic","N2",54,0,"2023-04-08"
15768455,"Basic","N3",85,1,"2023-10-03"
15703059,"Basic","S2",41,0,"2024-07-26"
15646196,"Basic","N1",18,0,"2025-06-10"
15585451,"Basic","S1",87,1,"2023-08-31"
15714057,"Basic","S1",23,1,"2024-03-08"
15748473,"Basic","S2",92,0,"2023-01-09"
15785782,"Plus","S1",36,1,"2025-06-14"
15693233,"Premium","N3",25,0,"2025-05-18"
15757521,"Plus","N2",7,1,"2023-09-29"
15812513,"Premium","N1",82,0,"2025-02-10"
15674950,"Basic","W1",20,0,"2023-02-01"
15678572,"Premium","S2",5,0,"2025-05-01"
15713608,"Basic","S1",18,0,"2024-08-27"
15579262,"Premium","N2",33,0,"2024-04-23"
15610426,"Premium","W1",79,0,"2023-05-08"
15776454,"Plus","N3",35,0,"2025-01-18"
15771483,"Premium","S1",65,0,"2023-01-17"
15648489,"Plus","S1",63,1,"2024-07-06"
15646609,"Basic","N1",85,0,"2024-04-17"
15693203,"Basic","N3",72,0,"2023-10-28"
15813067,"Plus","N3",71,1,"2025-02-22"
15769829,"Basic","S2",41,0,"2025-02-26"
15662434,"Plus","W1",50,1,"2023-02-11"
15773503,"Premium","N1",30,1,"2025-02-16"
15705890,"Basic","S2",38,0,"2023-02-21"
15711398,"Plus","N1",35,1,"2023-07-07"
15752375,"Premium","N3",66,0,"2023-05-31"
15659175,"Premium","N1",46,0,"2023-09-01"
15597033,"Premium","N1",8,0,"2025-03-11"
15590228,"Basic","N1",68,0,"2024-05-05"
15631848,"Premium","N2",37,0,"2023-05-07"
15654211,"Plus","N2",85,1,"2024-12-17"
15707968,"Basic","W1",13,0,"2024-02-13"
15594084,"Basic","W1",73,1,"2025-03-28"
15651093,"Plus","N3",45,1,"2025-05-18"
15798824,"Basic","N1",29,1,"2024-09-03"
15671591,"Plus","N3",41,0,"2023-12-10"
15707189,"Plus","N2",56,0,"2024-08-13"
15733581,"Basic","N1",88,1,"2024-11-25"
15641640,"Plus","S2",16,1,"2023-04-08"
15585284,"Plus","N2",12,1,"2023-03-09"
15617866,"Basic","N2",66,1,"2025-04-25"
15667751,"Basic","N2",62,0,"2025-06-18"
15669411,"Basic","N1",19,1,"2023-01-28"
15789425,"Basic","W1",30,0,"2023-01-29"
15570943,"Premium","S1",16,0,"2025-04-29"
15685829,"Basic","S2",88,0,"2024-09-25"
15721917,"Plus","S2",13,1,"2023-07-31"
15776047,"Basic","N3",69,1,"2024-11-18"
15716024,"Basic","N1",23,0,"2024-09-08"
15675328,"Plus","W1",62,0,"2024-04-24"
15604314,"Plus","N2",31,1,"2023-03-13"
15658339,"Basic","S1",53,0,"2024-05-05"
15630402,"Basic","N1",17,0,"2023-04-20"
15689616,"Basic","N1",49,0,"2023-04-23"
15774224,"Basic","W1",49,0,"2024-02-01"
15701291,"Plus","S1",67,1,"2023-08-20"
15719606,"Basic","N2",26,0,"2023-02-12"
15644119,"Basic","N1",13,0,"2023-09-22"
15646859,"Basic","S2",38,0,"2025-03-18"
15606836,"Premium","S2",22,0,"2023-02-15"
15664150,"Premium","S1",85,0,"2024-07-23"
15624510,"Basic","N2",29,1,"2023-08-13"
15810944,"Plus","S1",45,1,"2024-10-13"
15668575,"Basic","N1",46,1,"2023-04-11"
15603246,"Basic","S2",39,1,"2023-10-08"
15804002,"Plus","N3",69,0,"2023-08-26"
15728773,"Premium","S1",78,0,"2024-08-23"
15598044,"Premium","N3",82,0,"2023-09-03"
15694829,"Plus","N3",68,0,"2024-11-21"
15600575,"Basic","W1",97,0,"2025-06-10"
15727311,"Plus","S2",39,0,"2025-01-12"
15570769,"Basic","S1",20,0,"2023-04-09"
15606274,"Plus","N3",77,0,"2024-12-27"
15746139,"Basic","N1",100,0,"2023-07-19"
15704987,"Plus","W1",68,0,"2023-09-13"
15628972,"Basic","N2",35,0,"2024-03-12"
15697686,"Basic","W1",8,0,"2024-05-08"
15733883,"Premium","N2",52,0,"2024-03-11"
15617482,"Basic","S2",40,0,"2024-12-07"
15704583,"Basic","S1",36,1,"2025-06-10"
15621083,"Basic","S1",6,0,"2023-01-24"
15649487,"Basic","N2",86,0,"2023-12-29"
15736760,"Basic","N1",70,0,"2023-09-27"
15714658,"Basic","N2",100,0,"2025-02-28"
15599081,"Premium","N2",73,0,"2025-01-07"
15705113,"Basic","S1",16,0,"2023-08-16"
15631159,"Premium","N3",46,0,"2023-05-08"
15792818,"Plus","N1",59,0,"2024-06-26"
15633531,"Basic","S1",38,0,"2025-05-02"
15744529,"Plus","W1",97,0,"2025-02-01"
15669656,"Basic","N2",18,0,"2023-02-27"
15581198,"Plus","N3",12,1,"2023-11-21"
15573452,"Basic","N1",54,0,"2024-10-20"
15776733,"Basic","S2",91,0,"2023-04-16"
15724858,"Premium","N1",47,0,"2024-03-12"
15713144,"Premium","N1",1,0,"2023-03-26"
15690188,"Premium","N2",15,0,"2023-01-02"
15689425,"Basic","N2",91,0,"2024-03-12"
15671766,"Plus","S2",80,0,"2024-03-26"
15782806,"Basic","S2",21,0,"2025-03-25"
15764419,"Basic","S2",1,0,"2025-06-01"
15591915,"Basic","S1",93,0,"2024-07-18"
15772798,"Plus","S1",67,0,"2024-03-16"
15792008,"Basic","N2",12,0,"2023-08-10"
15715541,"Basic","N2",28,0,"2023-01-25"
15639277,"Premium","S2",39,0,"2023-02-04"
15798850,"Basic","S1",37,0,"2024-10-30"
15776348,"Basic","N3",95,0,"2023-12-09"
15727696,"Basic","S1",60,1,"2024-01-01"
15793813,"Premium","N2",31,0,"2024-10-18"
15694395,"Basic","S1",58,1,"2023-12-02"
15764195,"Basic","N2",97,0,"2024-03-08"
15744919,"Plus","S2",97,0,"2024-04-01"
15671655,"Plus","S2",11,0,"2025-06-17"
15654901,"Basic","S2",29,1,"2025-02-28"
15649136,"Plus","N3",89,1,"2024-04-23"
15775562,"Plus","N3",13,0,"2024-02-02"
15807481,"Plus","N2",51,0,"2025-06-17"
15642885,"Basic","N1",54,0,"2025-03-16"
15789109,"Premium","W1",19,1,"2023-12-09"
15814004,"Basic","N3",58,0,"2025-02-27"
15673619,"Basic","N2",36,0,"2024-11-21"
15595135,"Basic","S1",28,0,"2023-10-07"
15605000,"Basic","S2",68,0,"2023-12-18"
15718071,"Basic","S2",3,0,"2025-03-23"
15679760,"Plus","S2",89,0,"2023-07-16"
15654574,"Basic","N2",41,0,"2023-08-13"
15577178,"Basic","S2",35,0,"2023-02-16"
15595324,"Basic","N3",93,0,"2023-07-04"
15756932,"Basic","S1",93,0,"2023-06-11"
15726358,"Premium","S2",76,0,"2024-10-04"
15595228,"Basic","N2",99,1,"2023-10-22"
15782530,"Basic","S1",84,0,"2023-04-02"
15651983,"Basic","S2",81,0,"2024-08-09"
15746737,"Basic","N1",76,1,"2024-10-11"
15774179,"Basic","S2",50,1,"2023-06-17"
15667265,"Plus","W1",100,1,"2023-09-15"
15655123,"Premium","N3",74,0,"2025-01-19"
15595917,"Basic","S1",82,0,"2024-07-10"
15668385,"Plus","N3",30,0,"2023-11-05"
15709476,"Plus","N1",72,0,"2024-10-10"
15711218,"Plus","N1",77,0,"2024-09-06"
15798659,"Basic","W1",95,0,"2023-05-09"
15663939,"Basic","N3",70,0,"2024-11-03"
15694946,"Basic","S1",54,0,"2024-07-03"
15631912,"Plus","N1",71,0,"2024-07-22"
15768816,"Plus","N1",85,0,"2023-06-10"
15682268,"Basic","S2",51,0,"2023-06-25"
15684801,"Basic","W1",28,0,"2025-02-09"
15636428,"Premium","N2",64,0,"2023-10-15"
15809823,"Plus","N1",85,1,"2024-02-09"
15699284,"Premium","S1",21,0,"2025-04-15"
15786993,"Plus","S1",88,1,"2024-10-18"
15709441,"Basic","S2",27,0,"2024-08-02"
15710257,"Plus","S1",27,0,"2023-12-06"
15582492,"Plus","S2",77,0,"2023-09-25"
15575694,"Basic","N1",50,0,"2023-08-06"
15756820,"Basic","N1",29,0,"2025-03-23"
15766289,"Plus","N1",39,0,"2023-06-13"
15593014,"Basic","N1",57,0,"2025-04-27"
15584545,"Plus","N2",92,0,"2024-11-21"
15675949,"Plus","W1",37,0,"2024-01-26"
15672091,"Premium","W1",93,0,"2024-02-21"
15801658,"Basic","N2",64,0,"2023-02-17"
15706185,"Basic","N1",48,1,"2023-07-13"
15789863,"Plus","S1",22,1,"2025-03-11"
15720943,"Basic","S2",100,1,"2024-12-18"
15697997,"Plus","W1",30,0,"2023-03-25"
15665416,"Plus","N3",28,1,"2024-09-04"
15660200,"Basic","S2",23,1,"2024-10-28"
15619653,"Basic","N3",97,0,"2023-02-16"
15773447,"Basic","N3",4,0,"2023-08-22"
15739160,"Basic","N1",3,1,"2025-05-02"
15689237,"Premium","N3",61,1,"2023-10-26"
15679297,"Plus","N1",96,0,"2025-04-27"
15591433,"Plus","N2",4,0,"2023-05-27"
15642725,"Plus","S1",65,1,"2023-07-15"
15701962,"Basic","N3",12,0,"2023-01-22"
15811613,"Premium","S1",13,0,"2023-07-13"
15741049,"Plus","N1",34,1,"2024-01-21"
15724423,"Plus","N3",59,1,"2023-12-30"
15574305,"Premium","S2",93,1,"2025-05-15"
15678168,"Basic","N2",73,0,"2023-10-01"
15697020,"Plus","W1",31,0,"2024-01-19"
15610801,"Basic","N2",71,1,"2023-07-27"
15745232,"Basic","N3",13,0,"2023-10-02"
15722758,"Basic","N2",54,1,"2024-12-29"
15792102,"Premium","W1",2,0,"2024-05-10"
15675185,"Premium","S2",33,0,"2024-06-22"
15801247,"Plus","S1",50,0,"2024-06-10"
15725660,"Plus","S2",7,0,"2023-06-08"
15638963,"Plus","N2",18,0,"2024-12-26"
15800061,"Premium","W1",51,0,"2024-04-04"
15578006,"Basic","S1",8,0,"2024-01-29"
15668504,"Basic","W1",55,0,"2024-03-14"
15687491,"Basic","S2",76,1,"2024-01-14"
15610403,"Plus","N1",43,0,"2025-05-12"
15741094,"Plus","N1",59,0,"2023-06-13"
15807909,"Basic","S1",30,0,"2024-09-30"
15666141,"Basic","S1",59,0,"2023-11-26"
15617134,"Plus","S1",9,0,"2024-07-23"
15783029,"Basic","N1",92,0,"2023-05-27"
15622833,"Plus","S2",68,0,"2025-02-06"
15746422,"Premium","S1",39,0,"2023-04-20"
15750839,"Basic","N1",81,0,"2024-01-29"
15749130,"Basic","S1",11,1,"2024-07-14"
15779862,"Plus","S1",2,1,"2023-07-01"
15679651,"Basic","S1",63,0,"2024-03-18"
15576219,"Premium","N1",22,1,"2025-01-16"
15699247,"Basic","S2",61,0,"2025-01-23"
15619087,"Basic","N1",26,0,"2023-05-10"
15605327,"Plus","N1",12,0,"2025-04-22"
15610140,"Premium","S1",32,1,"2025-02-14"
15791174,"Basic","W1",9,1,"2024-02-07"
15602373,"Plus","N3",69,0,"2024-05-19"
15762605,"Plus","N3",90,0,"2024-12-20"
15598840,"Basic","N3",71,1,"2024-10-15"
15744279,"Basic","N1",93,0,"2023-01-22"
15670619,"Premium","S1",33,0,"2023-01-17"
15599533,"Basic","N3",24,0,"2025-05-24"
15757837,"Basic","N2",89,1,"2025-04-10"
15697574,"Basic","N2",95,0,"2024-09-25"
15578738,"Premium","N2",93,1,"2023-10-09"
15762228,"Plus","S2",69,0,"2023-08-15"
15614827,"Plus","S1",38,0,"2024-02-24"
15789815,"Basic","N1",11,0,"2024-01-08"
15579781,"Plus","N1",32,1,"2023-10-28"
15587013,"Plus","S1",64,0,"2023-10-13"
15570932,"Plus","W1",72,0,"2023-04-26"
15581654,"Premium","W1",20,0,"2023-05-29"
15644296,"Basic","S2",34,0,"2024-02-08"
15614420,"Plus","S1",42,1,"2024-11-12"
15609653,"Basic","W1",8,0,"2023-03-31"
15594577,"Basic","S2",66,0,"2023-04-29"
15584114,"Basic","N3",21,0,"2024-11-26"
15673367,"Basic","N3",79,0,"2025-02-14"
15685576,"Basic","S2",70,1,"2025-01-08"
15774727,"Plus","S1",5,0,"2023-04-03"
15694288,"Basic","N3",67,0,"2024-09-20"
15603319,"Plus","S1",43,0,"2024-03-22"
15759066,"Basic","W1",16,0,"2023-11-08"
15814816,"Basic","N3",99,0,"2023-11-14"
15724402,"Plus","W1",73,0,"2023-05-01"
15571059,"Basic","S1",35,1,"2023-11-13"
15674206,"Basic","S1",83,0,"2023-05-18"
15715160,"Plus","N2",43,0,"2025-01-12"
15730448,"Basic","S2",98,0,"2025-03-28"
15662067,"Basic","N1",39,0,"2024-10-21"
15779581,"Basic","S2",10,0,"2023-10-11"
15662901,"Premium","S1",74,0,"2024-10-15"
15689751,"Plus","S1",20,0,"2025-04-23"
15667742,"Plus","S2",1,0,"2024-06-03"
15738448,"Plus","S1",6,1,"2024-05-19"
15680243,"Basic","W1",53,0,"2024-01-26"
15745083,"Basic","N3",46,1,"2023-01-05"
15708228,"Plus","S1",66,0,"2025-02-07"
15628523,"Basic","S2",38,0,"2024-01-02"
15708196,"Basic","S2",33,0,"2025-04-20"
15735549,"Basic","S2",67,0,"2024-05-06"
15809347,"Basic","N2",100,0,"2025-01-27"
15660866,"Premium","W1",77,0,"2024-04-10"
15766609,"Basic","W1",35,0,"2023-08-23"
15654230,"Basic","N2",79,0,"2023-12-28"
15794566,"Basic","W1",45,0,"2024-06-05"
15800890,"Premium","N2",22,0,"2023-08-30"
15697424,"Basic","W1",68,0,"2024-03-17"
15724536,"Basic","N2",17,0,"2025-04-12"
15735878,"Plus","N2",5,1,"2023-07-07"
15707596,"Plus","W1",85,1,"2024-02-08"
15657163,"Basic","N2",57,0,"2025-04-05"
15622478,"Basic","W1",88,0,"2024-03-02"
15779529,"Basic","N2",95,0,"2024-02-17"
15636023,"Basic","S2",40,1,"2024-05-28"
15582066,"Basic","N1",30,1,"2023-06-03"
15666675,"Basic","W1",42,0,"2023-07-22"
15732987,"Basic","N2",7,1,"2023-08-05"
15789432,"Basic","S2",71,0,"2024-04-26"
15663161,"Plus","N1",91,1,"2023-11-11"
15694879,"Premium","N2",88,0,"2024-09-08"
15593715,"Plus","N1",19,0,"2023-01-01"
15575002,"Basic","W1",41,1,"2025-02-04"
15622171,"Basic","N1",34,0,"2024-05-17"
15795224,"Premium","N3",22,1,"2025-03-09"
15685346,"Basic","S1",52,0,"2025-03-16"
15691808,"Basic","N3",91,0,"2023-10-05"
15721007,"Plus","W1",6,1,"2023-07-13"
15794253,"Plus","W1",74,0,"2025-02-07"
15694453,"Plus","N1",95,0,"2025-01-31"
15813113,"Basic","S2",25,0,"2023-09-05"
15614187,"Basic","N2",66,1,"2023-03-29"
15619407,"Premium","S1",10,1,"2024-03-09"
15646227,"Basic","N2",74,0,"2024-02-24"
15660541,"Plus","S2",26,0,"2023-09-10"
15753874,"Plus","W1",5,0,"2024-03-04"
15617877,"Plus","S1",86,0,"2023-06-13"
15772073,"Basic","N3",68,1,"2024-05-09"
15701537,"Basic","W1",98,0,"2023-06-11"
15736228,"Plus","W1",71,0,"2024-05-21"
15780572,"Premium","N1",50,0,"2023-09-22"
15769596,"Premium","S2",17,1,"2023-04-20"
15586996,"Basic","N1",11,0,"2025-05-01"
15722061,"Basic","N1",53,1,"2025-06-18"
15638003,"Premium","N2",50,0,"2024-12-19"
15775590,"Plus","W1",8,1,"2023-11-15"
15730688,"Premium","S2",92,0,"2023-05-12"
15753102,"Basic","N1",97,0,"2023-05-13"
15810075,"Plus","N3",62,0,"2024-01-29"
15723373,"Plus","S1",89,0,"2024-09-11"
15795298,"Plus","S2",85,0,"2024-11-14"
15584320,"Basic","N2",76,1,"2024-07-05"
15724161,"Basic","S2",90,0,"2025-03-14"
15609637,"Basic","N2",99,0,"2024-07-24"
15794493,"Basic","S1",44,0,"2024-12-05"
15569641,"Premium","N3",45,1,"2024-12-22"
15815236,"Basic","N1",29,1,"2024-01-07"
15811177,"Plus","S2",88,0,"2023-01-31"
15680587,"Basic","N2",59,0,"2023-06-23"
15672821,"Plus","S1",15,1,"2025-03-27"
15767681,"Premium","N1",70,1,"2024-01-25"
15600379,"Basic","S1",96,1,"2024-12-10"
15801336,"Basic","N3",44,1,"2023-04-16"
15721592,"Basic","N1",98,0,"2023-10-02"
15581282,"Basic","N1",36,1,"2023-04-06"
15746203,"Plus","N1",84,0,"2024-11-12"
15583137,"Premium","N2",57,0,"2023-01-30"
15680752,"Basic","N1",64,0,"2025-03-04"
15688172,"Basic","S1",76,0,"2025-06-17"
15791373,"Basic","N2",99,0,"2023-06-10"
15589449,"Plus","N1",38,0,"2023-11-02"
15692819,"Basic","S1",17,0,"2024-09-14"
15727467,"Plus","S1",27,0,"2024-12-24"
15734312,"Plus","S2",17,0,"2023-07-15"
15764604,"Plus","S1",63,0,"2024-08-30"
15613014,"Basic","W1",11,0,"2023-12-04"
15759684,"Plus","N3",64,1,"2023-05-18"
15609669,"Basic","N1",39,0,"2025-02-28"
15685536,"Basic","N1",2,0,"2024-03-22"
15750447,"Premium","N1",66,1,"2023-11-06"
15663249,"Plus","S1",54,0,"2023-06-28"
15638646,"Basic","S1",29,0,"2023-12-03"
15734161,"Basic","N1",45,0,"2023-08-22"
15631070,"Basic","W1",88,1,"2023-09-06"
15649668,"Basic","N2",88,1,"2023-05-12"
15713912,"Basic","N2",80,0,"2023-09-06"
15586757,"Basic","N3",31,1,"2025-03-15"
15596522,"Basic","S2",49,1,"2024-03-30"
15625395,"Plus","N3",9,0,"2024-05-13"
15760570,"Plus","N1",27,0,"2023-03-04"
15566689,"Plus","N1",56,1,"2025-03-29"
15725794,"Basic","N1",78,0,"2024-01-27"
15673539,"Premium","S2",45,0,"2023-09-14"
15705298,"Plus","S1",89,0,"2023-09-05"
15675791,"Plus","S2",43,0,"2023-09-21"
15747043,"Plus","N3",22,0,"2024-04-11"
15736397,"Premium","S1",99,0,"2025-04-28"
15678201,"Basic","S1",33,0,"2023-12-27"
15720745,"Basic","N3",27,1,"2025-05-29"
15637593,"Plus","S1",40,0,"2024-01-28"
15787550,"Plus","N2",26,0,"2023-06-28"
15603942,"Plus","N3",83,1,"2024-05-20"
15733973,"Basic","N3",45,1,"2025-04-06"
15596761,"Basic","N2",45,0,"2025-03-23"
15652400,"Basic","S2",26,0,"2024-05-13"
15717893,"Premium","S2",70,0,"2024-11-07"
15622585,"Plus","S2",67,1,"2024-08-25"
15733964,"Basic","S1",6,0,"2025-04-13"
15753861,"Basic","N2",28,0,"2024-12-04"
15747097,"Basic","N3",67,1,"2023-10-19"
15594762,"Premium","N3",13,0,"2024-08-10"
15667417,"Plus","N3",63,1,"2025-03-28"
15684861,"Plus","S1",13,0,"2023-04-09"
15742204,"Basic","S1",77,0,"2024-08-29"
15623502,"Plus","W1",1,0,"2023-06-30"
15774872,"Basic","S2",40,0,"2024-02-07"
15611191,"Plus","W1",37,1,"2024-10-27"
15674331,"Basic","W1",31,1,"2024-01-09"
15619465,"Basic","S1",17,1,"2025-05-17"
15575247,"Plus","S2",9,0,"2025-04-15"
15695679,"Premium","S2",64,0,"2024-09-15"
15713463,"Basic","N3",57,0,"2024-11-13"
15785170,"Plus","S1",13,0,"2023-09-10"
15796351,"Basic","S2",37,0,"2025-06-13"
15639576,"Basic","W1",14,1,"2025-05-12"
15693264,"Basic","N2",75,0,"2023-05-02"
15589715,"Basic","N2",25,0,"2024-03-17"
15769902,"Basic","S1",95,1,"2024-12-17"
15587177,"Basic","N3",78,0,"2023-09-02"
15814553,"Basic","N3",57,0,"2024-09-30"
15601550,"Premium","S2",71,0,"2024-05-05"
15664907,"Basic","S1",88,1,"2025-05-20"
15612465,"Plus","N2",100,0,"2025-04-06"
15810800,"Basic","W1",42,0,"2023-02-15"
15665760,"Plus","S2",42,1,"2024-03-27"
15588080,"Basic","W1",47,1,"2023-10-23"
15776844,"Basic","S2",44,1,"2025-01-17"
15717560,"Basic","N1",41,0,"2023-05-21"
15629739,"Basic","W1",3,1,"2024-09-24"
15729908,"Basic","S1",90,0,"2025-05-22"
15716781,"Plus","W1",90,0,"2024-06-04"
15646936,"Premium","W1",1,0,"2023-03-07"
15768151,"Plus","S2",79,1,"2024-04-27"
15579212,"Plus","N2",11,0,"2023-11-05"
15721835,"Basic","N1",7,0,"2024-04-04"
15800515,"Basic","W1",12,0,"2024-08-15"
15591279,"Basic","N2",38,0,"2025-02-10"
15587419,"Basic","N3",54,0,"2025-06-12"
15750335,"Basic","N1",67,0,"2024-02-02"
15699619,"Basic","N1",53,1,"2024-04-13"
15606472,"Basic","S2",90,0,"2024-09-08"
15778368,"Basic","W1",94,1,"2024-01-27"
15671387,"Plus","N3",32,0,"2023-04-07"
15573926,"Plus","S2",100,0,"2023-07-09"
15709183,"Basic","S1",45,0,"2025-05-09"
15577514,"Premium","N2",51,1,"2023-07-14"
15778830,"Premium","N2",37,0,"2023-11-30"
15768072,"Basic","S2",59,0,"2023-03-24"
15768293,"Basic","N2",54,0,"2023-09-08"
15654456,"Basic","W1",18,1,"2023-03-11"
15807525,"Premium","N2",1,0,"2023-10-19"
15574372,"Premium","W1",21,0,"2023-12-06"
15671249,"Basic","S1",28,1,"2024-01-20"
15779744,"Basic","N3",16,1,"2024-11-30"
15624755,"Plus","N1",48,0,"2024-04-02"
15611430,"Basic","S2",28,0,"2023-05-21"
15774744,"Basic","S2",22,0,"2023-05-20"
15629885,"Premium","W1",83,1,"2023-03-16"
15708791,"Plus","S1",1,0,"2023-04-10"
15793890,"Plus","S1",95,1,"2024-10-18"
15646091,"Premium","N1",42,1,"2023-06-24"
15596984,"Plus","N3",98,1,"2025-03-31"
15800215,"Basic","S2",70,1,"2025-01-02"
15577806,"Plus","W1",92,0,"2023-11-19"
15749381,"Basic","S1",3,0,"2024-04-21"
15683758,"Plus","S2",95,0,"2023-01-10"
15670615,"Basic","W1",80,0,"2023-02-15"
15715622,"Plus","N2",81,0,"2025-04-30"
15707634,"Basic","S2",44,0,"2024-09-20"
15806901,"Basic","N3",27,1,"2024-05-30"
15775335,"Basic","W1",51,1,"2023-11-09"
15724150,"Basic","N3",24,0,"2023-08-26"
15627220,"Plus","S2",20,0,"2025-03-16"
15672330,"Plus","N2",32,0,"2023-01-31"
15668521,"Basic","N3",99,1,"2024-05-24"
15807837,"Basic","S1",13,0,"2023-05-10"
15592570,"Basic","W1",43,1,"2025-01-22"
15748589,"Basic","S2",20,1,"2024-01-20"
15635893,"Basic","N2",2,1,"2024-08-15"
15757632,"Premium","S1",68,1,"2023-01-25"
15691863,"Basic","S2",91,1,"2023-09-18"
15706071,"Basic","N2",60,1,"2024-07-13"
15654296,"Basic","S1",89,0,"2024-02-02"
15755018,"Basic","N3",4,0,"2024-07-17"
15594041,"Basic","S2",96,1,"2023-11-26"
15670587,"Plus","S2",17,0,"2023-05-29"
15724527,"Basic","N3",1,0,"2024-02-13"
15801904,"Basic","N1",33,1,"2024-09-02"
15658195,"Basic","S1",30,1,"2024-08-01"
15630113,"Basic","N3",5,0,"2024-12-22"
15784320,"Basic","S2",12,0,"2025-01-29"
15676513,"Premium","S1",32,0,"2023-04-29"
15574072,"Plus","S1",38,0,"2024-03-09"
15633854,"Plus","N1",17,1,"2023-08-16"
15618566,"Basic","S2",58,0,"2024-09-06"
15733014,"Basic","N2",40,1,"2025-03-11"
15753343,"Basic","N1",96,0,"2023-08-28"
15746076,"Plus","N1",24,0,"2023-08-20"
15608226,"Plus","N2",12,1,"2023-10-17"
15605684,"Basic","N2",95,0,"2023-06-03"
15638988,"Basic","N1",19,0,"2024-11-12"
15628767,"Basic","S1",29,1,"2023-06-08"
15737977,"Premium","N3",85,1,"2024-09-16"
15758116,"Plus","N3",90,0,"2024-07-16"
15575119,"Basic","N1",52,0,"2024-04-20"
15625126,"Basic","S1",92,0,"2024-07-01"
15567114,"Plus","N2",17,1,"2023-01-13"
15672242,"Basic","W1",73,1,"2025-05-02"
15681327,"Basic","N1",21,0,"2024-05-21"
15802585,"Basic","S2",60,0,"2023-08-06"
15740630,"Plus","S1",98,1,"2025-01-24"
15815420,"Basic","S2",75,0,"2025-01-04"
15711468,"Basic","S2",20,1,"2024-12-20"
15799626,"Premium","N1",53,1,"2025-02-19"
15659325,"Basic","S1",80,1,"2023-08-10"
15651352,"Basic","S2",63,1,"2023-10-15"
15684925,"Basic","S1",57,0,"2024-06-07"
15657439,"Basic","N3",29,0,"2024-05-01"
15574122,"Plus","W1",1,1,"2024-11-29"
15720508,"Basic","S2",82,0,"2024-11-11"
15599078,"Basic","S2",59,0,"2025-03-15"
15702300,"Plus","S1",64,0,"2023-11-20"
15660735,"Plus","W1",86,0,"2024-09-09"
15671390,"Plus","N3",72,0,"2023-06-25"
15647385,"Basic","S2",71,1,"2025-05-10"
15631305,"Basic","N1",89,0,"2023-02-10"
15809263,"Plus","S1",94,0,"2025-04-03"
15640866,"Basic","S1",98,0,"2023-11-21"
15775663,"Plus","S2",44,0,"2025-01-30"
15631800,"Plus","N3",48,1,"2023-09-24"
15654292,"Plus","S2",75,0,"2025-01-03"
15648320,"Basic","N2",15,0,"2024-01-28"
15726747,"Basic","S2",35,0,"2023-04-23"
15694510,"Plus","W1",23,1,"2023-10-11"
15572291,"Basic","W1",53,0,"2025-02-28"
15603465,"Basic","N2",45,0,"2023-07-22"
15685628,"Premium","W1",85,0,"2025-05-02"
15792729,"Premium","W1",92,0,"2025-02-12"
15767414,"Basic","N1",13,0,"2025-03-04"
15568044,"Basic","S1",34,1,"2023-05-24"
15751333,"Basic","W1",38,0,"2023-08-31"
15623062,"Plus","S1",70,1,"2025-02-20"
15713621,"Premium","N3",68,0,"2023-02-04"
15670668,"Basic","S2",5,0,"2025-03-20"
15750638,"Basic","N1",40,1,"2023-02-22"
15747878,"Premium","N2",70,0,"2024-05-17"
15726796,"Basic","N3",21,1,"2023-12-22"
15754952,"Basic","N1",28,1,"2023-05-30"
15652192,"Premium","N1",3,1,"2024-03-12"
15681924,"Basic","N2",23,0,"2024-03-25"
15763544,"Plus","N2",72,0,"2024-06-08"
15764431,"Basic","S1",19,0,"2023-09-24"
15684010,"Basic","S2",75,0,"2024-08-31"
15648881,"Plus","N3",50,0,"2023-03-27"
15733303,"Basic","S2",74,0,"2023-11-05"
15643294,"Premium","N3",58,0,"2023-09-22"
15749905,"Plus","N1",92,0,"2024-05-06"
15625175,"Basic","W1",20,1,"2024-08-05"
15643967,"Basic","W1",92,1,"2023-01-17"
15578251,"Basic","N2",93,0,"2023-07-08"
15772573,"Basic","N2",72,1,"2024-06-05"
15733234,"Basic","N1",83,0,"2023-06-15"
15721582,"Basic","N1",53,0,"2025-06-09"
15628219,"Basic","N3",85,0,"2024-07-04"
15571302,"Plus","N1",82,1,"2025-05-27"
15637178,"Plus","N3",9,0,"2023-12-11"
15601184,"Plus","S2",4,0,"2023-08-07"
15629511,"Basic","N2",41,1,"2023-04-04"
15570629,"Basic","N2",25,0,"2023-06-07"
15665766,"Plus","W1",34,1,"2025-05-24"
15693732,"Basic","W1",73,0,"2023-02-03"
15765982,"Basic","N2",9,1,"2025-03-11"
15582016,"Plus","S2",82,0,"2024-02-20"
15798024,"Plus","S2",75,1,"2024-05-20"
15588622,"Basic","S1",13,1,"2024-05-04"
15724863,"Basic","N3",9,1,"2024-06-07"
15618213,"Plus","W1",80,0,"2023-08-21"
15780411,"Plus","N3",4,1,"2024-08-21"
15725429,"Plus","W1",34,1,"2024-08-27"
15600626,"Plus","S1",7,0,"2023-04-17"
15668460,"Plus","N2",15,1,"2023-07-12"
15576263,"Basic","N3",38,0,"2024-04-12"
15720354,"Basic","W1",75,0,"2024-06-05"
15691624,"Plus","N3",96,0,"2024-09-28"
15793196,"Plus","N2",91,0,"2025-02-25"
15633352,"Plus","N1",94,0,"2023-10-06"
15750874,"Basic","W1",52,0,"2023-05-08"
15588923,"Basic","N1",81,0,"2023-12-07"
15715745,"Premium","S1",100,0,"2024-11-27"
15611800,"Plus","S2",83,1,"2025-05-24"
15576928,"Premium","N3",7,0,"2025-05-16"
15793693,"Plus","W1",45,0,"2023-02-28"
15581252,"Plus","N3",59,0,"2023-07-01"
15797760,"Plus","S1",21,0,"2024-08-08"
15790564,"Premium","S1",28,0,"2024-05-28"
15593736,"Plus","N3",3,0,"2023-08-31"
15595937,"Plus","W1",14,1,"2023-08-16"
15815628,"Basic","N2",2,0,"2024-07-13"
15782802,"Basic","N2",29,0,"2024-06-01"
15627412,"Plus","S2",18,0,"2024-07-08"
15734609,"Basic","N3",37,1,"2023-05-25"
15710689,"Basic","N3",45,0,"2023-05-07"
15565806,"Basic","W1",45,0,"2023-12-01"
15815530,"Basic","N3",24,1,"2025-01-27"
15632272,"Basic","W1",46,1,"2024-02-12"
15684103,"Basic","N3",12,0,"2023-05-01"
15654519,"Premium","S1",53,0,"2025-01-13"
15767722,"Basic","N1",45,0,"2025-06-06"
15654346,"Basic","N3",32,0,"2024-12-01"
15660147,"Basic","N1",18,0,"2023-10-12"
15814998,"Plus","N2",13,0,"2023-08-30"
15802207,"Basic","S2",4,1,"2023-03-19"
15658668,"Plus","N2",23,0,"2024-07-23"
15715079,"Plus","N3",62,0,"2024-03-25"
15570360,"Plus","W1",54,0,"2024-04-14"
15780925,"Basic","N2",74,0,"2023-06-30"
15688193,"Plus","S1",55,0,"2024-08-04"
15778219,"Basic","N1",69,1,"2023-09-22"
15696514,"Premium","W1",40,1,"2024-12-16"
15712303,"Plus","W1",14,1,"2024-11-12"
15719090,"Basic","N3",98,1,"2023-10-22"
15735632,"Basic","S1",28,1,"2025-06-08"
15619436,"Basic","N1",72,0,"2023-09-04"
15722404,"Plus","S1",80,0,"2024-02-28"
15662063,"Basic","N2",95,1,"2023-02-28"
15745605,"Plus","N3",71,0,"2025-03-22"
15636658,"Basic","W1",67,0,"2025-04-12"
15784130,"Plus","W1",29,1,"2024-04-02"
15606755,"Plus","N2",100,1,"2023-01-11"
15801699,"Plus","W1",61,0,"2023-12-13"
15784097,"Plus","S2",68,0,"2025-05-01"
15764654,"Basic","N3",9,0,"2023-01-05"
15612092,"Basic","N2",17,0,"2024-12-17"
15610903,"Plus","N3",49,0,"2024-01-05"
15705777,"Basic","N1",63,1,"2024-04-02"
15661936,"Basic","N3",84,0,"2023-09-02"
15700864,"Basic","N3",78,0,"2023-09-06"
15722965,"Basic","N1",46,1,"2024-03-10"
15737521,"Basic","N2",93,0,"2024-02-24"
15814465,"Premium","N3",13,1,"2023-04-15"
15580988,"Basic","S1",100,0,"2023-08-30"
15789974,"Plus","N3",45,1,"2023-09-29"
15713370,"Basic","N2",53,0,"2024-06-02"
15748673,"Plus","W1",17,0,"2025-01-05"
15754919,"Basic","N1",47,0,"2024-12-29"
15641662,"Premium","W1",62,0,"2023-02-13"
15813422,"Premium","N2",50,0,"2023-01-26"
15713596,"Basic","S2",43,0,"2025-03-14"
15791216,"Premium","W1",68,1,"2023-06-30"
15689031,"Premium","N3",84,0,"2024-08-26"
15763704,"Plus","N3",75,1,"2024-03-03"
15631339,"Plus","N1",86,1,"2023-09-25"
15771509,"Basic","N3",72,1,"2025-05-07"
15769586,"Plus","S1",28,1,"2024-08-02"
15656096,"Basic","S1",45,0,"2025-05-25"
15585280,"Basic","W1",41,0,"2023-05-31"
15743582,"Premium","N2",94,0,"2024-09-07"
15761692,"Basic","N1",97,0,"2024-08-22"
15627840,"Plus","S2",97,0,"2023-04-05"
15778861,"Plus","W1",36,0,"2024-01-17"
15770554,"Premium","N2",91,0,"2025-03-08"
15806956,"Premium","N1",84,1,"2025-04-10"
15701908,"Basic","N1",33,1,"2024-05-29"
15736990,"Basic","W1",25,1,"2024-12-20"
15743714,"Basic","N2",19,0,"2024-09-05"
15807993,"Basic","N2",47,0,"2025-05-09"
15644686,"Basic","N3",85,1,"2024-11-19"
15677377,"Basic","S2",33,0,"2024-03-03"
15626412,"Plus","S1",67,1,"2024-02-29"
15643679,"Plus","N3",14,1,"2025-03-26"
15728456,"Basic","N1",79,0,"2023-07-18"
15630661,"Plus","S2",33,0,"2023-01-08"
15734044,"Basic","S2",42,0,"2025-01-26"
15705001,"Basic","N2",86,0,"2025-03-15"
15809817,"Plus","S2",65,0,"2023-11-23"
15809137,"Plus","W1",95,1,"2024-11-20"
15751593,"Plus","S2",47,0,"2024-08-16"
15626491,"Basic","N1",35,0,"2024-09-15"
15765461,"Plus","W1",84,0,"2025-05-20"
15568120,"Plus","W1",32,0,"2023-01-21"
15787161,"Plus","N3",55,1,"2024-06-29"
15812324,"Plus","S2",54,0,"2023-09-12"
15588944,"Premium","N2",76,1,"2024-03-08"
15694253,"Plus","N3",51,1,"2024-05-19"
15759566,"Plus","N2",80,1,"2023-01-27"
15675675,"Premium","S2",59,0,"2024-06-03"
15802060,"Plus","N3",72,0,"2024-06-13"
15660505,"Basic","S2",14,1,"2024-05-14"
15782630,"Plus","N1",18,1,"2023-08-21"
15700710,"Basic","N3",55,1,"2024-01-31"
15742834,"Basic","N2",94,0,"2023-11-03"
15806511,"Plus","N1",97,0,"2024-05-24"
15608166,"Premium","S1",98,1,"2024-12-03"
15614230,"Premium","N2",56,0,"2024-02-28"
15729958,"Basic","S2",49,0,"2023-05-30"
15800814,"Basic","N2",98,0,"2024-01-27"
15674727,"Basic","S1",60,1,"2024-05-04"
15657779,"Premium","N2",53,0,"2024-10-29"
15801395,"Premium","N1",71,0,"2023-02-16"
15757911,"Plus","W1",6,0,"2023-11-08"
15665340,"Plus","N2",70,0,"2023-05-19"
15787151,"Plus","N3",86,1,"2024-02-09"
15757821,"Plus","S1",8,0,"2024-10-15"
15600688,"Basic","N2",15,0,"2025-04-26"
15594878,"Basic","S1",26,0,"2023-01-14"
15569248,"Plus","W1",39,0,"2025-05-17"
15812706,"Plus","N1",3,0,"2025-02-09"
15645045,"Basic","N3",57,1,"2025-01-17"
15766746,"Premium","S2",10,1,"2025-06-08"
15700383,"Basic","N2",3,0,"2024-06-02"
15632551,"Basic","N1",94,0,"2024-07-04"
15795129,"Plus","S1",46,0,"2023-07-04"
15650545,"Plus","W1",22,1,"2023-04-25"
15612769,"Plus","S1",67,0,"2023-04-20"
15710853,"Basic","W1",65,0,"2024-07-30"
15623712,"Basic","W1",97,1,"2025-01-12"
15653251,"Plus","N1",19,0,"2023-10-08"
15755077,"Plus","N2",100,0,"2024-06-26"
15808557,"Basic","S2",62,0,"2023-03-27"
15614687,"Plus","N2",98,0,"2023-05-18"
15626882,"Basic","N3",57,1,"2024-04-10"
15748034,"Plus","N2",95,1,"2023-03-18"
15761023,"Plus","W1",88,0,"2023-05-17"
15761453,"Basic","W1",76,0,"2024-09-25"
15646726,"Basic","N3",13,0,"2025-02-14"
15637169,"Plus","S1",16,0,"2023-04-07"
15801218,"Plus","W1",16,0,"2024-06-14"
15642655,"Plus","N3",52,0,"2025-03-08"
15690130,"Plus","W1",84,0,"2023-01-09"
15653753,"Plus","S2",41,0,"2023-03-24"
15641359,"Premium","W1",48,0,"2023-02-16"
15776827,"Basic","N1",91,0,"2024-05-26"
15647725,"Basic","N3",39,0,"2024-03-05"
15648455,"Basic","N2",13,0,"2023-03-31"
15580629,"Basic","N3",4,0,"2024-05-27"
15730161,"Plus","S1",96,0,"2025-06-17"
15626612,"Basic","W1",98,0,"2024-11-04"
15662865,"Premium","N3",43,0,"2024-10-26"
15629094,"Plus","S2",81,0,"2024-02-18"
15651823,"Plus","N3",88,0,"2024-05-27"
15594827,"Basic","S2",93,0,"2025-06-09"
15786392,"Basic","W1",46,1,"2024-10-19"
15733777,"Basic","N2",92,0,"2024-11-03"
15614302,"Basic","W1",47,1,"2024-10-08"
15723263,"Basic","S1",86,1,"2025-03-08"
15687270,"Plus","N1",92,0,"2023-03-18"
15803121,"Premium","N2",53,1,"2023-03-22"
15598700,"Premium","N2",25,0,"2025-02-19"
15741875,"Plus","N1",41,0,"2025-02-19"
15631709,"Basic","N3",3,1,"2024-07-07"
15672970,"Premium","W1",77,1,"2024-09-27"
15761670,"Premium","N3",95,0,"2025-01-11"
15706005,"Basic","N3",13,0,"2025-05-18"
15790336,"Plus","W1",18,1,"2023-07-21"
15754267,"Basic","S1",37,1,"2025-04-25"
15791988,"Plus","N2",43,0,"2024-03-22"
15683375,"Premium","S2",34,0,"2023-04-17"
15625151,"Basic","N1",81,0,"2023-10-19"
15635285,"Premium","N2",55,0,"2025-03-13"
15574296,"Plus","N3",52,1,"2024-11-16"
15711618,"Premium","N1",85,0,"2023-11-08"
15670943,"Basic","S2",36,1,"2024-08-21"
15634359,"Plus","N2",54,1,"2024-05-31"
15586629,"Basic","N2",59,0,"2024-11-14"
15588461,"Basic","S1",52,0,"2024-09-24"
15773221,"Basic","N2",19,0,"2024-10-29"
15664227,"Premium","N2",12,0,"2024-08-21"
15741745,"Plus","S2",92,0,"2024-03-01"
15652626,"Premium","S2",11,0,"2024-09-01"
15599410,"Premium","N1",48,0,"2024-02-19"
15571958,"Basic","N3",92,0,"2023-05-15"
15785406,"Basic","S2",99,0,"2024-06-02"
15687884,"Basic","N1",79,0,"2025-02-10"
15621685,"Basic","N2",16,1,"2023-12-30"
15628886,"Basic","N1",71,0,"2024-01-19"
15699325,"Basic","N1",47,0,"2023-02-01"
15578369,"Basic","N1",67,1,"2024-06-23"
15654156,"Basic","W1",31,1,"2025-02-10"
15707199,"Basic","N1",76,1,"2024-05-01"
15671630,"Basic","S2",8,0,"2025-01-25"
15632079,"Premium","W1",89,0,"2023-12-31"
15767921,"Plus","N3",61,0,"2023-09-21"
15573599,"Premium","N1",44,0,"2023-05-22"
15747208,"Basic","S1",50,0,"2023-01-30"
15582762,"Basic","N2",35,0,"2025-06-17"
15772528,"Plus","N2",76,0,"2023-05-10"
15755798,"Basic","W1",61,0,"2025-02-16"
15788683,"Basic","N2",85,0,"2023-03-11"
15616922,"Basic","N2",90,0,"2023-04-29"
15771855,"Basic","W1",55,0,"2023-11-23"
15601873,"Basic","N2",66,1,"2023-03-11"
15657868,"Basic","N1",14,1,"2023-07-27"
15711716,"Plus","N3",4,0,"2023-04-01"
15734246,"Basic","W1",17,1,"2023-04-30"
15792151,"Basic","S1",69,0,"2023-07-26"
15770159,"Plus","W1",24,0,"2024-02-10"
15747649,"Basic","S2",49,0,"2025-02-06"
15639357,"Basic","S1",55,1,"2024-06-30"
15738907,"Premium","S2",71,0,"2023-05-04"
15663446,"Basic","W1",23,0,"2023-04-22"
15750867,"Basic","S2",81,1,"2023-07-26"
15715939,"Basic","S1",12,0,"2024-09-05"
15763806,"Basic","N1",11,1,"2024-01-21"
15637993,"Plus","W1",75,0,"2024-12-06"
15720338,"Plus","W1",98,0,"2025-01-22"
15627162,"Basic","N2",29,1,"2023-05-27"
15596710,"Plus","W1",62,0,"2023-05-12"
15781678,"Basic","W1",53,1,"2025-01-01"
15634968,"Basic","N1",48,1,"2025-04-29"
15609475,"Plus","N2",100,0,"2023-04-14"
15573319,"Basic","N3",91,0,"2024-07-06"
15738291,"Basic","S2",86,0,"2024-07-21"
15794841,"Basic","S1",66,0,"2025-04-02"
15684696,"Basic","N3",100,0,"2025-01-31"
15629846,"Basic","N2",48,1,"2023-08-30"
15674442,"Plus","N1",94,0,"2024-09-30"
15571689,"Basic","S1",59,1,"2024-10-23"
15730469,"Basic","S2",71,1,"2023-11-27"
15809320,"Basic","W1",57,1,"2025-04-27"
15684367,"Plus","W1",76,1,"2025-06-14"
15793049,"Plus","N3",3,1,"2025-06-18"
15603665,"Plus","S2",81,1,"2023-05-29"
15613623,"Plus","N2",32,1,"2023-06-18"
15569572,"Premium","S2",8,1,"2024-07-10"
15698791,"Basic","N1",87,1,"2023-03-25"
15626233,"Basic","N3",30,1,"2024-06-03"
15607263,"Plus","N3",15,0,"2023-04-17"
15610900,"Premium","N1",74,0,"2025-06-03"
15624775,"Premium","S2",55,0,"2023-09-22"
15691703,"Basic","N1",38,0,"2024-10-19"
15745355,"Basic","S1",15,0,"2023-01-31"
157249550,"Basic","N1",30,1,"2025-01-25"
15628999,"Plus","S2",46,0,"2024-06-30"
15654341,"Basic","N1",64,0,"2023-09-04"
15744240,"Basic","N2",26,1,"2024-06-13"
15632365,"Plus","W1",78,1,"2023-01-24"
15729689,"Basic","N1",67,1,"2024-05-12"
15759284,"Premium","W1",36,1,"2025-05-03"
15602124,"Basic","N1",90,0,"2023-10-31"
15661903,"Basic","S2",78,0,"2024-02-02"
15664668,"Basic","S1",31,0,"2024-02-07"
15736431,"Plus","S1",78,0,"2023-11-12"
15748639,"Basic","W1",40,0,"2025-05-10"
15628123,"Basic","S2",74,1,"2023-10-05"
15602731,"Premium","S2",73,1,"2024-06-25"
15794137,"Basic","S2",46,0,"2023-05-23"
15748696,"Plus","N2",42,0,"2025-02-27"
15725068,"Plus","N3",18,0,"2024-02-14"
15807340,"Basic","N1",100,0,"2023-12-22"
15586133,"Plus","S2",36,1,"2024-06-07"
15576185,"Basic","S2",76,0,"2023-07-22"
15660809,"Plus","S2",50,1,"2023-09-07"
15616666,"Basic","S1",61,1,"2023-04-13"
15706904,"Plus","S2",40,0,"2024-04-12"
15606915,"Basic","N1",3,1,"2023-02-04"
15749693,"Plus","S2",82,0,"2023-11-20"
15791743,"Basic","N1",7,0,"2025-06-16"
15796480,"Basic","N2",31,0,"2024-06-15"
15790442,"Basic","N3",65,0,"2024-07-12"
15609458,"Basic","S1",95,0,"2024-08-18"
15593897,"Plus","N1",64,0,"2023-09-25"
15604576,"Basic","W1",77,0,"2023-02-22"
15666270,"Premium","N2",93,0,"2025-02-23"
15572626,"Premium","N3",3,1,"2023-01-18"
15727197,"Plus","N3",93,0,"2023-04-14"
15714006,"Basic","N3",35,1,"2023-06-01"
15642137,"Basic","N1",15,0,"2025-04-19"
15626806,"Basic","S2",62,0,"2025-05-22"
15662578,"Basic","W1",83,0,"2024-02-18"
15790829,"Plus","N2",28,0,"2023-03-25"
15654959,"Plus","N2",4,0,"2023-11-04"
15760244,"Plus","N2",13,0,"2023-05-31"
15715394,"Basic","N1",79,1,"2024-07-02"
15722246,"Plus","W1",51,1,"2024-01-14"
15609704,"Basic","N1",48,0,"2024-04-02"
15757628,"Basic","W1",39,0,"2023-12-19"
15633586,"Premium","W1",96,0,"2024-10-25"
15565796,"Basic","N1",67,1,"2025-05-17"
15717935,"Basic","W1",94,0,"2024-01-11"
15577700,"Basic","N2",58,0,"2023-07-27"
15747345,"Premium","N1",84,0,"2024-07-15"
15698335,"Plus","W1",2,0,"2025-01-01"
15768451,"Plus","N3",25,0,"2024-04-04"
15753213,"Plus","N1",11,0,"2024-02-08"
15769645,"Basic","S1",1,0,"2024-07-12"
15657565,"Basic","N1",48,0,"2024-06-13"
15620323,"Basic","N1",48,1,"2024-04-29"
15679983,"Basic","N1",10,1,"2023-05-02"
15812616,"Basic","W1",81,0,"2025-03-04"
15601796,"Premium","N1",30,0,"2023-04-30"
15729489,"Basic","S1",35,0,"2023-09-08"
15613216,"Basic","S2",19,0,"2025-04-18"
15657937,"Basic","N1",53,0,"2023-10-26"
15815428,"Basic","N3",34,0,"2023-02-16"
15640409,"Premium","S1",32,0,"2024-08-19"
15699492,"Basic","S2",76,0,"2023-10-26"
15623536,"Basic","W1",81,0,"2025-06-14"
15707551,"Plus","N1",6,0,"2024-11-02"
15577999,"Basic","S2",13,1,"2024-06-02"
15788775,"Basic","N3",86,1,"2023-09-02"
15758362,"Basic","S1",75,1,"2024-12-27"
15710978,"Plus","S1",64,1,"2024-12-24"
15703541,"Premium","W1",7,0,"2024-12-24"
15626474,"Plus","W1",45,1,"2025-03-10"
15608344,"Basic","W1",45,0,"2023-08-06"
15768367,"Plus","S2",85,0,"2025-02-01"
15806210,"Basic","N1",65,0,"2023-12-10"
15697702,"Basic","N2",94,0,"2025-04-12"
15689152,"Basic","S1",19,1,"2023-11-10"
15568573,"Basic","N2",47,1,"2024-11-23"
15689598,"Basic","S1",46,0,"2024-08-26"
15713374,"Plus","W1",29,0,"2024-12-30"
15679733,"Premium","N1",99,1,"2023-10-17"
15607748,"Basic","N1",84,0,"2024-08-24"
15607577,"Basic","S1",100,0,"2023-07-16"
15813697,"Basic","S2",61,0,"2024-11-26"
15801125,"Basic","W1",65,1,"2024-07-31"
15777855,"Plus","N1",23,0,"2024-02-20"
15698031,"Basic","N1",95,1,"2024-09-01"
15718507,"Plus","N3",51,1,"2023-11-02"
15808334,"Basic","N1",63,0,"2024-04-22"
15804709,"Basic","N3",99,0,"2024-06-19"
15645835,"Basic","N1",22,0,"2023-08-08"
15738166,"Basic","N1",71,0,"2024-11-16"
15675360,"Basic","S2",33,0,"2025-06-17"
15793042,"Plus","S2",100,0,"2025-01-26"
15630106,"Basic","W1",44,0,"2024-09-17"
15810385,"Plus","N1",7,0,"2025-02-16"
15578211,"Basic","W1",91,0,"2023-12-20"
15572792,"Basic","W1",2,0,"2025-01-04"
15620030,"Basic","W1",17,0,"2025-03-30"
15783541,"Plus","W1",65,1,"2023-08-23"
15679284,"Basic","S1",58,0,"2023-11-02"
15582910,"Plus","S1",30,0,"2023-04-20"
15688337,"Basic","N1",86,0,"2023-11-10"
15734970,"Plus","S1",92,1,"2023-01-13"
15759140,"Basic","N1",97,0,"2024-09-28"
15643042,"Plus","S2",26,1,"2025-04-06"
15615820,"Plus","N2",35,1,"2023-06-16"
15730273,"Premium","N3",63,0,"2023-02-22"
15724890,"Basic","S1",75,0,"2023-07-05"
15765952,"Basic","S1",71,0,"2023-10-03"
15685920,"Basic","S2",28,0,"2024-03-22"
15663263,"Plus","S1",25,0,"2023-12-18"
15568953,"Basic","N1",61,0,"2023-01-10"
15643361,"Plus","N1",31,1,"2024-02-14"
15699486,"Basic","N2",54,0,"2023-05-27"
15747854,"Basic","N2",67,0,"2024-04-21"
15691785,"Basic","N2",97,0,"2025-04-08"
15709004,"Premium","N1",51,0,"2025-04-24"
15652218,"Plus","W1",58,1,"2024-09-21"
15697127,"Premium","W1",34,0,"2025-05-01"
15658486,"Basic","N2",59,1,"2024-03-03"
15694160,"Plus","N2",21,0,"2024-05-02"
15685290,"Plus","N1",56,1,"2024-06-13"
15701042,"Basic","S2",37,0,"2024-01-12"
15680449,"Plus","S1",64,1,"2025-01-07"
15599860,"Premium","N3",19,1,"2023-04-22"
15723169,"Premium","W1",85,1,"2024-08-06"
1512412699,"Plus","W1",78,0,"2024-10-17"
15728224,"Basic","N1",74,0,"2024-09-07"
15644174,"Basic","N1",53,0,"2023-08-03"
15707110,"Premium","N3",71,1,"2024-05-24"
15765415,"Basic","N3",93,0,"2024-05-25"
15756751,"Plus","N2",63,1,"2024-08-11"
15795151,"Plus","N3",62,0,"2023-01-26"
15632859,"Plus","S1",72,0,"2025-01-11"
15584037,"Premium","S1",77,0,"2023-07-12"
15621409,"Basic","W1",19,0,"2023-04-13"
15581102,"Basic","S1",75,0,"2023-07-24"
15578096,"Basic","S1",2,0,"2024-02-15"
15669887,"Basic","S1",6,0,"2025-02-10"
15621834,"Basic","N2",29,1,"2025-01-14"
15655341,"Basic","W1",41,0,"2023-02-20"
15685314,"Plus","N1",51,1,"2023-05-11"
15653997,"Premium","W1",5,0,"2023-12-09"
15629551,"Basic","W1",41,1,"2024-07-31"
15651264,"Basic","W1",62,0,"2024-02-04"
15760825,"Premium","N3",30,0,"2023-07-21"
15597394,"Basic","N1",62,0,"2025-03-06"
15740383,"Basic","N3",100,0,"2023-10-27"
15670562,"Basic","N2",27,0,"2023-05-26"
15698117,"Plus","N2",50,1,"2025-02-08"
15694805,"Basic","S2",82,1,"2024-04-06"
15589428,"Basic","N2",49,1,"2024-05-18"
15790267,"Basic","N2",62,0,"2025-06-06"
15665402,"Basic","N3",100,0,"2024-09-07"
15642093,"Basic","N2",60,0,"2023-05-31"
15666181,"Plus","N1",80,1,"2024-09-21"
15602554,"Plus","N3",54,0,"2023-11-12"
15724251,"Plus","N2",5,1,"2023-07-18"
15740147,"Plus","N3",9,0,"2024-03-04"
15718289,"Premium","N3",34,1,"2023-10-30"
15763148,"Plus","S1",98,1,"2025-04-25"
15626985,"Plus","S2",36,1,"2024-05-12"
15585823,"Basic","N3",95,0,"2025-03-01"
15728167,"Basic","W1",20,0,"2023-04-15"
15762928,"Basic","N3",81,0,"2023-01-10"
15751774,"Plus","W1",84,0,"2024-09-16"
15654733,"Basic","S1",92,1,"2023-01-27"
15809777,"Basic","N2",85,0,"2024-09-02"
15744200,"Premium","N3",83,0,"2025-02-07"
15720713,"Premium","S1",63,0,"2023-11-23"
15695356,"Premium","N1",67,0,"2024-05-09"
15653315,"Basic","S1",30,1,"2025-06-01"
15604792,"Plus","S2",69,0,"2024-10-09"
15704819,"Basic","S2",70,1,"2025-01-07"
15670859,"Basic","N2",3,0,"2023-05-07"
15602797,"Basic","W1",49,0,"2023-04-26"
15662533,"Basic","N2",42,0,"2025-03-12"
15778154,"Basic","W1",24,0,"2023-06-20"
15806230,"Plus","W1",44,0,"2023-07-31"
15662884,"Basic","W1",1,1,"2023-07-08"
15750778,"Plus","W1",54,0,"2024-05-04"
15717185,"Basic","S2",52,0,"2024-01-22"
15677804,"Basic","S2",36,1,"2025-02-15"
15568915,"Basic","N3",79,0,"2024-12-26"
15736495,"Basic","S2",38,1,"2024-08-23"
15737354,"Plus","N2",44,0,"2023-05-10"
15667889,"Basic","S2",82,0,"2023-01-23"
15577831,"Basic","N2",87,0,"2023-06-28"
15729836,"Basic","N1",47,0,"2024-02-05"
15775293,"Basic","S2",29,0,"2024-05-19"
15697597,"Premium","N2",51,0,"2024-02-15"
15639669,"Basic","W1",41,1,"2024-06-15"
15631392,"Plus","S1",86,0,"2023-11-25"
15580935,"Plus","W1",64,0,"2024-04-15"
15590344,"Premium","N3",88,0,"2024-02-24"
15653306,"Plus","N2",48,0,"2024-02-16"
15805025,"Plus","W1",77,0,"2025-01-23"
15658449,"Plus","S2",97,0,"2025-01-21"
15694450,"Premium","S2",22,1,"2023-01-29"
15605666,"Basic","N1",99,0,"2023-09-02"
15615126,"Basic","S1",17,0,"2024-09-23"
15726588,"Basic","N2",86,0,"2025-04-05"
15645095,"Plus","W1",5,0,"2025-06-04"
15808960,"Plus","S1",61,0,"2024-06-27"
15729435,"Basic","N1",89,0,"2024-10-13"
15656840,"Plus","N3",6,0,"2024-10-31"
15659149,"Basic","S1",53,0,"2023-03-01"
15585490,"Basic","N1",81,1,"2023-05-19"
15674929,"Premium","N2",95,0,"2023-12-23"
15746341,"Basic","N3",17,1,"2023-07-31"
15620123,"Basic","S2",59,0,"2023-05-19"
15616240,"Plus","N1",97,1,"2024-01-03"
15624186,"Plus","S2",39,1,"2024-09-14"
15605036,"Basic","N3",54,1,"2024-04-30"
15805151,"Plus","N1",48,0,"2024-05-07"
15753847,"Basic","N1",37,0,"2023-12-02"
15653222,"Basic","N3",48,0,"2025-02-01"
15757541,"Basic","N2",68,0,"2024-09-02"
15726945,"Plus","N1",78,0,"2023-06-27"
15794276,"Basic","N3",77,0,"2024-05-27"
15568328,"Premium","S1",27,0,"2024-08-23"
15604355,"Plus","S2",88,0,"2023-04-23"
15735788,"Premium","N1",27,0,"2023-10-10"
15618255,"Basic","S1",72,0,"2023-04-26"
15720941,"Premium","N1",63,0,"2024-06-27"
15769110,"Basic","N2",52,0,"2025-02-12"
15576094,"Basic","N3",47,1,"2023-02-10"
15756150,"Basic","N1",21,0,"2023-06-16"
15719579,"Basic","N3",57,1,"2025-05-04"
15748854,"Plus","W1",75,0,"2023-08-09"
15612455,"Basic","N1",95,1,"2024-12-26"
15664802,"Basic","N2",91,0,"2023-11-09"
15735687,"Plus","N2",42,1,"2023-12-12"
15664734,"Basic","S1",48,0,"2024-04-15"
15767894,"Plus","N2",27,1,"2023-05-11"
15666884,"Basic","N3",72,0,"2023-02-17"
15750156,"Plus","W1",33,0,"2023-05-14"
15751120,"Plus","N2",76,0,"2024-06-02"
15575748,"Basic","N1",35,0,"2024-07-09"
15714610,"Basic","N2",98,0,"2023-11-13"
15720305,"Basic","W1",16,1,"2024-03-13"
15678129,"Plus","N3",36,0,"2024-03-10"
15566633,"Basic","N1",66,0,"2023-03-27"
15680436,"Basic","S1",76,0,"2023-02-17"
15674343,"Basic","S1",91,0,"2024-05-04"
15658890,"Basic","S1",56,0,"2025-04-08"
15599004,"Basic","N1",17,1,"2025-05-14"
15726487,"Plus","S1",20,0,"2024-02-28"
15698716,"Basic","N2",85,0,"2024-01-22"
15710527,"Basic","N1",94,0,"2023-08-28"
15655590,"Plus","N1",84,0,"2024-10-25"
15732266,"Plus","N1",8,0,"2024-03-26"
15669326,"Basic","S2",18,0,"2023-09-15"
15672246,"Basic","N3",18,0,"2023-02-13"
15620276,"Basic","S2",18,1,"2023-06-17"
15640258,"Premium","S2",2,0,"2025-02-25"
15740283,"Basic","S2",76,1,"2023-07-10"
15759717,"Premium","N3",96,0,"2024-10-25"
15620268,"Plus","S2",72,0,"2024-07-15"
15743871,"Basic","S1",51,0,"2023-10-03"
15614491,"Basic","N1",10,0,"2025-04-04"
15595047,"Basic","N1",75,0,"2024-01-04"
15732334,"Basic","N2",14,0,"2023-11-02"
15701206,"Basic","W1",26,1,"2024-08-29"
15581280,"Plus","S1",47,0,"2025-01-23"
15651943,"Premium","N3",30,1,"2023-04-15"
15609545,"Plus","W1",56,0,"2024-02-25"
15658548,"Plus","N1",42,0,"2025-05-24"
15626008,"Basic","S2",4,0,"2023-12-15"
15774133,"Basic","N2",11,0,"2025-02-10"
15763798,"Basic","N2",24,0,"2024-10-11"
15758013,"Plus","N1",86,0,"2023-11-15"
15705765,"Premium","S1",67,0,"2024-02-24"
15648362,"Plus","W1",37,0,"2024-11-25"
15401264,"Basic","N2",2,0,"2023-02-26"
15610165,"Basic","N1",12,0,"2023-08-28"
15723717,"Plus","S1",21,1,"2024-03-02"
15654611,"Basic","N1",69,0,"2024-09-08"
15659736,"Plus","N1",71,1,"2024-07-30"
15603170,"Plus","S1",64,0,"2023-05-20"
15786167,"Plus","S1",68,0,"2023-03-03"
15671915,"Basic","S1",43,0,"2023-06-01"
15794792,"Basic","N1",54,0,"2023-05-10"
15652789,"Basic","N2",100,1,"2024-03-06"
15739168,"Basic","N3",62,0,"2024-09-29"
15719950,"Basic","N3",86,0,"2024-03-15"
15743818,"Plus","N1",93,0,"2023-07-31"
15717937,"Plus","N1",73,0,"2024-02-04"
15602841,"Basic","N2",90,1,"2024-11-04"
15619972,"Basic","S1",12,1,"2024-12-17"
15796114,"Basic","N1",1,0,"2024-06-24"
15633546,"Basic","S2",72,0,"2023-07-01"
15758755,"Plus","S1",33,1,"2023-02-20"
15754342,"Basic","N1",64,0,"2025-01-16"
15756610,"Basic","S2",68,1,"2024-06-09"
15640917,"Basic","W1",14,0,"2023-12-16"
15663164,"Premium","N2",93,0,"2023-02-27"
15616811,"Plus","S2",14,1,"2024-02-23"
15610781,"Basic","N1",9,0,"2023-05-17"
15600911,"Basic","N3",73,0,"2024-10-01"
15629603,"Plus","N1",26,0,"2023-02-06"
15714981,"Premium","N3",49,0,"2024-05-08"
15775892,"Basic","N2",17,0,"2023-12-25"
15782778,"Premium","N2",68,0,"2025-02-18"
15786643,"Premium","S1",60,0,"2023-03-26"
15595657,"Premium","S1",3,0,"2024-12-22"
15743673,"Plus","N3",93,0,"2024-10-12"
15634310,"Plus","N3",25,1,"2024-06-22"
15790809,"Basic","N2",21,1,"2023-12-10"
15668695,"Plus","S2",12,0,"2025-01-14"
15669281,"Basic","N3",54,0,"2023-06-20"
15621031,"Plus","N3",1,0,"2024-11-20"
15720071,"Basic","S2",1,1,"2025-05-15"
15792180,"Plus","S1",45,0,"2023-01-20"
15813894,"Plus","S1",46,1,"2023-10-30"
15783030,"Basic","N3",48,0,"2025-02-14"
15695792,"Plus","S1",7,0,"2023-07-16"
15575676,"Basic","S1",10,0,"2023-11-23"
15627665,"Plus","W1",15,0,"2024-07-29"
15814092,"Basic","S1",40,0,"2024-07-09"
15695225,"Basic","N2",11,0,"2025-01-25"
15615091,"Premium","N1",56,0,"2023-01-12"
15794345,"Basic","N3",46,0,"2023-12-27"
15726484,"Plus","N3",45,0,"2025-02-10"
15650442,"Basic","N2",87,0,"2023-10-23"
15714256,"Basic","N1",13,1,"2024-02-07"
15778752,"Basic","N1",27,0,"2024-03-13"
15601659,"Plus","N2",81,1,"2025-02-07"
15602811,"Basic","S2",50,0,"2024-01-10"
15779414,"Basic","S2",61,0,"2025-01-16"
15763097,"Basic","N1",13,0,"2025-01-28"
15633666,"Basic","S2",12,1,"2024-10-14"
15718789,"Premium","S2",29,0,"2025-03-28"
15690620,"Premium","S2",85,0,"2024-11-23"
15737071,"Basic","N1",84,1,"2024-05-14"
15665062,"Plus","S2",20,0,"2024-03-01"
15600692,"Basic","N3",31,0,"2025-05-26"
15792064,"Plus","W1",8,0,"2024-10-26"
15811486,"Plus","N1",24,1,"2023-02-13"
15626141,"Premium","N2",75,0,"2023-04-19"
15738546,"Basic","S2",39,1,"2023-04-08"
15677052,"Plus","S1",33,0,"2025-01-08"
15656454,"Basic","N1",42,1,"2024-03-20"
15645496,"Premium","N2",15,0,"2023-03-22"
15612505,"Basic","W1",68,0,"2023-08-06"
15708513,"Plus","N3",65,0,"2023-05-29"
15685654,"Plus","N2",32,1,"2023-03-17"
15732307,"Plus","S2",11,0,"2024-08-14"
15726814,"Basic","S1",94,0,"2024-07-17"
15653776,"Premium","S2",37,0,"2023-03-04"
15597914,"Basic","N2",19,0,"2024-08-18"
15789753,"Plus","N1",51,1,"2024-01-29"
15678034,"Basic","S1",100,0,"2025-05-04"
15690209,"Basic","S1",34,0,"2024-05-17"
15592091,"Basic","N2",71,0,"2024-01-02"
15647453,"Basic","W1",60,1,"2024-04-22"
15697100,"Basic","W1",84,1,"2023-09-12"
15811290,"Basic","S2",53,1,"2023-02-28"
15629187,"Basic","N2",12,0,"2024-06-03"
15758073,"Plus","S1",62,1,"2025-03-29"
15640769,"Premium","N2",96,0,"2024-01-24"
15606641,"Basic","S1",66,0,"2024-08-10"
15718280,"Basic","S2",86,1,"2024-03-01"
15764335,"Basic","N1",48,0,"2024-08-12"
15634218,"Basic","N1",40,1,"2024-09-27"
15808760,"Plus","N2",24,0,"2024-05-16"
15648461,"Plus","S1",50,0,"2024-06-07"
15593555,"Basic","N1",95,0,"2023-10-07"
15569079,"Basic","S1",68,0,"2023-02-14"
15800736,"Basic","S2",88,0,"2024-07-18"
15792607,"Plus","N2",43,0,"2023-06-30"
15640034,"Premium","S1",17,1,"2024-02-05"
15807563,"Basic","N2",83,1,"2024-01-09"
15684461,"Basic","S1",55,0,"2023-08-22"
15580134,"Premium","W1",34,0,"2023-07-05"
15679075,"Premium","W1",97,0,"2025-03-15"
15742504,"Basic","S1",70,0,"2023-03-16"
15567328,"Basic","S2",60,0,"2024-12-10"
15698294,"Basic","N2",51,0,"2024-08-13"
15607142,"Plus","N3",100,0,"2023-08-21"
15738516,"Basic","S1",77,1,"2023-06-17"
15806403,"Basic","S1",73,0,"2024-06-18"
15656707,"Plus","W1",35,0,"2024-02-11"
15653715,"Basic","N1",34,0,"2023-08-18"
15806184,"Plus","W1",16,0,"2025-03-27"
15585734,"Basic","N2",82,0,"2025-06-14"
15725639,"Basic","W1",18,0,"2024-10-08"
15618401,"Plus","N3",38,0,"2023-10-20"
15785385,"Basic","S2",43,0,"2024-02-04"
15734762,"Premium","N3",32,0,"2023-02-07"
15767129,"Basic","S2",7,0,"2023-08-20"
15797204,"Basic","N3",87,1,"2025-05-16"
15769272,"Plus","W1",87,0,"2023-06-17"
15771966,"Basic","N3",46,0,"2023-10-12"
15691952,"Premium","W1",61,1,"2023-04-13"
15593250,"Basic","W1",18,0,"2023-05-25"
15605333,"Basic","N2",71,0,"2025-01-24"
15800083,"Basic","W1",40,0,"2024-10-21"
15575691,"Basic","N1",88,0,"2024-01-01"
15689886,"Plus","N3",78,0,"2023-06-02"
15809838,"Plus","S1",50,0,"2025-04-07"
15736154,"Basic","S1",5,1,"2024-02-26"
15767391,"Basic","S1",54,0,"2023-11-15"
15704910,"Plus","N1",86,0,"2025-03-17"
15656613,"Premium","W1",58,0,"2024-09-29"
15611551,"Basic","N3",22,0,"2024-12-04"
15732430,"Basic","S2",74,0,"2024-04-29"
15741865,"Basic","S2",90,1,"2023-03-24"
15634143,"Premium","N2",79,0,"2024-06-16"
15609676,"Basic","N1",38,0,"2023-10-15"
15761600,"Basic","N3",49,0,"2025-03-06"
15676404,"Plus","W1",1,0,"2025-05-20"
15659236,"Basic","S1",78,1,"2024-05-03"
15690440,"Basic","N1",36,0,"2023-09-25"
15812262,"Basic","N1",95,0,"2024-09-24"
15762821,"Basic","N3",28,1,"2024-09-14"
15669301,"Basic","W1",98,0,"2023-03-20"
15672640,"Basic","N2",35,0,"2025-05-09"
15750458,"Basic","W1",60,1,"2024-01-11"
15627251,"Plus","N2",62,1,"2024-08-19"
15764294,"Plus","N2",87,0,"2024-08-14"
15659962,"Plus","S1",46,0,"2023-05-31"
15788536,"Basic","S1",83,0,"2025-01-25"
15596979,"Basic","N3",82,0,"2024-12-30"
15681220,"Basic","W1",79,0,"2023-01-15"
15635097,"Basic","N2",61,1,"2023-04-11"
15780779,"Basic","N3",65,0,"2025-02-18"
15798470,"Plus","N2",89,0,"2024-01-23"
15760880,"Basic","N1",26,0,"2023-02-04"
15616929,"Basic","S2",35,0,"2023-12-17"
15758775,"Basic","S2",57,0,"2023-10-10"
15663386,"Plus","N2",79,1,"2024-09-28"
15621267,"Basic","N3",63,0,"2025-01-05"
15720509,"Plus","S1",4,0,"2024-11-03"
15693322,"Basic","W1",79,0,"2024-06-08"
15589544,"Premium","N2",42,1,"2023-06-14"
15772030,"Premium","N2",45,1,"2024-03-03"
15693337,"Basic","W1",39,1,"2023-09-15"
15676571,"Basic","S1",65,0,"2025-03-15"
15701392,"Basic","N2",22,1,"2024-03-18"
15741092,"Basic","N1",11,0,"2024-09-17"
15643865,"Plus","S1",37,0,"2023-04-30"
15769389,"Plus","N1",90,1,"2023-03-10"
15807768,"Plus","S2",51,1,"2023-10-01"
15801630,"Plus","W1",91,1,"2024-07-13"
15705034,"Basic","S1",58,0,"2025-04-28"
15763107,"Basic","S1",77,0,"2023-11-18"
15667085,"Plus","N3",7,1,"2023-12-28"
15647008,"Basic","N3",8,0,"2024-07-23"
15584505,"Plus","W1",51,0,"2024-08-12"
15663964,"Basic","S1",23,1,"2024-05-13"
15782311,"Basic","S2",90,0,"2023-07-23"
15588197,"Premium","N2",91,1,"2025-01-06"
15610105,"Basic","W1",9,1,"2025-02-13"
15606133,"Premium","W1",46,0,"2024-05-20"
15599403,"Premium","N3",38,0,"2024-09-06"
15648225,"Plus","S2",13,0,"2023-04-19"
15608406,"Plus","W1",7,1,"2023-09-22"
15633378,"Plus","S2",11,0,"2025-04-16"
15664759,"Premium","W1",74,0,"2024-01-23"
15625545,"Basic","N3",97,0,"2024-02-20"
15772148,"Basic","N2",50,0,"2024-07-21"
15810829,"Plus","N3",67,0,"2023-11-08"
15731669,"Basic","W1",41,1,"2023-09-09"
15738634,"Basic","S2",29,1,"2025-03-22"
15737571,"Basic","N1",37,0,"2024-08-06"
15667602,"Plus","N3",56,0,"2024-10-14"
15684147,"Premium","S2",80,0,"2024-01-23"
15789874,"Basic","N3",16,0,"2024-11-22"
15757952,"Premium","W1",44,0,"2023-07-22"
15714355,"Plus","S2",50,1,"2025-02-21"
15599090,"Plus","N2",71,0,"2025-06-06"
15762048,"Plus","S2",79,0,"2023-04-20"
15790596,"Plus","S1",6,0,"2023-03-23"
15609623,"Basic","N1",18,1,"2024-08-18"
15711901,"Plus","W1",19,0,"2025-02-07"
15779809,"Basic","S2",51,0,"2023-07-12"
15729018,"Premium","W1",66,0,"2023-05-19"
15698246,"Premium","N3",3,0,"2023-08-09"
15712409,"Basic","N3",89,0,"2023-07-08"
15758306,"Basic","S2",100,0,"2025-05-10"
15621435,"Plus","S1",54,0,"2025-05-05"
15566295,"Basic","S2",49,1,"2023-12-06"
15569098,"Premium","N2",28,1,"2024-04-22"
15662532,"Basic","S1",38,0,"2024-02-26"
15664001,"Basic","W1",28,1,"2023-07-16"
15703437,"Premium","S2",32,0,"2025-03-23"
15708003,"Plus","W1",41,1,"2024-08-08"
15599452,"Plus","N1",36,0,"2023-07-17"
15719793,"Basic","S1",36,0,"2023-11-20"
15771580,"Plus","S2",87,0,"2023-09-17"
15732268,"Plus","N1",66,0,"2023-07-18"
15722350,"Plus","S2",10,0,"2025-03-26"
15611371,"Plus","N2",70,0,"2025-05-14"
15673584,"Plus","N3",72,0,"2023-05-17"
15636396,"Basic","W1",79,1,"2023-12-12"
15706170,"Basic","S2",93,0,"2024-05-14"
15725478,"Plus","S1",63,1,"2023-06-24"
15654562,"Basic","S2",92,1,"2024-05-03"
15737509,"Plus","S2",22,0,"2024-04-13"
15690796,"Basic","S2",98,0,"2023-11-12"
1908556446,"Plus","S2",20,0,"2025-03-30"
15605665,"Plus","S1",33,1,"2024-01-15"
15748481,"Basic","S1",15,0,"2025-05-03"
15757777,"Basic","S2",7,1,"2024-03-17"
15747808,"Basic","N3",88,1,"2025-05-14"
15810593,"Plus","S2",90,1,"2025-03-26"
15693376,"Plus","W1",50,0,"2023-05-13"
15579808,"Basic","W1",10,0,"2023-01-27"
15598275,"Plus","S1",79,1,"2023-09-14"
15737080,"Basic","W1",37,1,"2024-07-16"
15668580,"Basic","W1",59,0,"2024-10-17"
15569438,"Premium","N2",88,0,"2025-05-16"
15675842,"Basic","S2",75,0,"2023-12-22"
15577587,"Basic","S2",63,0,"2023-08-24"
15625592,"Basic","S2",21,1,"2024-11-02"
15642570,"Basic","S2",79,0,"2023-12-25"
15702175,"Basic","N1",79,0,"2025-03-25"
15677785,"Basic","S2",37,0,"2023-09-28"
15786153,"Plus","S1",45,1,"2024-10-27"
15759499,"Basic","S1",14,0,"2024-07-02"
15659568,"Basic","N1",43,0,"2024-05-24"
15715597,"Basic","S2",85,0,"2024-12-29"
15610147,"Basic","N3",84,0,"2024-03-14"
15802362,"Plus","S2",33,0,"2024-10-03"
15660524,"Premium","S1",3,0,"2024-08-10"
15747168,"Basic","N2",87,0,"2025-03-10"
15796910,"Premium","W1",44,0,"2024-04-15"
15707674,"Plus","N2",87,1,"2024-12-09"
15565706,"Plus","N3",91,0,"2023-11-07"
15587596,"Basic","S2",35,0,"2023-08-05"
15751943,"Basic","N1",25,0,"2024-09-02"
15621227,"Basic","S2",96,0,"2023-11-08"
15757588,"Plus","N3",86,0,"2025-03-07"
15640922,"Basic","N3",8,1,"2023-08-18"
15567557,"Premium","W1",62,0,"2024-09-12"
15670103,"Basic","N3",18,1,"2023-12-06"
15720929,"Basic","N2",92,0,"2024-05-09"
15732774,"Plus","W1",28,0,"2023-06-13"
15628558,"Basic","S2",75,1,"2023-04-26"
15729201,"Basic","S2",12,0,"2023-03-12"
15731117,"Plus","N1",64,0,"2024-12-26"
15615207,"Premium","N3",2,1,"2025-04-29"
15773512,"Plus","N3",59,0,"2023-02-22"
15572145,"Plus","S1",37,0,"2024-08-19"
15642710,"Plus","W1",4,0,"2023-12-08"
15574213,"Premium","S1",41,1,"2024-08-10"
15718852,"Basic","W1",45,0,"2025-02-17"
15583840,"Basic","N2",34,0,"2025-01-29"
15782418,"Basic","W1",87,1,"2023-11-28"
15813504,"Basic","S2",13,0,"2025-03-08"
15711314,"Plus","N1",7,0,"2023-03-20"
15621064,"Plus","W1",32,1,"2023-04-17"
15627847,"Plus","W1",23,0,"2023-03-23"
15588090,"Basic","W1",49,0,"2023-07-21"
15735270,"Plus","N1",72,0,"2024-01-27"
15671804,"Basic","N3",47,1,"2023-08-18"
15753215,"Plus","N1",37,0,"2025-01-08"
15789941,"Plus","N3",98,1,"2023-01-20"
15691061,"Basic","S2",48,0,"2025-02-18"
15808326,"Basic","N1",29,0,"2023-11-19"
15566660,"Basic","N3",37,0,"2024-04-12"
15778947,"Plus","S2",23,0,"2024-11-20"
15632977,"Premium","S2",38,0,"2025-06-12"
15591747,"Plus","N3",93,1,"2024-10-13"
15567335,"Basic","N3",44,0,"2023-11-06"
15609299,"Basic","N2",5,0,"2024-04-16"
15669945,"Plus","S2",52,1,"2024-08-14"
15736271,"Plus","N3",40,0,"2025-06-10"
15710390,"Basic","S2",11,1,"2024-11-24"
15756481,"Basic","N1",78,0,"2023-03-15"
15736730,"Plus","S1",2,0,"2024-10-20"
15626040,"Basic","S1",35,1,"2025-01-14"
15746553,"Basic","W1",45,1,"2024-10-15"
15622518,"Basic","N3",49,0,"2024-03-11"
15684908,"Basic","N3",35,0,"2024-04-06"
15569446,"Premium","S2",92,0,"2023-05-30"
15777504,"Premium","W1",72,0,"2024-10-05"
15677906,"Plus","N3",32,1,"2025-01-20"
15703292,"Basic","S2",68,0,"2025-06-02"
15712938,"Basic","N3",71,1,"2023-11-11"
15631359,"Basic","S2",39,0,"2024-11-04"
15720847,"Basic","N3",48,0,"2025-04-11"
15787830,"Plus","N2",91,1,"2023-09-07"
15599869,"Basic","S2",37,0,"2024-10-01"
15592078,"Basic","N2",60,1,"2023-10-01"
15596228,"Basic","N2",81,0,"2024-04-26"
15578462,"Basic","N2",74,0,"2023-03-23"
15756894,"Basic","N2",4,0,"2023-08-20"
15796167,"Basic","N1",23,1,"2023-01-31"
15664808,"Premium","W1",14,0,"2025-01-15"
15664555,"Basic","S1",5,0,"2023-03-25"
15607278,"Basic","N1",66,0,"2023-02-11"
15585222,"Premium","N3",24,0,"2024-12-14"
15761294,"Premium","N3",18,0,"2023-09-08"
15810454,"Plus","W1",27,0,"2024-05-24"
15673984,"Plus","S1",24,0,"2024-01-22"
15609319,"Basic","S1",29,0,"2024-08-19"
15709941,"Basic","S1",11,1,"2024-11-25"
15580252,"Basic","N2",18,1,"2023-09-23"
15741275,"Plus","N1",4,0,"2024-08-05"
15707132,"Plus","N3",33,0,"2023-01-22"
15600708,"Basic","N1",78,0,"2024-02-11"
15804787,"Basic","N1",42,0,"2023-03-17"
15690021,"Plus","N1",32,1,"2024-05-01"
15763895,"Basic","S1",51,0,"2025-02-19"
15623478,"Plus","W1",4,0,"2024-11-10"
15797910,"Plus","W1",20,1,"2025-06-09"
15577751,"Plus","S1",85,0,"2025-05-14"
15781777,"Plus","N3",67,0,"2023-12-17"
15740527,"Premium","N3",89,0,"2023-08-28"
15721251,"Basic","N3",68,0,"2023-02-20"
15602994,"Plus","W1",62,0,"2024-04-20"
15750769,"Plus","W1",58,0,"2024-08-17"
15740175,"Basic","N1",47,0,"2025-05-13"
15679968,"Basic","S1",75,1,"2024-08-24"
15694404,"Basic","N2",80,0,"2025-06-12"
15657529,"Basic","N1",59,0,"2024-06-08"
15762882,"Plus","S2",100,0,"2023-06-06"
15642579,"Plus","W1",6,0,"2023-07-18"
15598884,"Basic","N1",95,0,"2024-03-06"
15770185,"Basic","S1",40,0,"2024-10-27"
15800287,"Premium","S2",77,0,"2024-12-10"
15665861,"Basic","N1",23,0,"2025-01-05"
15662203,"Basic","S1",52,0,"2023-04-28"
15616454,"Plus","S1",4,1,"2024-10-24"
15702788,"Basic","W1",37,0,"2025-01-25"
15778149,"Basic","N2",42,1,"2023-03-16"
15680001,"Basic","N1",44,0,"2024-12-25"
15711991,"Basic","S1",97,0,"2025-02-25"
15633834,"Plus","N3",42,0,"2025-05-15"
15765266,"Basic","S1",29,1,"2024-01-02"
15791867,"Basic","N2",19,1,"2025-01-25"
15675380,"Plus","S1",84,1,"2023-06-27"
15770576,"Plus","W1",32,1,"2023-04-18"
15775294,"Basic","N1",44,0,"2025-03-13"
15727059,"Basic","W1",55,1,"2024-11-19"
15702499,"Plus","N1",80,1,"2024-04-23"
15611699,"Basic","S2",5,0,"2024-11-16"
15654000,"Basic","N1",46,1,"2023-04-03"
15657881,"Plus","S2",76,0,"2023-04-10"
15719991,"Premium","W1",45,1,"2023-06-30"
15720687,"Plus","N3",21,1,"2024-11-01"
15687079,"Plus","N2",78,1,"2023-04-06"
15582276,"Plus","N3",22,1,"2023-08-20"
15720774,"Basic","S2",30,0,"2023-09-08"
15592194,"Plus","S1",23,0,"2025-05-01"
15803685,"Basic","S1",5,0,"2024-08-01"
15759456,"Basic","N3",63,0,"2025-01-18"
15611544,"Plus","S1",93,0,"2023-01-19"
15794257,"Plus","S2",59,0,"2023-10-14"
15681697,"Basic","W1",94,0,"2025-03-10"
15579566,"Premium","N2",82,1,"2023-07-26"
15577970,"Basic","N1",52,1,"2023-11-07"
15727489,"Basic","S2",65,0,"2023-04-13"
15764284,"Basic","S2",39,0,"2023-06-08"
15581811,"Plus","N1",81,0,"2024-12-07"
15622527,"Plus","N1",3,0,"2024-07-16"
15666652,"Basic","N2",42,0,"2024-01-13"
15789714,"Plus","N2",71,1,"2023-08-12"
15748327,"Plus","S1",28,1,"2023-04-02"
15754649,"Basic","S2",54,0,"2024-10-28"
15810460,"Basic","W1",95,0,"2023-06-25"
15771742,"Premium","N1",15,1,"2023-04-20"
15642160,"Basic","S2",53,0,"2025-03-21"
15605293,"Basic","S2",72,0,"2025-01-04"
15692631,"Plus","N2",70,1,"2023-06-28"
15665376,"Premium","N2",92,0,"2025-01-07"
15772412,"Basic","S2",4,0,"2024-03-28"
15654577,"Basic","N2",94,0,"2023-03-16"
15585427,"Basic","S1",17,1,"2024-08-05"
15584536,"Basic","N1",34,0,"2025-04-19"
15585853,"Basic","S2",6,1,"2024-12-21"
15645271,"Plus","N1",36,0,"2024-05-06"
15579387,"Premium","S1",99,0,"2023-04-13"
15623107,"Basic","N2",39,0,"2023-02-10"
15765192,"Basic","N3",80,0,"2024-03-10"
15804822,"Basic","S1",66,0,"2023-11-30"
15612893,"Basic","N3",8,0,"2023-10-07"
15593636,"Premium","N1",15,0,"2024-06-25"
15693326,"Basic","S2",63,0,"2024-05-20"
15809901,"Basic","N2",91,1,"2023-08-31"
15605425,"Plus","S1",80,0,"2024-07-17"
15801934,"Basic","N2",65,1,"2024-07-22"
15592000,"Plus","N3",59,1,"2024-12-02"
15618695,"Basic","N3",10,0,"2023-03-20"
15637110,"Plus","W1",7,0,"2025-06-03"
15727408,"Premium","S2",74,0,"2024-03-12"
15716328,"Plus","N3",76,1,"2024-12-08"
15669060,"Premium","S2",81,0,"2024-04-05"
15675854,"Basic","W1",12,1,"2023-07-16"
15621116,"Basic","S1",79,0,"2023-01-31"
15781495,"Plus","W1",46,1,"2025-04-23"
15740470,"Plus","S2",32,0,"2023-01-30"
15714391,"Basic","N3",32,1,"2023-04-23"
15730137,"Basic","N1",90,0,"2024-10-11"
15596455,"Basic","S2",78,0,"2025-01-03"
15717290,"Basic","N2",90,0,"2024-11-14"
15616555,"Basic","N1",61,0,"2024-01-25"
15659820,"Plus","S2",69,0,"2024-10-28"
15696301,"Basic","N2",61,0,"2023-10-03"
15771087,"Basic","W1",46,0,"2023-08-08"
15808831,"Plus","N1",68,0,"2023-10-03"
15812241,"Plus","S2",92,0,"2023-01-12"
15680370,"Premium","S1",55,0,"2024-05-07"
15780561,"Plus","W1",1,1,"2024-08-19"
15800784,"Basic","N2",77,0,"2025-01-03"
15715796,"Plus","S1",67,0,"2023-02-18"
15605375,"Basic","N3",49,0,"2024-11-22"
15621520,"Basic","W1",25,1,"2023-01-10"
15665460,"Plus","W1",16,0,"2023-09-18"
15801152,"Premium","S2",85,1,"2023-11-16"
15756425,"Basic","S2",13,0,"2023-07-05"
15674328,"Basic","N2",52,1,"2023-08-17"
15742404,"Basic","W1",36,0,"2024-10-31"
15757140,"Basic","S2",72,1,"2025-02-23"
15570051,"Basic","N3",44,0,"2025-04-14"
15669175,"Plus","S2",83,0,"2023-01-21"
15790324,"Basic","W1",47,0,"2023-01-16"
15691119,"Premium","N1",80,1,"2024-04-24"
15743478,"Plus","S1",76,1,"2025-03-05"
15707007,"Plus","W1",20,1,"2024-09-18"
15572547,"Plus","N3",18,0,"2023-01-06"
15689633,"Basic","W1",54,0,"2023-10-25"
15720637,"Basic","N3",12,0,"2023-09-16"
15616859,"Plus","W1",25,0,"2023-02-09"
15766166,"Plus","S1",60,1,"2023-10-03"
15617655,"Plus","S1",75,0,"2025-01-13"
15623450,"Basic","N3",86,0,"2024-06-02"
15796612,"Premium","W1",34,0,"2025-04-06"
15781598,"Premium","N2",38,0,"2024-05-25"
15691871,"Premium","W1",12,1,"2023-11-04"
15740345,"Basic","S1",36,0,"2025-06-17"
15662626,"Plus","N1",28,1,"2024-06-16"
15596575,"Basic","N1",91,0,"2024-04-24"
15657321,"Basic","N2",39,0,"2024-02-18"
15575955,"Basic","S1",77,1,"2024-06-06"
15743893,"Plus","N1",43,0,"2024-04-09"
15697270,"Premium","W1",91,0,"2024-02-13"
15644356,"Plus","S2",31,0,"2023-02-19"
15677586,"Basic","S1",2,0,"2025-02-15"
15571261,"Plus","N2",82,1,"2023-02-14"
15698758,"Premium","S1",90,0,"2025-03-07"
15787014,"Basic","N3",42,1,"2025-04-09"
15739857,"Premium","N3",31,0,"2023-09-28"
15774630,"Basic","N1",61,0,"2023-10-02"
15805523,"Plus","N3",56,0,"2024-02-27"
15749557,"Basic","N2",86,1,"2023-02-04"
15681180,"Basic","N1",100,1,"2024-05-18"
15742028,"Basic","N2",83,0,"2024-05-02"
15686463,"Plus","W1",14,0,"2024-10-14"
15654379,"Basic","N2",14,1,"2023-05-24"
15783629,"Basic","N3",29,1,"2025-04-14"
15751193,"Plus","W1",81,1,"2025-01-26"
15724099,"Premium","N3",50,0,"2025-05-12"
15568429,"Basic","N2",50,0,"2025-04-02"
15648967,"Basic","N3",63,0,"2023-07-12"
15664498,"Basic","N3",73,0,"2024-06-30"
15779522,"Basic","N3",65,1,"2025-02-22"
15583850,"Plus","S1",68,0,"2025-06-15"
15696539,"Plus","W1",71,1,"2023-06-27"
15760121,"Plus","W1",11,0,"2025-02-20"
15766163,"Basic","W1",14,0,"2023-11-14"
15566467,"Plus","N2",83,0,"2024-01-26"
15639049,"Plus","S2",3,0,"2023-05-31"
15736413,"Plus","N2",8,0,"2024-09-02"
221488552,"Plus","W1",93,0,"2024-03-22"
15716381,"Plus","N1",43,1,"2024-06-24"
15708162,"Plus","N3",9,0,"2023-05-30"
15569364,"Basic","N3",19,1,"2023-07-27"
15791191,"Premium","S2",12,1,"2023-12-15"
15621205,"Basic","N1",27,1,"2023-09-19"
15704788,"Plus","S1",58,1,"2024-12-22"
15775756,"Basic","N2",25,0,"2024-02-17"
15641312,"Plus","S1",45,0,"2023-03-30"
15782531,"Plus","N1",48,1,"2025-01-18"
15724428,"Basic","S2",50,0,"2025-01-29"
15743617,"Basic","N1",81,0,"2023-09-15"
15585839,"Plus","S2",44,1,"2024-05-06"
15658158,"Plus","S1",59,0,"2024-12-04"
15637678,"Basic","S1",33,1,"2024-08-30"
15701809,"Basic","N1",78,0,"2024-07-01"
15676937,"Plus","N1",28,1,"2023-04-06"
15778975,"Basic","N3",18,1,"2024-02-08"
15710375,"Basic","S2",55,0,"2024-03-14"
15579914,"Basic","N3",33,0,"2023-02-06"
15595160,"Basic","N2",15,0,"2025-01-15"
15595391,"Basic","N2",61,0,"2024-09-05"
15630363,"Basic","N1",11,1,"2024-04-25"
15692443,"Basic","S1",36,0,"2023-06-29"
15593795,"Basic","N2",15,0,"2023-11-21"
15642824,"Basic","N2",53,0,"2024-08-04"
15683524,"Basic","N3",62,0,"2024-02-10"
15713532,"Basic","N3",48,0,"2024-04-13"
15719827,"Plus","N2",94,1,"2024-09-10"
15578435,"Basic","N1",15,0,"2023-09-28"
15723028,"Basic","N3",63,0,"2023-12-20"
15595609,"Basic","N2",87,0,"2024-07-12"
15622443,"Basic","S1",43,1,"2024-04-09"
15579112,"Plus","N3",50,0,"2024-09-11"
15648479,"Plus","N2",60,0,"2023-12-30"
15659234,"Premium","S2",59,0,"2023-03-10"
15811970,"Plus","N3",15,1,"2023-11-04"
15774192,"Premium","S2",29,0,"2024-02-27"
15595136,"Basic","N3",75,0,"2024-05-28"
15630580,"Basic","N3",82,0,"2023-08-07"
15660646,"Basic","W1",40,1,"2023-02-14"
15614365,"Basic","W1",31,0,"2023-08-21"
15776128,"Basic","S2",73,1,"2024-12-01"
15787035,"Plus","N1",86,0,"2024-01-02"
15792646,"Basic","N2",11,0,"2025-05-09"
15726832,"Premium","N1",81,1,"2023-05-02"
15773260,"Plus","N1",97,0,"2024-05-09"
15624437,"Basic","W1",62,0,"2024-07-30"
15717138,"Basic","N2",75,0,"2025-06-02"
15657317,"Basic","W1",8,0,"2023-05-29"
15626948,"Basic","W1",51,1,"2025-01-30"
15758901,"Basic","W1",57,1,"2025-06-13"
15777759,"Basic","S1",4,1,"2024-04-20"
15773322,"Basic","N1",36,1,"2024-08-01"
15697318,"Basic","N1",19,1,"2023-12-16"
15678916,"Premium","N1",24,1,"2025-06-15"
15632118,"Plus","S1",41,0,"2024-07-24"
15788118,"Premium","N3",49,0,"2023-04-25"
15788930,"Basic","S2",82,1,"2024-09-19"
15628583,"Basic","S2",97,0,"2023-08-25"
15635177,"Plus","S1",46,1,"2023-02-16"
15587690,"Basic","N1",36,0,"2024-09-12"
15627630,"Basic","S2",10,0,"2023-10-01"
15610930,"Plus","S1",78,0,"2023-04-23"
15657747,"Plus","W1",7,0,"2024-06-28"
15568006,"Basic","N2",12,1,"2024-02-03"
15751748,"Basic","S2",86,0,"2025-03-02"
15722212,"Basic","N2",91,0,"2023-10-19"
15658670,"Basic","N1",48,0,"2023-11-12"
15761654,"Basic","S2",37,0,"2023-06-11"
15812210,"Basic","S1",75,0,"2023-03-31"
15787051,"Basic","N3",36,1,"2023-02-20"
15642991,"Premium","S2",60,1,"2024-02-28"
15713769,"Plus","S2",77,0,"2024-02-10"
15605826,"Plus","S2",96,1,"2023-05-24"
15648898,"Basic","S2",8,1,"2024-09-07"
15705309,"Basic","S1",7,0,"2024-11-12"
15734202,"Basic","S1",43,0,"2024-06-11"
15658852,"Basic","N3",58,0,"2023-05-13"
15612633,"Basic","S1",81,0,"2024-05-13"
15604818,"Plus","S1",86,0,"2024-01-25"
15593900,"Plus","N1",46,0,"2023-06-19"
15624995,"Basic","N1",34,0,"2024-06-25"
15570087,"Basic","N2",84,1,"2023-06-09"
15802617,"Premium","N3",72,1,"2024-10-20"
15656029,"Basic","N1",22,0,"2025-03-29"
15739194,"Basic","N3",91,1,"2025-01-18"
15607275,"Basic","N3",98,1,"2024-02-16"
15629475,"Plus","S2",21,0,"2024-11-17"
15635034,"Premium","W1",15,0,"2024-08-06"
15756333,"Basic","W1",5,0,"2024-01-19"
15777436,"Premium","W1",17,0,"2025-05-24"
15676835,"Plus","N3",72,0,"2024-09-30"
15574206,"Basic","S2",19,0,"2025-06-15"
15613017,"Basic","N2",5,0,"2024-12-08"
15815131,"Basic","N2",23,0,"2023-07-04"
15585455,"Premium","W1",83,1,"2024-10-23"
15692929,"Basic","N2",14,1,"2023-08-02"
15758081,"Plus","S2",10,1,"2023-04-04"
15667476,"Basic","W1",31,1,"2024-07-23"
15738248,"Plus","S2",13,1,"2023-08-07"
15672152,"Basic","N2",22,0,"2023-08-07"
15673372,"Plus","W1",37,1,"2023-01-13"
15587611,"Plus","S2",39,1,"2024-02-27"
15803415,"Plus","S1",10,0,"2025-03-05"
15715673,"Premium","S1",31,0,"2024-02-27"
15655648,"Basic","S2",43,0,"2024-04-30"
15763613,"Plus","S2",99,0,"2024-01-12"
15660385,"Basic","N1",77,0,"2024-10-13"
15733261,"Basic","N1",94,0,"2024-02-12"
15796231,"Basic","N3",98,1,"2025-02-24"
15624866,"Basic","W1",36,0,"2023-04-29"
15623730,"Basic","N3",35,0,"2023-09-28"
15668248,"Premium","N3",68,0,"2023-04-07"
15694518,"Basic","N2",55,1,"2025-04-21"
15638028,"Plus","S1",68,1,"2023-02-16"
15795895,"Basic","N2",47,0,"2024-10-25"
15694376,"Basic","W1",6,0,"2023-06-22"
15773779,"Basic","S2",28,0,"2025-02-25"
15580682,"Premium","N1",30,1,"2023-12-13"
15768530,"Premium","W1",27,1,"2023-08-25"
15672875,"Premium","S2",69,1,"2024-06-26"
15617082,"Premium","W1",39,0,"2023-08-01"
15799964,"Basic","S2",35,0,"2023-09-29"
15693906,"Basic","N1",44,0,"2024-02-11"
15739514,"Plus","S2",15,1,"2023-03-19"
15756926,"Basic","N3",83,0,"2025-03-01"
15770984,"Basic","W1",94,1,"2024-07-06"
15703979,"Basic","N1",32,1,"2023-05-26"
15801821,"Plus","S2",29,1,"2023-01-12"
15711028,"Plus","N3",63,0,"2025-01-29"
15791842,"Basic","N3",6,0,"2023-08-17"
15746127,"Basic","S1",90,1,"2025-04-22"
15663625,"Plus","N3",27,1,"2024-11-21"
15604891,"Plus","N2",99,0,"2023-12-07"
15589666,"Basic","N1",28,1,"2024-11-02"
15627881,"Plus","N1",5,0,"2025-01-02"
15664895,"Basic","N1",41,0,"2025-04-18"
15676094,"Basic","S2",56,0,"2023-06-13"
15761720,"Plus","W1",54,1,"2024-11-10"
15611961,"Plus","S2",80,0,"2024-01-17"
15680167,"Basic","N2",18,0,"2024-12-31"
15762543,"Plus","W1",77,0,"2024-08-04"
15658475,"Plus","N3",43,0,"2024-02-26"
15779743,"Plus","S2",89,1,"2024-03-13"
15661532,"Plus","W1",74,0,"2025-02-10"
15782360,"Plus","N3",29,1,"2023-03-04"
15767908,"Basic","W1",10,1,"2023-09-03"
15677105,"Basic","N3",6,1,"2023-02-19"
15641474,"Basic","W1",80,1,"2025-03-08"
15624451,"Basic","S2",89,0,"2023-08-22"
15577985,"Plus","S2",4,0,"2024-06-11"
15571666,"Basic","N2",34,0,"2024-05-30"
15783691,"Basic","S1",83,0,"2023-10-09"
15671172,"Basic","N1",33,0,"2024-10-30"
15731760,"Basic","S2",4,0,"2023-08-08"
15585599,"Basic","S2",44,1,"2023-12-14"
15784958,"Plus","N3",98,1,"2023-12-30"
15734524,"Basic","S1",76,0,"2024-07-16"
15614103,"Plus","S2",31,0,"2023-02-11"
15794895,"Premium","W1",80,0,"2024-02-27"
15772381,"Basic","S1",66,0,"2023-05-15"
15710553,"Basic","N1",58,1,"2025-02-24"
15649292,"Basic","W1",60,0,"2023-09-16"
15792565,"Plus","N3",2,0,"2023-07-10"
15718245,"Plus","N2",36,0,"2023-09-13"
15703117,"Basic","W1",70,0,"2025-01-17"
15758136,"Basic","N1",60,0,"2024-05-08"
15799932,"Premium","W1",23,0,"2025-02-26"
15633516,"Basic","S1",47,0,"2025-05-15"
15622532,"Basic","S1",46,0,"2023-03-14"
15798960,"Premium","N1",80,0,"2023-03-15"
15698664,"Plus","S1",44,0,"2024-09-26"
15703614,"Premium","W1",19,1,"2024-08-04"
15699195,"Plus","N2",49,0,"2024-02-05"
15710543,"Plus","W1",88,0,"2023-03-20"
15622321,"Plus","S1",91,0,"2023-07-06"
15715744,"Premium","W1",7,0,"2024-10-14"
15788151,"Plus","S1",94,0,"2025-03-20"
15687153,"Basic","N2",41,0,"2024-07-09"
15684958,"Basic","S1",78,0,"2025-01-28"
15706116,"Basic","S2",15,0,"2024-04-14"
15740557,"Basic","N3",76,0,"2025-04-27"
15707291,"Basic","W1",53,1,"2025-01-07"
15583353,"Plus","S2",93,0,"2024-08-01"
15761024,"Plus","S1",23,0,"2024-03-31"
15630709,"Basic","S1",77,0,"2023-10-03"
15639590,"Plus","N3",73,0,"2025-02-03"
15659399,"Basic","S1",88,1,"2025-03-25"
15567078,"Basic","N3",94,0,"2025-03-02"
15696373,"Basic","W1",65,1,"2023-06-28"
15786617,"Basic","N2",60,0,"2025-03-01"
15657449,"Basic","N3",10,0,"2023-05-09"
15672594,"Basic","N3",58,0,"2024-01-14"
15714240,"Basic","S2",47,1,"2023-04-25"
15782144,"Plus","S1",15,0,"2023-11-18"
15665008,"Basic","W1",9,0,"2024-01-24"
15751392,"Plus","N2",13,0,"2025-02-24"
15785815,"Plus","N1",23,0,"2024-04-08"
15664214,"Plus","N3",33,1,"2023-07-21"
15579996,"Premium","N1",9,0,"2024-09-20"
15675252,"Basic","S1",3,0,"2024-06-30"
15579617,"Basic","N3",94,0,"2024-02-13"
15593976,"Premium","N1",73,0,"2024-09-09"
15716041,"Basic","S2",25,0,"2025-01-30"
15654489,"Plus","N1",88,0,"2023-06-01"
15736302,"Plus","S2",96,0,"2024-10-14"
15805909,"Plus","N2",71,0,"2024-02-09"
15572762,"Premium","S1",36,1,"2024-05-05"
15670416,"Premium","W1",89,0,"2025-03-17"
15749528,"Plus","N1",20,0,"2023-06-11"
15578783,"Basic","N3",81,0,"2023-05-27"
15580719,"Premium","S1",54,0,"2024-02-16"
15656293,"Basic","N1",100,0,"2023-09-13"
15691875,"Basic","N3",90,1,"2024-08-25"
15596870,"Premium","N3",19,0,"2024-01-05"
15780770,"Basic","W1",60,0,"2024-12-30"
15751491,"Basic","W1",37,0,"2024-10-12"
15706200,"Basic","N3",3,0,"2024-11-19"
15808674,"Premium","W1",92,0,"2023-10-18"
15641411,"Basic","N3",86,1,"2023-12-06"
15764661,"Plus","N1",19,1,"2023-03-17"
15689492,"Basic","N2",53,0,"2024-07-22"
15610271,"Plus","W1",46,0,"2024-06-23"
15791780,"Plus","S2",80,0,"2025-04-13"
15589147,"Basic","S2",56,0,"2024-05-19"
15756975,"Basic","S2",70,0,"2023-11-17"
15729582,"Basic","N2",31,0,"2024-10-23"
15742971,"Premium","N3",53,1,"2023-11-03"
15568046,"Plus","N3",34,0,"2023-12-13"
15694890,"Premium","S1",31,0,"2024-01-28"
15736963,"Basic","S2",60,0,"2023-07-18"
15646490,"Plus","S2",11,1,"2024-11-06"
15607314,"Plus","N3",100,0,"2023-07-01"
15576745,"Plus","S2",6,0,"2023-08-28"
15737832,"Basic","N3",7,1,"2023-03-07"
15681990,"Basic","W1",49,0,"2023-06-20"
15758050,"Plus","N3",96,0,"2024-10-06"
15787848,"Plus","N1",72,1,"2024-08-15"
15713594,"Plus","N1",60,0,"2023-06-14"
15588186,"Basic","N1",33,0,"2023-03-04"
15786739,"Basic","N1",47,0,"2023-12-21"
15699467,"Basic","N2",44,0,"2023-02-20"
15680706,"Basic","S1",79,0,"2024-08-06"
15645717,"Plus","S1",27,1,"2023-02-12"
15748597,"Plus","N3",94,0,"2025-04-14"
15773709,"Basic","S2",22,1,"2023-11-17"
15629787,"Basic","N1",47,1,"2023-11-14"
15661007,"Basic","S1",93,1,"2023-08-04"
15686812,"Basic","S1",48,0,"2023-07-10"
15754113,"Plus","N1",30,0,"2024-10-31"
15749489,"Premium","N2",2,1,"2024-05-04"
15574352,"Basic","N2",15,1,"2023-03-31"
15701281,"Plus","S1",47,1,"2024-02-26"
15811985,"Premium","N2",27,0,"2024-05-05"
15713505,"Plus","W1",71,0,"2024-09-07"
15685653,"Basic","N1",27,1,"2024-07-16"
15758831,"Premium","S1",85,1,"2023-09-11"
15618774,"Basic","N1",13,0,"2023-04-17"
15764448,"Basic","N2",55,0,"2023-10-21"
15611024,"Basic","N1",17,0,"2024-05-25"
15738220,"Basic","N2",75,0,"2023-08-24"
15805764,"Basic","N2",59,1,"2024-05-12"
15580487,"Basic","N1",10,0,"2025-04-14"
15675787,"Basic","N2",33,0,"2025-04-24"
15583580,"Plus","W1",78,1,"2023-12-22"
15780654,"Premium","N3",37,0,"2024-09-08"
15695034,"Basic","N1",8,1,"2025-02-05"
15805671,"Premium","N3",33,1,"2023-10-31"
15790658,"Premium","N1",7,1,"2024-06-15"
15578648,"Plus","N2",34,0,"2025-05-20"
15734987,"Basic","N2",71,0,"2024-05-06"
15721740,"Plus","S1",7,0,"2024-08-06"
15641822,"Premium","W1",41,0,"2023-04-27"
15765650,"Plus","S1",100,0,"2024-01-02"
15788556,"Basic","N3",55,0,"2024-10-03"
15576550,"Basic","N2",7,0,"2024-04-03"
15622230,"Plus","S1",84,0,"2023-04-30"
15653937,"Basic","N2",18,1,"2023-08-01"
15743538,"Basic","N1",43,1,"2025-01-10"
15591740,"Basic","S1",78,0,"2023-07-02"
15650086,"Plus","N3",40,1,"2024-10-07"
15718773,"Premium","S1",53,0,"2023-12-05"
15615140,"Basic","N2",14,1,"2024-04-22"
15644361,"Premium","S2",21,0,"2024-05-08"
15774536,"Basic","S2",57,0,"2023-08-19"
15618661,"Plus","W1",91,0,"2025-06-14"
15605020,"Plus","N2",46,0,"2023-12-30"
15685279,"Plus","N1",26,0,"2024-03-21"
15582849,"Premium","S1",91,0,"2024-04-28"
15655410,"Basic","S2",24,0,"2025-05-01"
15649129,"Premium","N1",5,0,"2023-09-03"
15702380,"Basic","N2",42,0,"2025-02-02"
15759067,"Plus","N1",92,0,"2023-08-13"
15683027,"Plus","N2",43,0,"2023-06-06"
15597487,"Plus","W1",32,0,"2024-09-22"
15763256,"Basic","S1",88,1,"2024-08-28"
15620111,"Premium","N1",6,0,"2025-01-09"
15623053,"Basic","S1",74,1,"2023-12-31"
15595592,"Basic","N1",67,0,"2023-07-05"
15740072,"Plus","N2",7,1,"2024-05-09"
15778005,"Basic","N2",29,0,"2025-04-25"
15583278,"Plus","N1",34,0,"2023-07-04"
15601263,"Basic","W1",7,0,"2024-01-22"
15709222,"Basic","N2",81,0,"2023-10-07"
15713949,"Plus","N3",77,0,"2025-01-11"
15717706,"Basic","N3",58,1,"2024-04-26"
15756071,"Basic","S1",85,1,"2023-09-22"
15696564,"Plus","N3",31,0,"2024-10-31"
15657637,"Basic","N3",73,1,"2023-12-18"
15755863,"Plus","W1",45,1,"2024-08-11"
15719858,"Basic","W1",47,0,"2023-03-23"
15688876,"Plus","S2",77,1,"2023-06-30"
15698528,"Plus","S2",81,0,"2023-12-08"
15770345,"Plus","W1",72,0,"2023-07-15"
15761506,"Basic","S2",73,0,"2023-03-01"
15716619,"Plus","W1",73,1,"2023-05-31"
15788367,"Plus","S2",40,0,"2023-03-02"
15709451,"Plus","N2",30,0,"2024-10-08"
15640421,"Basic","W1",62,0,"2024-03-03"
15580068,"Premium","S1",71,0,"2023-11-27"
15677123,"Plus","S1",17,0,"2023-02-08"
15619801,"Basic","W1",5,0,"2023-09-10"
15582246,"Basic","N3",81,0,"2025-06-08"
15711843,"Premium","S1",1,0,"2024-09-09"
15804131,"Basic","N3",80,0,"2023-08-21"
15722611,"Premium","S1",81,1,"2023-12-20"
15729224,"Plus","N1",94,1,"2023-06-19"
15811588,"Plus","N1",31,0,"2023-08-05"
15702138,"Basic","W1",35,0,"2023-12-14"
15749799,"Basic","S1",72,1,"2024-06-09"
15752885,"Premium","N2",30,0,"2024-02-15"
15674932,"Basic","N3",85,1,"2024-06-11"
15743828,"Plus","S1",15,0,"2024-12-31"
15642022,"Basic","W1",98,0,"2025-06-16"
15746461,"Basic","N3",56,0,"2024-11-11"
15809991,"Basic","S2",60,0,"2024-06-09"
15787322,"Basic","W1",27,0,"2023-08-31"
15575498,"Premium","S1",2,0,"2025-04-10"
15691387,"Basic","N2",74,1,"2023-01-08"
15666173,"Basic","W1",5,0,"2024-09-14"
15627377,"Basic","S1",91,0,"2024-07-05"
15656683,"Basic","N1",68,0,"2024-08-02"
15679810,"Premium","S1",13,0,"2024-09-26"
15606310,"Basic","N1",81,0,"2025-04-08"
15756871,"Basic","N1",85,0,"2023-06-15"
15610002,"Basic","W1",23,0,"2023-07-22"
15745452,"Premium","S1",97,0,"2024-10-01"
15617252,"Basic","S1",50,1,"2023-12-30"
15753248,"Basic","N1",79,1,"2023-06-01"
15610755,"Plus","N3",78,1,"2024-02-29"
15662238,"Plus","S2",73,1,"2024-10-19"
15799186,"Basic","N2",37,0,"2024-07-14"
15686941,"Basic","S1",30,1,"2024-04-13"
15601172,"Plus","S2",93,0,"2024-02-14"
15723858,"Basic","S2",23,0,"2024-05-29"
15615896,"Plus","N3",34,0,"2023-09-08"
15737647,"Plus","S2",64,1,"2023-03-18"
15582841,"Basic","S1",55,0,"2024-02-26"
15760090,"Basic","W1",71,0,"2025-01-01"
15588587,"Basic","W1",9,1,"2024-01-20"
15683157,"Plus","S2",4,0,"2025-05-09"
15694209,"Basic","S1",66,0,"2024-01-14"
15655875,"Basic","S1",91,0,"2023-08-16"
15805704,"Plus","N1",33,1,"2023-04-28"
15744789,"Premium","N3",32,1,"2023-09-24"
15799357,"Basic","N2",44,1,"2023-08-23"
15726153,"Premium","N1",37,0,"2023-06-17"
15713346,"Basic","N2",91,0,"2025-02-10"
15665053,"Basic","S1",92,0,"2024-12-05"
15592379,"Basic","W1",67,0,"2024-11-26"
15692599,"Basic","N1",60,0,"2024-06-05"
15620758,"Basic","S2",59,0,"2023-12-03"
15637428,"Basic","S2",36,1,"2023-11-23"
15808389,"Premium","N2",49,1,"2023-12-25"
15807003,"Plus","S1",51,0,"2024-03-23"
15702912,"Plus","W1",8,0,"2024-10-14"
15590623,"Basic","N2",50,0,"2024-06-17"
15728078,"Basic","W1",41,0,"2025-04-03"
15708256,"Basic","N3",38,0,"2025-06-08"
15582335,"Plus","W1",86,0,"2024-12-05"
15649150,"Premium","S2",78,1,"2024-08-26"
15691647,"Basic","N1",79,0,"2023-04-07"
15668270,"Basic","N1",55,0,"2024-10-14"
15624820,"Basic","N1",68,1,"2025-02-07"
15736254,"Basic","W1",18,1,"2024-07-03"
15720814,"Basic","S2",65,0,"2025-01-28"
15642997,"Plus","W1",64,1,"2023-09-13"
15693200,"Plus","S1",12,0,"2024-03-17"
15624596,"Basic","S2",41,1,"2024-02-13"
15807167,"Basic","S2",42,0,"2025-03-20"
15660301,"Premium","W1",60,0,"2023-03-26"
15618239,"Basic","W1",50,1,"2024-02-21"
15574137,"Basic","N1",81,0,"2024-07-02"
15614740,"Basic","S2",83,0,"2024-05-16"
15574071,"Basic","N1",36,1,"2024-11-27"
15671148,"Basic","S1",48,0,"2023-04-08"
15721921,"Plus","N3",71,0,"2025-04-09"
15717995,"Basic","N1",73,1,"2025-06-17"
15632050,"Basic","W1",8,1,"2024-06-25"
15647111,"Plus","N2",25,1,"2024-05-17"
15759991,"Basic","N3",7,1,"2024-03-26"
15790204,"Premium","S1",8,1,"2023-07-10"
15686780,"Premium","W1",88,1,"2025-04-29"
15640491,"Basic","N3",81,0,"2025-03-01"
15783225,"Plus","W1",76,0,"2023-07-20"
15734438,"Basic","N1",31,0,"2023-11-18"
15688760,"Premium","W1",12,0,"2024-12-01"
15768124,"Basic","S1",57,0,"2023-09-15"
15661330,"Premium","N2",66,1,"2023-06-04"
15781272,"Plus","N1",12,0,"2024-05-01"
15573888,"Basic","N1",27,1,"2025-04-10"
15575858,"Basic","S1",46,0,"2023-08-16"
15645937,"Premium","S1",7,0,"2024-05-31"
15702337,"Premium","N3",61,0,"2024-10-02"
15764537,"Basic","N2",58,1,"2024-05-25"
15585133,"Plus","W1",58,0,"2023-03-15"
15573971,"Basic","N3",13,0,"2023-12-31"
15579433,"Basic","W1",53,0,"2023-01-24"
15777045,"Basic","W1",100,0,"2025-04-06"
15614778,"Basic","W1",65,0,"2024-04-07"
15771750,"Plus","N3",49,0,"2024-04-25"
15593280,"Basic","N1",35,1,"2025-03-01"
15569274,"Plus","S1",94,0,"2024-12-18"
15654408,"Basic","N1",95,0,"2024-10-19"
15657468,"Basic","N2",17,1,"2023-03-30"
15614213,"Basic","N3",72,1,"2024-06-17"
15589869,"Basic","N2",67,1,"2023-10-27"
15693205,"Basic","S1",10,0,"2023-02-13"
15797113,"Basic","S1",34,1,"2023-02-06"
15676958,"Plus","S2",86,0,"2024-06-02"
15739592,"Basic","N2",4,0,"2024-04-18"
15656263,"Basic","N1",96,0,"2023-10-07"
15636872,"Basic","N2",29,0,"2024-04-05"
15589435,"Premium","N3",46,0,"2023-06-18"
15640464,"Premium","S1",75,1,"2023-03-11"
15723851,"Basic","S1",46,1,"2023-08-01"
15722122,"Basic","N2",77,1,"2024-08-05"
15696852,"Basic","N2",59,0,"2024-12-19"
15634936,"Premium","W1",61,1,"2023-03-13"
15575935,"Basic","N2",68,0,"2025-04-07"
15634491,"Basic","W1",66,0,"2023-06-29"
15628530,"Basic","N3",34,1,"2023-07-27"
15678720,"Basic","N3",86,1,"2023-06-26"
15627999,"Basic","N1",5,0,"2024-12-07"
15571244,"Plus","N2",9,0,"2023-10-28"
15739931,"Basic","N1",20,0,"2025-06-02"
15806256,"Plus","S2",21,1,"2025-01-20"
15787258,"Basic","N3",17,1,"2023-06-03"
15706463,"Basic","S1",12,0,"2023-06-03"
15691004,"Premium","W1",92,0,"2023-01-30"
15792228,"Basic","S2",82,0,"2023-01-27"
15733447,"Plus","S1",67,0,"2023-08-28"
15679062,"Basic","S2",5,0,"2025-01-24"
15594409,"Basic","N1",60,0,"2024-10-05"
15613816,"Premium","N1",53,1,"2024-11-21"
15681991,"Basic","W1",52,0,"2025-04-30"
15625941,"Premium","N3",78,0,"2023-04-08"
15615016,"Basic","W1",48,1,"2023-11-22"
15748414,"Premium","S1",90,0,"2023-08-25"
15751203,"Basic","S2",19,1,"2025-04-26"
15662658,"Basic","W1",17,0,"2023-05-18"
15574868,"Plus","N2",54,0,"2024-09-21"
15790282,"Premium","N2",68,0,"2024-09-09"
15762927,"Premium","N3",35,0,"2024-07-01"
15803456,"Plus","W1",88,1,"2023-02-15"
15771857,"Premium","S1",41,0,"2024-09-07"
15700601,"Basic","N2",13,1,"2024-01-25"
15569670,"Basic","N3",33,1,"2023-12-30"
15772341,"Basic","W1",15,0,"2023-12-26"
15661548,"Basic","N3",63,1,"2024-08-04"
15787597,"Basic","S1",15,0,"2023-07-26"
15804862,"Basic","N2",31,0,"2025-01-02"
15792986,"Basic","N2",28,1,"2024-08-23"
15625632,"Plus","N2",10,0,"2024-05-29"
15727703,"Basic","N1",57,1,"2025-03-20"
15606273,"Basic","N2",71,1,"2024-01-01"
15799652,"Basic","S2",33,1,"2024-03-13"
15715047,"Plus","N1",7,1,"2023-08-19"
15784687,"Plus","W1",5,0,"2024-02-27"
15615322,"Plus","N1",90,0,"2024-04-13"
15722072,"Basic","N1",80,0,"2024-09-21"
15646784,"Basic","N1",57,1,"2023-11-07"
15644692,"Basic","N3",72,0,"2024-01-30"
15670354,"Basic","S2",86,1,"2023-04-24"
15716357,"Basic","S1",98,1,"2023-07-21"
15786717,"Basic","N2",40,0,"2024-04-07"
15771383,"Basic","N1",28,0,"2024-06-25"
15649793,"Premium","S1",36,0,"2023-12-30"
15731543,"Premium","N3",56,1,"2023-09-04"
15684516,"Basic","S1",47,1,"2024-08-15"
15677249,"Basic","N1",71,0,"2023-09-03"
15581525,"Basic","W1",40,1,"2023-07-03"
15628420,"Basic","S2",59,0,"2024-02-17"
15600478,"Premium","S1",43,0,"2023-09-30"
15594502,"Basic","N1",92,0,"2024-06-28"
15784361,"Plus","N1",66,0,"2024-09-05"
15767626,"Basic","N2",9,0,"2023-10-04"
15632521,"Premium","W1",6,1,"2024-09-14"
15665088,"Basic","N2",65,1,"2024-05-13"
15652084,"Plus","W1",3,0,"2024-12-18"
15574761,"Basic","S2",74,1,"2025-02-16"
15729515,"Plus","N2",37,0,"2024-05-04"
15682070,"Basic","S2",87,1,"2023-08-03"
15743817,"Basic","N3",33,0,"2023-04-13"
15572158,"Premium","N3",9,0,"2025-03-17"
15584477,"Premium","W1",53,0,"2024-08-12"
15614893,"Premium","W1",77,1,"2023-06-24"
15665963,"Plus","N2",92,0,"2025-05-03"
15612524,"Plus","N3",51,0,"2023-02-21"
15596962,"Basic","S1",71,0,"2023-10-24"
15744942,"Basic","S1",26,0,"2023-06-24"
15573278,"Basic","S1",16,0,"2023-12-09"
19524793,"Plus","N3",40,0,"2024-12-11"
15795881,"Basic","S1",90,0,"2024-08-22"
15758939,"Basic","S2",51,0,"2023-06-20"
15792250,"Plus","N1",39,0,"2023-02-06"
15740406,"Plus","W1",55,0,"2024-09-26"
15768137,"Basic","N2",96,0,"2023-07-20"
15569120,"Basic","S2",36,0,"2023-03-05"
15777122,"Basic","S1",65,0,"2024-04-30"
15742681,"Basic","N1",85,0,"2024-03-30"
15582090,"Basic","N2",77,0,"2024-11-30"
15711254,"Plus","S2",90,0,"2024-12-27"
15775067,"Plus","N2",45,0,"2024-02-13"
15602851,"Plus","W1",9,0,"2025-06-05"
15802857,"Basic","N3",37,0,"2025-01-24"
15701175,"Plus","S1",87,0,"2023-05-30"
15783019,"Basic","S2",1,0,"2024-05-16"
15728912,"Basic","S2",66,0,"2024-09-27"
15585580,"Plus","N1",63,0,"2024-12-10"
155834800,"Basic","N1",43,0,"2024-07-01"
15620341,"Basic","N1",28,1,"2025-03-24"
15613886,"Premium","N2",100,0,"2023-10-05"
15792916,"Basic","S1",31,0,"2023-02-04"
15710408,"Plus","N2",69,0,"2024-09-16"
15649354,"Basic","S1",89,0,"2023-06-24"
15737556,"Plus","S2",8,0,"2023-02-02"
15671610,"Basic","N2",34,0,"2024-12-25"
15625092,"Basic","N2",49,1,"2024-12-15"
15741032,"Plus","N2",96,1,"2024-02-01"
15750014,"Basic","N3",58,0,"2023-09-11"
15784761,"Basic","W1",75,0,"2024-07-21"
15768359,"Basic","S1",47,0,"2023-11-19"
15805769,"Basic","S1",25,0,"2023-01-13"
15719508,"Basic","N2",3,0,"2023-02-19"
15609011,"Basic","N3",45,0,"2025-01-29"
15703106,"Premium","N2",52,0,"2023-08-21"
15626795,"Basic","S1",96,0,"2024-06-23"
15756196,"Basic","W1",99,0,"2024-09-07"
15687903,"Basic","W1",96,0,"2025-05-15"
15777599,"Basic","S2",34,1,"2023-04-06"
15754577,"Premium","N3",69,1,"2023-12-09"
15584113,"Basic","W1",92,1,"2025-05-05"
15669589,"Premium","N3",92,0,"2023-07-12"
15632793,"Basic","N2",8,0,"2024-05-25"
15711130,"Plus","S2",27,0,"2024-03-26"
15615254,"Basic","S1",80,0,"2023-05-05"
15720583,"Premium","W1",63,0,"2023-03-22"
15780432,"Plus","W1",82,0,"2023-01-07"
15673223,"Basic","N1",25,0,"2023-11-26"
15807989,"Basic","S1",58,0,"2023-03-24"
15761168,"Basic","W1",48,0,"2024-06-19"
1626746358,"Premium","W1",1,0,"2024-09-17"
15812832,"Basic","S1",8,0,"2024-06-10"
15680517,"Basic","S2",21,1,"2023-04-23"
15750569,"Plus","N3",98,0,"2024-03-15"
15690743,"Basic","S1",88,0,"2025-06-08"
15627741,"Premium","N3",90,0,"2025-05-03"
15712121,"Plus","S2",78,1,"2025-01-31"
15805429,"Plus","S2",29,0,"2024-10-18"
15814923,"Premium","N2",30,0,"2023-01-19"
15589230,"Basic","N1",3,0,"2023-01-09"
15775490,"Basic","S2",7,1,"2025-04-11"
15749727,"Basic","S2",100,0,"2023-07-04"
15619238,"Basic","N3",11,0,"2023-02-07"
15593468,"Plus","S2",32,0,"2024-12-23"
15789498,"Premium","S1",59,1,"2023-05-14"
15744691,"Basic","N2",12,0,"2023-04-12"
15790412,"Basic","N2",79,0,"2023-05-29"
15741416,"Premium","S1",38,0,"2023-04-03"
15598894,"Basic","W1",24,0,"2025-03-12"
15663294,"Basic","S2",65,0,"2023-05-20"
15572728,"Basic","N1",18,0,"2023-10-22"
15706729,"Premium","S2",46,1,"2025-05-13"
15674433,"Plus","N2",56,0,"2025-02-12"
15641170,"Plus","N1",63,0,"2024-08-15"
15806284,"Plus","W1",7,0,"2024-06-27"
15690958,"Basic","N3",66,0,"2023-07-07"
15606386,"Basic","N3",40,0,"2023-05-16"
15682322,"Plus","S2",54,0,"2023-06-15"
15579915,"Basic","S2",31,0,"2024-04-21"
15681928,"Plus","N1",97,0,"2023-05-27"
15734005,"Premium","N1",52,1,"2023-09-02"
15650432,"Plus","W1",94,1,"2023-07-02"
15592578,"Plus","S2",31,0,"2023-01-09"
15671243,"Plus","N2",34,0,"2024-03-11"
15775709,"Plus","N3",7,1,"2023-06-05"
15702631,"Basic","W1",89,0,"2025-04-09"
15602282,"Basic","N1",16,0,"2024-11-18"
15717879,"Basic","N2",22,0,"2023-04-24"
15740878,"Plus","S2",100,0,"2025-01-24"
15794468,"Basic","S1",53,1,"2023-06-16"
15773277,"Plus","N1",91,1,"2024-05-02"
15572657,"Basic","W1",17,0,"2024-03-12"
15800295,"Plus","S1",4,0,"2023-08-11"
15672397,"Basic","N2",61,0,"2023-07-10"
15684921,"Plus","N3",99,0,"2025-02-25"
15720676,"Basic","N2",86,0,"2025-03-11"
15731829,"Basic","N3",52,1,"2024-07-29"
15732672,"Basic","N2",35,0,"2025-03-04"
15692406,"Plus","N1",44,0,"2023-06-22"
15764405,"Basic","N1",15,0,"2023-09-14"
15757537,"Basic","W1",61,1,"2024-12-15"
15793307,"Premium","S1",44,0,"2024-03-25"
15660679,"Plus","N2",21,0,"2024-05-15"
15666856,"Premium","N2",77,0,"2023-03-18"
15687372,"Basic","S1",47,1,"2024-09-06"
15667289,"Basic","S2",75,0,"2023-08-14"
15624641,"Premium","W1",49,1,"2023-08-14"
15734610,"Basic","N2",53,0,"2025-01-08"
15631882,"Plus","W1",27,0,"2024-08-30"
15642709,"Basic","N2",31,1,"2023-03-17"
15811026,"Basic","N2",44,1,"2023-02-02"
15596303,"Basic","S2",32,0,"2024-08-16"
15787255,"Basic","N1",30,0,"2023-03-10"
15617166,"Basic","W1",18,1,"2025-04-30"
15742442,"Basic","S1",63,0,"2024-02-19"
15758692,"Premium","W1",16,0,"2024-12-31"
15568238,"Basic","S2",35,0,"2024-03-23"
15730353,"Plus","N3",62,0,"2023-12-28"
15731555,"Plus","N3",9,1,"2025-05-19"
15582404,"Plus","S2",62,0,"2024-01-05"
15721462,"Basic","S2",39,0,"2024-02-03"
15632899,"Plus","N1",51,0,"2025-03-24"
15808526,"Plus","W1",10,1,"2023-04-30"
15694349,"Plus","W1",52,1,"2023-02-17"
15718465,"Plus","N3",12,1,"2023-03-09"
15682995,"Premium","S1",72,0,"2023-12-05"
15584776,"Plus","W1",62,0,"2023-03-26"
15777772,"Basic","N2",3,1,"2025-06-12"
15576156,"Plus","N2",83,1,"2024-01-12"
15646756,"Basic","N1",11,1,"2024-01-20"
15742886,"Premium","N1",8,0,"2023-10-03"
15586135,"Basic","N3",90,0,"2025-02-06"
15616152,"Basic","S1",23,1,"2023-07-24"
15721460,"Plus","S1",10,0,"2025-01-14"
15727317,"Plus","S2",18,0,"2023-03-06"
15649536,"Basic","N1",76,0,"2025-04-08"
15754929,"Basic","W1",39,0,"2023-03-20"
15572051,"Premium","N2",26,1,"2024-06-09"
15668142,"Basic","W1",11,0,"2023-11-21"
15701176,"Premium","N2",10,1,"2024-01-13"
15708422,"Basic","N3",3,0,"2025-03-27"
15655632,"Plus","N2",62,1,"2024-11-11"
15744606,"Plus","W1",71,0,"2024-11-01"
15612140,"Basic","W1",61,1,"2024-09-19"
15656086,"Basic","S1",4,0,"2023-12-12"
15655298,"Basic","S1",61,0,"2024-12-04"
15644796,"Plus","N1",8,0,"2025-05-06"
15726250,"Basic","W1",13,1,"2024-03-10"
15631721,"Plus","N3",12,0,"2024-11-25"
15707479,"Basic","N2",35,0,"2025-06-03"
15579826,"Basic","N1",54,0,"2024-01-13"
15668104,"Basic","S2",51,0,"2025-01-12"
15641604,"Basic","S2",43,1,"2024-11-10"
15587240,"Plus","N2",100,0,"2023-01-15"
15680767,"Premium","N2",66,0,"2024-03-29"
15601594,"Plus","N2",15,0,"2023-07-12"
15589969,"Basic","S1",49,0,"2023-08-21"
15703728,"Premium","N2",34,0,"2023-09-20"
15617790,"Plus","S2",39,0,"2024-03-21"
15662500,"Premium","N2",26,0,"2023-02-23"
15778526,"Basic","W1",69,0,"2024-11-22"
15670584,"Basic","N3",48,1,"2023-01-04"
15748069,"Basic","S2",89,0,"2023-09-14"
15680597,"Plus","N3",51,0,"2023-12-27"
15628992,"Basic","S2",98,0,"2025-04-13"
15719624,"Basic","N1",4,0,"2023-08-28"
15812767,"Basic","W1",98,0,"2024-04-26"
15689201,"Plus","S2",27,0,"2024-11-05"
15614716,"Plus","W1",42,1,"2024-04-05"
15683618,"Basic","S2",56,1,"2025-04-28"
15799631,"Basic","N3",93,1,"2023-05-18"
15692259,"Plus","N3",69,0,"2024-03-26"
15590966,"Premium","S2",18,0,"2023-11-20"
15656426,"Plus","S2",61,1,"2024-04-17"
15675256,"Premium","S1",4,0,"2025-01-10"
15751185,"Plus","W1",1,0,"2024-09-05"
15789582,"Plus","W1",50,0,"2024-04-21"
15651103,"Basic","W1",84,0,"2023-07-12"
15672299,"Plus","W1",70,0,"2023-11-03"
15772250,"Plus","N1",20,1,"2024-06-25"
15763922,"Plus","N1",20,0,"2025-03-17"
15633870,"Basic","N2",46,0,"2025-01-28"
15624323,"Basic","S2",27,0,"2023-08-09"
15688612,"Basic","S2",26,0,"2023-06-21"
15694644,"Basic","S2",32,0,"2023-06-09"
15587174,"Basic","S2",10,0,"2023-06-21"
15579559,"Plus","W1",82,0,"2023-03-04"
15775430,"Basic","W1",12,0,"2024-07-26"
15623695,"Basic","N1",74,0,"2023-03-06"
15760849,"Basic","N3",88,0,"2023-06-18"
15813095,"Plus","S1",24,0,"2023-03-22"
15705281,"Basic","W1",51,0,"2025-01-28"
15812594,"Basic","W1",38,0,"2023-09-25"
15723105,"Plus","W1",46,0,"2024-01-15"
15588449,"Basic","N3",89,0,"2025-02-08"
15794849,"Premium","N3",8,0,"2023-03-14"
15620000,"Premium","N1",55,0,"2023-11-28"
15799720,"Basic","W1",78,1,"2023-07-07"
15711287,"Basic","S1",31,0,"2023-01-25"
15613102,"Plus","S2",88,0,"2023-08-16"
15621440,"Basic","W1",16,1,"2023-04-28"
15677146,"Basic","N1",20,0,"2024-03-20"
15801169,"Basic","N1",38,0,"2023-04-18"
15722425,"Premium","S1",15,0,"2023-08-30"
15682421,"Basic","N2",78,0,"2024-09-02"
15691910,"Plus","N1",76,0,"2024-06-17"
15721779,"Plus","N3",34,1,"2024-04-25"
15579548,"Basic","N3",72,0,"2024-05-17"
15681075,"Basic","S2",19,0,"2024-05-12"
15607884,"Premium","N1",69,0,"2023-02-25"
15767757,"Basic","S2",91,0,"2023-05-29"
15791550,"Plus","N1",63,0,"2023-11-07"
15658589,"Basic","S1",77,0,"2024-07-05"
15670822,"Basic","W1",32,0,"2024-10-23"
15629744,"Basic","N1",95,0,"2023-05-01"
15660768,"Basic","N2",37,0,"2025-02-10"
15726310,"Basic","N3",66,0,"2023-01-26"
15641298,"Plus","S1",7,1,"2023-04-22"
15625675,"Basic","W1",48,0,"2024-05-25"
15713354,"Basic","W1",11,0,"2025-05-30"
15633866,"Basic","N3",75,1,"2023-01-23"
15704231,"Plus","W1",87,1,"2024-11-11"
15735400,"Basic","S2",31,1,"2025-04-05"
15632826,"Plus","S1",44,0,"2023-09-21"
15751022,"Basic","N2",45,1,"2023-04-26"
15664737,"Basic","N3",72,0,"2024-04-24"
15681126,"Basic","N1",56,0,"2023-11-03"
15738954,"Plus","N1",32,1,"2023-08-19"
15662263,"Basic","N1",21,1,"2024-12-01"
15621611,"Basic","S1",31,0,"2024-05-06"
15783752,"Basic","N2",1,1,"2025-02-07"
15709474,"Plus","W1",77,0,"2023-04-30"
15671104,"Basic","N2",11,0,"2023-10-13"
15796434,"Basic","N2",93,0,"2025-02-23"
15781505,"Basic","N3",68,1,"2024-02-11"
15625819,"Basic","S1",36,0,"2023-12-24"
15753174,"Plus","N1",79,1,"2025-06-08"
15654067,"Plus","N3",59,0,"2023-06-01"
15724719,"Basic","W1",67,1,"2024-08-20"
15624695,"Basic","N2",56,0,"2023-11-21"
15718216,"Basic","N1",51,0,"2025-05-06"
15586300,"Basic","S1",29,1,"2025-04-18"
15783349,"Basic","S2",85,0,"2023-09-03"
15725767,"Plus","N2",2,0,"2025-04-05"
15791925,"Premium","N2",6,0,"2023-11-11"
15793585,"Premium","N2",31,0,"2025-03-15"
15576641,"Premium","N2",54,0,"2023-06-11"
15749519,"Plus","N1",88,0,"2024-09-03"
15684960,"Plus","S1",40,0,"2024-01-04"
15591286,"Basic","N3",17,1,"2023-07-04"
15668323,"Plus","N1",5,1,"2023-10-03"
15608528,"Basic","S1",2,1,"2024-06-12"
15645184,"Basic","N3",58,0,"2024-03-11"
15702566,"Plus","N2",12,1,"2023-09-17"
15660840,"Basic","S1",5,0,"2023-09-02"
15750811,"Basic","N2",60,1,"2025-03-28"
15733842,"Premium","S1",41,0,"2023-12-04"
15581526,"Basic","W1",20,0,"2023-02-19"
15662751,"Basic","S2",72,0,"2023-09-29"
15684319,"Premium","N2",1,0,"2023-08-23"
15702190,"Plus","N2",56,1,"2024-08-06"
15588517,"Basic","N2",70,1,"2025-04-08"
15801863,"Basic","W1",56,0,"2024-07-09"
15700366,"Basic","N1",54,1,"2023-11-02"
15804038,"Premium","N3",11,0,"2024-04-21"
15720820,"Plus","N2",3,0,"2024-05-02"
15743759,"Basic","N2",95,0,"2023-03-21"
15749947,"Basic","N1",28,0,"2023-10-13"
15670496,"Basic","N1",5,0,"2024-07-14"
15746664,"Premium","S2",90,0,"2023-04-08"
15745533,"Basic","S1",16,0,"2024-04-22"
15761497,"Plus","N2",31,0,"2024-02-10"
15628600,"Basic","S1",28,1,"2024-06-20"
15627002,"Plus","N1",7,0,"2024-12-26"
15614635,"Premium","N1",9,0,"2024-07-21"
15731281,"Plus","S2",39,0,"2023-09-12"
15814022,"Basic","N3",99,0,"2024-10-29"
15659194,"Plus","W1",43,1,"2024-05-01"
15745030,"Plus","W1",27,0,"2024-11-03"
15691817,"Basic","W1",76,1,"2023-07-13"
15707488,"Premium","N1",89,0,"2024-05-30"
15784700,"Plus","N2",93,1,"2024-04-08"
15710397,"Premium","S2",95,1,"2025-02-18"
15687648,"Plus","N3",98,0,"2024-05-18"
15732281,"Basic","W1",33,0,"2023-02-05"
15607230,"Basic","S2",91,0,"2023-01-16"
15567630,"Basic","N1",56,1,"2025-06-07"
15587507,"Premium","W1",2,0,"2024-10-10"
15733904,"Plus","N3",14,0,"2024-08-12"
15709511,"Plus","S1",13,0,"2025-04-02"
15579616,"Basic","N3",24,1,"2023-03-14"
15589924,"Basic","N2",69,0,"2023-11-16"
15799300,"Plus","W1",34,1,"2023-09-02"
15731330,"Basic","W1",87,1,"2025-05-07"
15694129,"Basic","S1",19,0,"2025-01-09"
15620372,"Plus","S1",30,0,"2023-07-14"
15744622,"Basic","W1",49,0,"2025-01-27"
15799815,"Basic","N2",43,0,"2023-03-30"
15759250,"Basic","S1",16,0,"2025-02-10"
15732643,"Basic","N1",52,0,"2025-03-08"
15690540,"Premium","W1",98,0,"2023-05-19"
15803078,"Basic","N3",49,1,"2024-07-16"
15652180,"Basic","N3",11,0,"2024-10-20"
15741195,"Basic","N2",78,1,"2025-01-23"
15743490,"Plus","N1",47,0,"2024-02-01"
15575510,"Basic","S1",79,0,"2024-04-28"
15602909,"Plus","W1",35,0,"2024-01-22"
15734058,"Basic","N3",71,0,"2024-01-03"
15801788,"Basic","N3",29,0,"2025-04-25"
15702462,"Basic","N3",54,0,"2024-04-02"
15683416,"Plus","N3",86,0,"2024-02-26"
15794187,"Premium","S2",23,1,"2023-08-20"
15792989,"Basic","N2",24,0,"2024-06-22"
15613734,"Basic","S1",99,1,"2023-12-10"
15606177,"Premium","W1",10,1,"2024-12-20"
15636700,"Basic","W1",61,0,"2023-05-18"
15645766,"Plus","W1",8,0,"2024-01-09"
15671345,"Basic","S1",48,0,"2024-03-12"
15652469,"Premium","N2",76,0,"2023-06-04"
15749638,"Plus","N1",93,0,"2024-06-02"
15728706,"Premium","N2",29,1,"2023-04-25"
15735439,"Plus","N3",87,0,"2023-04-02"
15778696,"Basic","N3",26,1,"2023-12-12"
15624744,"Premium","N2",37,0,"2024-08-16"
15584338,"Basic","N2",96,0,"2024-06-08"
15726178,"Basic","S1",52,1,"2024-08-06"
15794939,"Plus","S1",38,0,"2023-04-01"
15788068,"Plus","S2",6,1,"2024-11-30"
15572956,"Premium","W1",8,0,"2024-02-02"
15780386,"Basic","S2",17,1,"2023-04-15"
15791114,"Plus","W1",76,1,"2025-03-22"
15708046,"Plus","N3",62,0,"2024-08-18"
15719779,"Basic","S2",86,1,"2024-06-23"
15591550,"Basic","S2",78,0,"2023-10-06"
15639368,"Basic","N1",34,0,"2023-01-12"
15699830,"Basic","N2",19,0,"2023-11-03"
15569264,"Premium","S1",70,0,"2023-12-30"
15595158,"Plus","S2",82,0,"2024-10-23"
15599126,"Plus","S1",100,1,"2023-11-14"
15650575,"Premium","W1",37,0,"2024-06-21"
15641490,"Basic","S2",38,1,"2023-08-02"
15592230,"Plus","W1",15,1,"2023-11-10"
15626212,"Basic","S2",40,1,"2024-03-30"
15700627,"Premium","N3",9,1,"2024-02-03"
15782641,"Basic","N1",53,1,"2025-01-21"
15784445,"Premium","W1",70,0,"2023-08-10"
15813681,"Basic","N2",66,0,"2024-08-02"
15596649,"Basic","N2",80,0,"2023-09-19"
15700460,"Plus","N3",52,0,"2024-05-10"
15724076,"Basic","N3",1,0,"2024-09-14"
15784000,"Plus","N2",30,0,"2023-05-10"
15733966,"Basic","W1",97,0,"2023-06-08"
15612667,"Plus","N2",1,1,"2025-03-02"
15654025,"Basic","N1",39,0,"2023-10-18"
15589431,"Basic","S2",16,0,"2025-03-25"
15578238,"Basic","N1",17,0,"2024-06-26"
15566269,"Basic","N2",82,0,"2023-03-30"
15639217,"Basic","S2",22,0,"2023-11-28"
15688644,"Basic","N2",86,0,"2024-09-21"
15662426,"Basic","N1",99,1,"2024-05-20"
15720511,"Basic","N1",31,0,"2023-05-10"
15567246,"Plus","W1",40,0,"2023-07-26"
15647965,"Premium","W1",27,0,"2023-12-26"
15679048,"Basic","N1",36,1,"2023-02-28"
15675749,"Plus","S2",4,0,"2023-04-06"
15782181,"Plus","W1",69,0,"2025-04-10"
15795738,"Basic","W1",25,1,"2023-09-03"
15773751,"Plus","S1",95,0,"2024-04-03"
15655436,"Basic","S1",78,0,"2023-05-25"
15691396,"Basic","W1",30,0,"2023-11-06"
15796958,"Basic","N2",47,0,"2024-09-28"
15801832,"Plus","S2",12,0,"2024-06-17"
15661349,"Plus","N3",27,0,"2024-01-16"
15719265,"Basic","W1",45,1,"2023-12-19"
15779985,"Basic","S1",88,0,"2025-06-02"
15663410,"Premium","S2",63,0,"2023-10-12"
15704144,"Basic","S2",55,1,"2024-12-19"
15774104,"Basic","S1",30,1,"2024-05-16"
15812230,"Premium","S2",82,1,"2023-09-15"
15742848,"Plus","S2",14,0,"2025-03-20"
15745326,"Plus","S1",56,0,"2023-02-21"
15674541,"Plus","N1",19,1,"2024-07-03"
15728564,"Premium","W1",86,0,"2025-06-17"
15580701,"Basic","N2",26,0,"2024-10-26"
15688973,"Basic","N3",71,0,"2025-04-24"
15709412,"Basic","N2",92,0,"2023-08-04"
15607753,"Premium","N1",38,0,"2024-03-21"
15705352,"Plus","N1",69,1,"2023-08-11"
15602500,"Basic","S2",36,0,"2024-10-16"
15672437,"Premium","N2",18,0,"2023-04-15"
15720968,"Basic","N1",57,0,"2024-06-05"
15730796,"Basic","N2",78,0,"2025-01-23"
15768219,"Basic","N1",23,1,"2025-06-06"
15663883,"Basic","N3",14,1,"2024-01-18"
15589296,"Premium","N1",96,0,"2023-04-24"
15586425,"Basic","N2",69,1,"2025-01-14"
15679813,"Plus","S2",22,0,"2023-03-10"
15681410,"Plus","N2",28,0,"2023-12-31"
15668283,"Basic","S1",43,1,"2023-02-13"
15624072,"Premium","N2",76,1,"2024-11-11"
15669664,"Basic","N3",18,0,"2023-07-30"
15682728,"Basic","W1",100,0,"2023-10-03"
15573851,"Basic","N3",95,0,"2023-04-17"
15733661,"Premium","N3",77,0,"2024-04-23"
15710012,"Basic","N1",84,0,"2024-11-09"
15763327,"Basic","N3",36,0,"2023-07-24"
15668853,"Basic","N2",7,1,"2023-04-29"
15639303,"Basic","W1",23,0,"2024-04-30"
15691011,"Plus","S2",34,0,"2023-04-19"
15638513,"Basic","N3",96,1,"2024-03-29"
15648933,"Basic","N2",21,0,"2023-08-27"
15628904,"Basic","N1",70,1,"2023-01-08"
15644788,"Basic","N1",80,1,"2024-05-26"
15598161,"Premium","S2",99,1,"2023-02-12"
15745624,"Basic","S2",47,0,"2024-01-29"
15592707,"Basic","S2",84,0,"2023-05-12"
15593954,"Basic","S2",41,1,"2024-12-18"
15714431,"Premium","N1",75,1,"2025-06-18"
15638257,"Basic","N2",32,0,"2025-03-02"
15690939,"Plus","W1",14,0,"2025-01-20"
15723613,"Premium","S2",88,1,"2025-02-27"
15813640,"Basic","N2",95,0,"2024-01-29"
15707322,"Basic","N3",17,0,"2024-07-11"
15588918,"Plus","N1",25,1,"2023-07-17"
157470140,"Basic","W1",64,0,"2024-04-08"
15809830,"Basic","N1",73,0,"2023-05-01"
15662245,"Basic","N1",86,0,"2023-10-27"
15651075,"Basic","S1",48,1,"2023-08-08"
15594456,"Plus","N2",35,0,"2025-05-17"
15583462,"Basic","N3",37,0,"2025-03-11"
15757661,"Basic","S2",55,0,"2023-04-04"
15729117,"Plus","N3",17,0,"2023-10-19"
15749671,"Basic","N2",28,0,"2023-06-02"
15566253,"Basic","N1",1,0,"2024-06-08"
15595153,"Plus","S1",53,0,"2024-12-19"
15698572,"Basic","N2",73,1,"2025-02-05"
15674149,"Plus","W1",55,1,"2024-02-26"
15623082,"Premium","W1",61,1,"2023-06-07"
15797905,"Basic","N2",13,1,"2023-09-27"
15746028,"Basic","S2",47,0,"2025-03-28"
15582951,"Basic","N3",64,1,"2024-08-02"
15616471,"Basic","N3",32,1,"2023-09-14"
15641575,"Premium","S2",28,0,"2024-12-01"
15638803,"Premium","S1",53,0,"2024-05-29"
15808283,"Basic","N1",31,0,"2023-08-25"
15811200,"Plus","N1",8,0,"2024-03-20"
15733476,"Premium","W1",72,0,"2024-10-05"
15633274,"Premium","S1",98,0,"2023-06-20"
15582168,"Basic","S2",87,1,"2023-09-27"
15807269,"Basic","N2",74,1,"2024-08-23"
15602979,"Basic","N3",25,0,"2024-09-06"
15590199,"Premium","N2",33,0,"2024-09-28"
15641794,"Basic","N3",68,0,"2023-03-08"
15779174,"Plus","N2",7,1,"2025-02-13"
15785547,"Basic","S2",97,0,"2023-01-08"
15795124,"Basic","S2",66,1,"2024-07-09"
15718912,"Basic","S1",46,0,"2024-03-23"
15592028,"Premium","N2",96,0,"2023-05-15"
15580227,"Basic","N2",5,1,"2025-01-29"
15657830,"Plus","S1",17,0,"2025-03-26"
15798256,"Basic","S1",76,1,"2025-04-09"
15643819,"Basic","S2",52,0,"2023-01-25"
15754301,"Basic","S2",12,1,"2024-04-09"
15726855,"Basic","W1",62,0,"2024-01-09"
15755225,"Basic","N2",35,0,"2023-07-15"
15725221,"Basic","S2",62,0,"2024-12-04"
15789055,"Basic","S2",21,0,"2025-05-30"
15617507,"Basic","N2",85,0,"2024-02-06"
15668894,"Premium","S1",66,1,"2023-05-02"
15589563,"Premium","N2",53,1,"2025-02-10"
15693162,"Basic","N1",21,0,"2024-07-12"
15750099,"Plus","N2",15,0,"2025-06-04"
15795540,"Premium","N1",75,1,"2023-07-28"
15794941,"Basic","N2",74,0,"2023-10-28"
15611848,"Plus","N1",82,1,"2024-08-23"
15581237,"Premium","N1",23,1,"2024-05-29"
15738150,"Basic","N2",31,1,"2024-10-18"
15678571,"Basic","W1",54,0,"2025-06-04"
15736124,"Premium","S2",55,1,"2024-06-17"
15623202,"Basic","N3",26,0,"2023-02-08"
15804201,"Basic","S2",53,0,"2025-03-17"
15596863,"Basic","N1",66,0,"2024-09-10"
15696277,"Basic","N2",39,0,"2024-09-03"
15748608,"Plus","N2",7,0,"2025-02-22"
15802390,"Plus","N2",88,1,"2025-01-10"
15774336,"Premium","N2",39,0,"2025-06-04"
15648766,"Basic","W1",32,0,"2025-03-07"
15659094,"Basic","N3",26,1,"2023-07-25"
15606397,"Basic","S1",87,1,"2024-08-05"
15642619,"Basic","N1",78,0,"2024-11-11"
15666032,"Basic","N3",29,1,"2024-11-27"
15595842,"Premium","S2",25,1,"2024-02-16"
15753837,"Premium","S1",56,0,"2023-11-29"
15783882,"Basic","S1",31,1,"2023-07-27"
15799790,"Plus","N2",66,0,"2024-02-09"
15628155,"Basic","N3",2,1,"2024-01-23"
15703778,"Basic","S2",87,0,"2024-05-01"
15722322,"Plus","N2",47,0,"2024-01-17"
15639278,"Basic","N2",75,0,"2025-05-16"
15568487,"Premium","W1",29,0,"2025-06-02"
15682084,"Plus","N1",99,0,"2023-09-28"
15642821,"Basic","S1",49,1,"2024-03-12"
15601387,"Plus","S2",73,0,"2025-05-07"
15642515,"Basic","S1",32,0,"2024-03-05"
15710421,"Basic","N3",30,0,"2024-10-08"
15726774,"Basic","N1",15,1,"2024-10-19"
15649078,"Basic","N2",62,1,"2023-12-11"
15641877,"Plus","N1",78,1,"2023-05-29"
15796496,"Basic","N2",17,1,"2024-09-19"
15815690,"Plus","N1",22,0,"2024-01-27"
15631739,"Plus","N2",30,1,"2023-07-06"
15625584,"Basic","S1",81,0,"2023-01-20"
15802466,"Plus","S1",16,1,"2023-12-04"
15697028,"Basic","S1",52,0,"2024-01-08"
15575759,"Basic","S1",8,1,"2025-01-25"
15567442,"Basic","N1",64,0,"2023-03-08"
15746805,"Basic","N2",39,0,"2024-03-14"
15636330,"Basic","S1",31,0,"2023-03-03"
15714970,"Plus","N1",12,0,"2024-04-30"
15653784,"Basic","N2",33,0,"2025-02-24"
15693543,"Basic","N1",58,0,"2025-05-08"
15773283,"Premium","W1",12,1,"2024-09-13"
15742534,"Plus","S1",25,0,"2024-07-21"
15569878,"Premium","N3",38,0,"2023-03-26"
15729454,"Basic","N1",48,1,"2024-02-10"
15578375,"Plus","S1",82,0,"2025-02-14"
15785559,"Premium","S2",83,1,"2024-01-30"
15649414,"Plus","N2",55,0,"2024-09-10"
15701605,"Plus","W1",3,0,"2024-06-07"
15686696,"Basic","S1",99,0,"2023-06-25"
15625586,"Basic","S2",69,0,"2023-12-25"
15654975,"Basic","N1",35,1,"2025-04-10"
15782993,"Basic","N1",51,0,"2024-06-22"
15774382,"Premium","S2",27,1,"2023-10-18"
15689602,"Basic","W1",37,0,"2023-05-10"
15756155,"Premium","S2",85,1,"2025-01-08"
15812647,"Premium","N2",16,1,"2024-04-23"
15736043,"Basic","N1",92,0,"2024-10-09"
15696744,"Basic","S2",25,1,"2024-06-15"
15602572,"Premium","N3",33,0,"2023-09-21"
15674765,"Premium","N3",62,0,"2025-04-15"
15678725,"Basic","S2",17,1,"2024-11-01"
15694444,"Basic","N2",43,0,"2024-05-17"
15795878,"Basic","N1",30,0,"2023-06-09"
15735346,"Plus","N3",41,0,"2025-05-03"
15687094,"Basic","S2",4,1,"2024-06-21"
15790067,"Plus","S2",66,1,"2023-03-22"
15605742,"Basic","S1",60,1,"2024-02-17"
15566740,"Basic","S2",9,0,"2024-04-19"
15664897,"Basic","N2",31,1,"2025-06-06"
15585777,"Basic","N3",89,1,"2023-01-18"
15650864,"Basic","S1",100,0,"2023-03-10"
15806709,"Basic","N3",69,0,"2023-05-10"
15633818,"Basic","N3",24,1,"2024-10-08"
15713845,"Basic","N2",24,1,"2025-03-25"
15567013,"Basic","S2",93,0,"2025-06-09"
15777784,"Premium","N2",45,1,"2024-12-30"
15800251,"Basic","S2",95,0,"2023-11-06"
15651315,"Basic","S1",37,1,"2024-05-01"
15651450,"Plus","N2",58,0,"2023-01-15"
15784218,"Premium","N2",83,0,"2024-05-10"
15572398,"Basic","W1",23,0,"2023-07-05"
15707962,"Plus","N1",35,1,"2024-02-21"
15705663,"Plus","N2",63,0,"2024-12-07"
15645355,"Plus","W1",6,1,"2024-12-03"
15729557,"Basic","N1",6,0,"2025-01-15"
15631436,"Plus","S2",30,1,"2024-03-07"
15583073,"Basic","S2",1,0,"2023-03-07"
15614361,"Plus","S2",63,0,"2023-03-22"
15724684,"Plus","W1",8,0,"2023-02-05"
15700083,"Basic","W1",28,0,"2025-01-16"
15636541,"Plus","N1",89,1,"2023-01-17"
15796015,"Basic","S2",33,0,"2024-05-28"
15787222,"Plus","N3",53,0,"2023-02-02"
15594270,"Basic","N2",38,0,"2023-12-15"
15701524,"Basic","W1",52,0,"2024-01-15"
15645847,"Basic","W1",78,0,"2024-05-22"
15708867,"Premium","W1",11,0,"2024-10-07"
15613140,"Basic","N1",2,0,"2025-05-17"
15628893,"Basic","S2",53,0,"2025-05-05"
15764073,"Basic","N3",94,0,"2023-09-24"
15782879,"Plus","N2",94,0,"2024-05-31"
15635964,"Basic","N2",68,0,"2025-03-08"
15726087,"Basic","S2",77,1,"2024-04-29"
15578073,"Basic","N3",7,1,"2023-12-13"
15786249,"Basic","N1",67,0,"2024-08-25"
15812850,"Basic","W1",9,0,"2024-10-25"
15596972,"Basic","W1",78,0,"2024-03-18"
15620579,"Plus","S2",63,1,"2024-01-13"
15768270,"Basic","N2",11,0,"2024-09-21"
15656597,"Basic","W1",37,1,"2024-07-26"
15699446,"Basic","N2",14,0,"2023-12-24"
15615004,"Premium","N2",19,1,"2024-06-21"
15704771,"Premium","S2",8,0,"2024-09-12"
15588372,"Plus","S1",7,0,"2025-05-29"
15681439,"Basic","S1",59,0,"2025-03-17"
15607509,"Basic","S1",63,0,"2023-07-29"
15670343,"Basic","N3",7,1,"2025-02-09"
15597968,"Basic","S2",55,1,"2025-03-16"
15658432,"Basic","N2",3,0,"2023-02-11"
15616431,"Plus","W1",67,0,"2025-03-26"
15796957,"Premium","N3",18,1,"2023-01-13"
15815552,"Plus","S1",45,0,"2024-08-23"
15631871,"Basic","N1",97,0,"2024-08-22"
15635870,"Plus","N3",92,0,"2025-04-03"
15596713,"Basic","N3",36,0,"2024-05-03"
15684211,"Basic","S2",16,1,"2023-07-06"
15760521,"Plus","W1",79,0,"2023-03-04"
15608408,"Basic","N3",29,0,"2023-12-02"
15804721,"Basic","W1",59,0,"2024-07-08"
15730272,"Basic","S2",18,0,"2025-01-14"
15741988,"Plus","N1",49,1,"2025-01-15"
15771728,"Plus","N2",46,0,"2023-03-16"
15605113,"Basic","N2",83,0,"2025-02-03"
15661945,"Plus","S1",29,1,"2025-04-04"
15783816,"Basic","S1",70,0,"2023-05-29"
15721207,"Basic","N1",50,0,"2024-11-24"
15764072,"Plus","N2",55,0,"2023-07-26"
15689412,"Plus","S1",27,0,"2024-11-23"
15798385,"Premium","W1",7,0,"2024-11-15"
15775339,"Basic","N3",91,0,"2023-08-29"
15585256,"Plus","S2",83,0,"2024-11-06"
15797329,"Plus","S1",81,1,"2024-07-28"
15780220,"Premium","N1",41,0,"2025-06-12"
15648951,"Basic","N2",11,1,"2023-08-23"
15752409,"Plus","N1",5,0,"2023-05-05"
15807524,"Plus","S2",66,1,"2023-09-14"
15766649,"Basic","S2",56,1,"2023-04-02"
15696812,"Basic","N1",12,0,"2025-01-06"
15581295,"Basic","S1",42,1,"2024-12-07"
15663234,"Plus","S1",75,0,"2025-06-05"
15741417,"Premium","N2",10,1,"2023-07-26"
15695174,"Plus","W1",28,1,"2024-02-21"
15665168,"Plus","N2",7,0,"2023-10-15"
15601503,"Basic","N3",14,0,"2023-08-03"
15706131,"Basic","W1",77,0,"2024-11-28"
15782758,"Basic","N3",69,0,"2024-09-29"
15591091,"Basic","N2",61,0,"2025-03-04"
15715877,"Basic","W1",51,0,"2025-02-05"
15756918,"Basic","W1",42,0,"2024-05-26"
15746662,"Basic","N3",8,0,"2024-07-26"
15626679,"Basic","N1",50,0,"2024-01-03"
15793343,"Basic","S1",1,0,"2024-02-05"
15801316,"Basic","W1",69,0,"2023-07-20"
15800514,"Basic","W1",11,1,"2024-08-03"
15737778,"Premium","N3",48,1,"2023-10-12"
15782096,"Premium","W1",10,0,"2023-03-04"
15785373,"Plus","N3",15,1,"2024-10-07"
15756272,"Basic","N1",47,1,"2025-01-20"
15615245,"Plus","W1",93,1,"2025-02-02"
15600174,"Plus","S2",25,0,"2023-12-27"
15752956,"Plus","N2",6,0,"2023-07-06"
15644882,"Basic","N1",11,0,"2024-04-27"
15766272,"Plus","S2",17,0,"2024-01-06"
15800620,"Plus","N1",15,0,"2023-01-21"
15747458,"Plus","S1",16,0,"2025-05-04"
15573171,"Plus","N1",56,0,"2025-03-13"
15736769,"Basic","N1",66,0,"2023-11-04"
15763381,"Basic","S1",36,0,"2023-02-15"
15814430,"Basic","W1",83,1,"2023-07-13"
15638607,"Plus","N2",38,1,"2023-02-26"
15737133,"Basic","S2",85,1,"2024-07-07"
15613945,"Basic","N3",75,0,"2024-04-01"
15659937,"Basic","N2",3,1,"2023-11-29"
15765287,"Basic","N1",98,0,"2025-01-16"
15661723,"Basic","N3",18,1,"2025-05-15"
15766064,"Plus","S1",79,0,"2023-01-16"
15649616,"Plus","N2",89,0,"2024-10-06"
15719017,"Basic","W1",54,1,"2024-05-27"
15720919,"Basic","S2",79,1,"2025-01-13"
15706706,"Basic","N2",94,1,"2023-05-30"
15709653,"Premium","N2",17,1,"2025-03-26"
15805104,"Basic","W1",82,0,"2024-09-25"
15622442,"Basic","N3",95,0,"2025-03-04"
15572801,"Basic","S1",82,0,"2025-03-12"
15767598,"Plus","W1",99,0,"2025-05-31"
15757897,"Premium","S1",13,1,"2025-04-05"
15568104,"Plus","W1",63,1,"2023-08-01"
15732265,"Plus","N2",14,0,"2024-01-26"
15621974,"Basic","S1",59,0,"2023-10-08"
15803947,"Basic","N3",36,0,"2024-10-13"
15720706,"Basic","N3",18,1,"2024-11-01"
15759290,"Basic","S2",5,0,"2024-06-22"
15651664,"Basic","S1",14,0,"2023-12-08"
15795132,"Basic","S2",25,0,"2024-11-04"
15811565,"Basic","W1",44,0,"2024-09-21"
15713774,"Premium","N1",39,1,"2023-12-03"
15691840,"Plus","N3",12,1,"2023-03-16"
15682021,"Plus","N2",61,0,"2023-04-03"
15612931,"Plus","N3",62,0,"2024-06-29"
15676707,"Basic","N1",53,1,"2023-04-25"
15601383,"Plus","N2",53,1,"2024-02-25"
15662662,"Basic","S1",28,0,"2023-04-23"
15752694,"Plus","S1",35,0,"2024-01-03"
15590683,"Basic","N3",65,1,"2023-03-01"
15773591,"Premium","N2",3,0,"2023-10-09"
15723620,"Basic","W1",43,1,"2023-08-25"
15672966,"Basic","N2",50,0,"2024-09-29"
15624667,"Premium","S2",71,0,"2023-02-14"
15812888,"Basic","N1",9,0,"2025-03-10"
15724154,"Plus","S1",36,1,"2025-01-10"
15749540,"Plus","N3",23,1,"2023-07-16"
15621063,"Plus","N2",88,0,"2024-12-24"
15661626,"Premium","S1",74,0,"2024-05-13"
15698703,"Premium","N3",50,0,"2024-08-05"
15801431,"Basic","S1",55,1,"2025-01-16"
15649451,"Plus","N3",12,1,"2025-03-01"
15626156,"Plus","S1",83,1,"2024-03-24"
15606158,"Plus","W1",32,0,"2024-11-09"
15589496,"Basic","S2",24,0,"2023-07-14"
15730345,"Plus","N1",86,0,"2024-11-15"
15572038,"Premium","S1",67,0,"2023-07-14"
15643439,"Premium","N1",27,0,"2024-07-28"
15604158,"Basic","S1",61,1,"2024-08-04"
15657396,"Basic","N2",19,0,"2025-01-04"
15709478,"Basic","S2",73,0,"2023-11-06"
15628824,"Plus","W1",51,1,"2025-03-05"
15814519,"Plus","S2",64,1,"2025-05-10"
15636520,"Basic","N1",77,0,"2024-08-13"
15794414,"Basic","N2",2,0,"2024-07-01"
15643671,"Basic","N3",36,0,"2024-01-24"
15700650,"Basic","S2",93,0,"2024-12-07"
15680224,"Premium","W1",11,1,"2024-03-10"
15784286,"Plus","N2",98,1,"2024-12-29"
15693996,"Basic","N2",68,0,"2025-03-10"
15764343,"Basic","N1",68,1,"2024-10-22"
15704168,"Basic","W1",64,1,"2024-05-10"
15680197,"Premium","N2",1,1,"2025-02-23"
15633729,"Basic","N2",89,1,"2023-07-20"
15577683,"Basic","N3",26,0,"2024-10-27"
15800746,"Basic","N1",11,0,"2024-06-17"
15788686,"Plus","N1",87,0,"2023-10-24"
15742798,"Plus","W1",2,0,"2024-05-08"
15596647,"Plus","N2",83,0,"2025-04-06"
15756070,"Basic","N3",93,0,"2024-12-27"
15775116,"Basic","S1",40,1,"2023-11-27"
15575428,"Basic","S2",4,0,"2024-09-25"
15654074,"Plus","N1",80,1,"2025-02-16"
15695872,"Basic","N3",37,0,"2025-05-04"
15568885,"Plus","W1",61,0,"2023-09-18"
15725036,"Premium","N3",91,0,"2023-02-24"
15632665,"Premium","N2",5,0,"2023-10-09"
15571476,"Basic","S2",15,0,"2025-02-10"
15776850,"Basic","N1",87,1,"2025-05-24"
15623649,"Basic","S1",67,0,"2025-03-05"
15751131,"Plus","N2",82,1,"2025-01-11"
15688128,"Plus","N1",26,0,"2024-09-29"
15678412,"Basic","W1",6,0,"2024-03-17"
15583392,"Basic","N1",44,1,"2023-09-16"
15690731,"Plus","N3",58,0,"2024-07-15"
15697948,"Premium","S2",81,0,"2025-01-05"
15608328,"Basic","S1",46,0,"2025-06-11"
15766378,"Plus","S2",42,0,"2025-03-04"
15600813,"Basic","N3",48,0,"2023-05-26"
15706217,"Basic","S1",27,0,"2024-01-26"
15601417,"Premium","S1",20,0,"2024-01-08"
15610972,"Plus","N2",70,0,"2023-02-14"
15674620,"Plus","S1",35,1,"2024-02-01"
15785350,"Basic","N1",76,0,"2023-09-19"
15749119,"Plus","S2",48,1,"2024-04-23"
15756535,"Basic","W1",67,0,"2025-01-15"
15700965,"Basic","W1",68,1,"2024-07-18"
15791851,"Basic","S2",52,1,"2024-04-29"
15717156,"Basic","N2",68,0,"2025-01-16"
15740846,"Plus","S1",4,1,"2024-12-08"
15573284,"Plus","N3",39,0,"2024-05-30"
15729083,"Basic","N1",21,0,"2024-07-25"
15611612,"Basic","N2",66,0,"2024-11-15"
15694381,"Basic","S1",16,1,"2024-08-06"
15651737,"Basic","W1",7,1,"2024-04-30"
15663168,"Plus","N3",83,0,"2024-08-09"
15643426,"Plus","S1",97,0,"2025-04-13"
15618245,"Basic","N2",9,0,"2024-04-10"
15717527,"Basic","N3",17,0,"2024-04-10"
15793478,"Plus","N3",91,0,"2023-01-22"
15642248,"Plus","N3",97,0,"2024-01-31"
15640377,"Basic","N3",12,0,"2023-07-28"
15723950,"Basic","S1",57,1,"2024-07-16"
15590327,"Plus","N3",45,0,"2023-05-25"
15706199,"Basic","S1",11,1,"2024-02-24"
15671514,"Basic","N3",13,0,"2023-12-15"
15727041,"Plus","N3",31,1,"2023-11-01"
15738063,"Plus","N2",77,0,"2025-02-22"
15711733,"Plus","S1",26,0,"2023-02-13"
15652320,"Plus","W1",63,1,"2023-04-17"
15634180,"Plus","S1",31,1,"2023-05-30"
15694566,"Basic","S2",22,0,"2024-08-28"
15646351,"Basic","W1",6,0,"2023-09-21"
15730044,"Basic","N2",20,0,"2023-04-20"
15795186,"Basic","S1",85,0,"2023-01-18"
15784890,"Plus","N2",10,0,"2025-01-19"
15694125,"Premium","W1",83,0,"2023-12-02"
15565891,"Premium","N2",35,0,"2023-08-27"
15674254,"Plus","N2",26,0,"2025-06-04"
15775206,"Basic","N1",71,0,"2024-12-24"
15649853,"Plus","N2",8,0,"2023-11-24"
15610379,"Plus","N1",5,0,"2025-05-11"
15659800,"Plus","N1",44,0,"2023-10-21"
15716236,"Plus","N3",100,0,"2024-02-17"
15672053,"Plus","N3",92,0,"2024-04-05"
15663933,"Plus","W1",67,0,"2023-03-22"
15814236,"Basic","S1",72,1,"2023-09-12"
15583597,"Plus","N3",79,1,"2025-01-13"
15607395,"Premium","W1",91,1,"2023-12-29"
15694556,"Basic","S1",49,0,"2024-12-21"
15744109,"Plus","W1",36,0,"2024-04-01"
15800688,"Basic","N1",80,1,"2025-06-16"
15810878,"Premium","N1",26,0,"2024-03-18"
15587835,"Basic","S1",45,0,"2025-03-20"
15763515,"Plus","W1",61,0,"2025-06-04"
15725882,"Basic","W1",44,1,"2024-06-16"
15788022,"Plus","N3",4,0,"2023-08-26"
15663917,"Basic","N3",76,0,"2025-06-16"
15656865,"Basic","S1",81,1,"2023-09-18"
15667971,"Basic","S2",58,1,"2023-09-30"
15800366,"Premium","N3",26,0,"2023-10-07"
15717231,"Basic","N2",95,1,"2023-05-30"
15643188,"Basic","N3",79,0,"2025-04-06"
15671351,"Plus","S2",98,1,"2023-06-01"
15698953,"Basic","W1",29,0,"2025-03-04"
15753888,"Premium","N1",9,0,"2024-07-26"
15737961,"Basic","N1",78,1,"2024-10-09"
15801701,"Plus","W1",36,0,"2023-01-12"
15684419,"Basic","N1",4,0,"2023-01-14"
15794266,"Basic","N3",59,0,"2024-05-25"
15810711,"Plus","N1",37,1,"2024-06-25"
15771270,"Plus","S2",88,0,"2025-05-16"
15607786,"Plus","S2",81,0,"2024-03-20"
15624519,"Basic","N3",13,0,"2023-11-14"
15799910,"Basic","W1",20,0,"2025-03-09"
15602479,"Basic","N2",17,1,"2025-01-01"
15617419,"Premium","N3",51,1,"2023-08-26"
15657603,"Basic","N1",91,1,"2024-06-22"
15570379,"Basic","N3",55,1,"2025-02-07"
15772996,"Basic","S2",33,1,"2025-03-19"
15729574,"Plus","N3",21,0,"2024-10-15"
15737267,"Basic","N3",81,0,"2025-01-31"
15799128,"Premium","N2",22,0,"2023-03-15"
15813327,"Basic","S2",25,0,"2024-03-09"
15711921,"Premium","S1",67,0,"2023-10-25"
15654300,"Basic","S1",91,0,"2024-12-11"
15569945,"Plus","S2",91,1,"2023-10-23"
15569666,"Premium","S1",12,0,"2023-01-14"
15681887,"Basic","N1",15,0,"2024-09-03"
15608873,"Premium","S1",84,0,"2024-08-25"
15762091,"Basic","N1",86,0,"2024-01-30"
15722053,"Premium","S2",2,0,"2023-07-10"
15782100,"Plus","S1",4,0,"2025-05-23"
15765300,"Basic","S1",45,0,"2025-03-27"
15743570,"Basic","W1",13,1,"2024-02-25"
15608541,"Basic","N1",55,1,"2023-04-16"
15750671,"Basic","N1",32,0,"2024-01-29"
15813659,"Basic","N3",22,0,"2024-03-13"
15757867,"Basic","N2",89,1,"2023-01-07"
15652914,"Basic","S1",91,0,"2023-03-22"
15723818,"Plus","W1",55,0,"2025-02-03"
15713819,"Basic","N2",17,0,"2024-10-13"
15656484,"Basic","W1",70,1,"2024-04-29"
15778515,"Plus","N2",51,1,"2023-12-23"
15803840,"Basic","S1",80,1,"2023-11-07"
15735339,"Basic","W1",8,0,"2024-05-20"
15600392,"Basic","N1",61,0,"2024-06-02"
15625740,"Premium","N3",97,0,"2024-10-25"
15663817,"Plus","W1",10,1,"2025-03-12"
15734461,"Basic","S2",98,0,"2024-09-29"
15780142,"Plus","S1",19,0,"2024-03-24"
15709920,"Basic","S1",14,0,"2023-10-12"
15684248,"Plus","S2",67,1,"2023-10-09"
15643158,"Plus","N2",55,0,"2023-03-15"
15693902,"Plus","N3",61,1,"2023-02-14"
15578307,"Basic","N2",56,0,"2024-06-12"
15585379,"Basic","S2",63,0,"2025-01-14"
15758510,"Basic","S2",87,0,"2024-11-06"
15692918,"Premium","N3",11,0,"2024-04-01"
15705301,"Plus","S2",47,0,"2024-07-28"
15718231,"Plus","S2",6,1,"2024-02-11"
15772650,"Premium","W1",34,0,"2023-04-03"
15574795,"Basic","N3",65,0,"2023-11-18"
15706036,"Plus","S1",99,1,"2024-04-10"
15723856,"Plus","N2",89,0,"2024-08-26"
15812920,"Premium","S1",64,0,"2025-06-03"
15691287,"Premium","S1",93,0,"2024-07-07"
15804797,"Plus","W1",87,0,"2025-01-22"
15708650,"Basic","N2",82,0,"2023-11-23"
15712777,"Plus","S1",78,0,"2025-02-05"
15786469,"Basic","N3",81,0,"2025-04-22"
15669219,"Plus","N2",66,1,"2024-08-05"
15641004,"Premium","N1",31,0,"2025-03-21"
15704014,"Basic","W1",83,0,"2024-12-28"
15645136,"Plus","S1",96,1,"2025-04-02"
15709604,"Basic","S2",62,0,"2024-07-21"
15793901,"Basic","N2",54,0,"2024-08-13"
15569759,"Basic","N1",92,0,"2024-02-19"
15712930,"Plus","S2",8,1,"2024-05-13"
15586504,"Premium","N1",42,0,"2025-04-30"
15677317,"Premium","S1",41,1,"2024-03-15"
15664270,"Basic","S2",59,1,"2024-09-24"
15731519,"Premium","S1",40,0,"2024-12-14"
15745623,"Plus","S2",22,1,"2024-03-07"
15813862,"Basic","N2",24,0,"2023-11-24"
15641934,"Basic","N3",38,0,"2023-09-14"
15713043,"Basic","N3",2,0,"2024-10-03"
15700749,"Premium","N1",41,0,"2025-05-10"
15697567,"Plus","W1",19,1,"2024-07-07"
15715414,"Plus","S2",2,0,"2023-03-15"
15639530,"Basic","S1",92,0,"2023-08-22"
15726058,"Plus","W1",96,1,"2024-06-04"
15725665,"Basic","N2",62,1,"2025-05-31"
15698872,"Basic","N2",83,1,"2024-06-26"
15812184,"Plus","N2",16,1,"2024-08-30"
15742609,"Basic","N3",94,0,"2023-09-15"
15815043,"Plus","S1",22,0,"2025-03-02"
15640648,"Basic","N2",14,0,"2023-08-17"
15627203,"Plus","N2",56,0,"2023-09-02"
15786196,"Basic","N1",65,0,"2024-03-02"
15612095,"Plus","S2",45,1,"2024-12-10"
15674368,"Basic","S2",54,1,"2024-03-31"
15783477,"Basic","S2",66,0,"2025-01-13"
15757559,"Premium","W1",86,1,"2024-04-17"
15591036,"Basic","N1",46,0,"2025-03-21"
15761241,"Plus","N3",33,0,"2024-07-16"
15695078,"Premium","W1",79,1,"2024-12-29"
15645744,"Basic","N1",50,0,"2023-06-23"
15566988,"Basic","N2",22,1,"2023-03-16"
15749300,"Plus","S1",40,0,"2023-04-09"
15594340,"Premium","W1",39,1,"2024-05-27"
15607065,"Premium","W1",41,0,"2023-05-04"
15778089,"Basic","N2",75,0,"2023-04-27"
15773723,"Plus","N2",68,0,"2023-12-09"
15697035,"Basic","S1",7,0,"2024-12-07"
15679668,"Premium","S2",85,0,"2023-08-21"
15709861,"Premium","W1",71,0,"2023-05-09"
15791958,"Basic","N1",4,1,"2024-01-09"
15791030,"Basic","N3",76,1,"2024-07-28"
15695339,"Basic","N2",91,0,"2023-08-24"
15658813,"Basic","N2",59,0,"2025-04-23"
15715709,"Plus","N3",81,1,"2025-01-11"
15722533,"Basic","N1",84,0,"2023-07-09"
15683118,"Basic","N2",95,0,"2024-12-01"
15672798,"Basic","N3",26,0,"2023-06-17"
15680112,"Premium","N2",31,0,"2024-08-29"
15714575,"Plus","S2",99,0,"2024-10-30"
15806808,"Basic","S2",73,0,"2023-10-18"
15590637,"Basic","N2",69,0,"2025-05-09"
15657535,"Premium","N2",52,0,"2023-12-07"
15696141,"Plus","S2",72,0,"2024-01-30"
15811947,"Basic","N2",21,0,"2024-04-18"
15649024,"Basic","N1",16,1,"2023-05-19"
15594928,"Basic","N1",51,1,"2023-07-10"
15765532,"Basic","S1",16,0,"2024-07-21"
15741719,"Plus","N1",18,0,"2024-06-02"
15665629,"Premium","W1",47,0,"2023-02-20"
15728917,"Basic","W1",56,0,"2024-07-04"
15762993,"Plus","W1",28,1,"2023-10-25"
15571193,"Basic","N2",82,0,"2023-03-13"
15653521,"Plus","N2",78,0,"2023-09-13"
15802220,"Plus","N3",56,0,"2023-11-05"
15644132,"Basic","W1",37,1,"2023-04-01"
15600832,"Basic","W1",16,0,"2023-05-29"
15797919,"Plus","N1",85,0,"2023-01-30"
15603743,"Basic","S2",65,0,"2024-04-06"
15579714,"Basic","S2",60,0,"2024-09-26"
15634295,"Basic","S1",61,0,"2024-01-20"
15786680,"Premium","N3",11,0,"2025-01-18"
15623499,"Basic","S2",75,0,"2025-03-02"
15809279,"Plus","S1",66,0,"2024-09-28"
15758039,"Basic","N1",32,0,"2024-10-07"
15807163,"Plus","N3",19,0,"2024-06-01"
15631639,"Plus","N3",56,0,"2025-06-13"
15713770,"Premium","W1",5,1,"2024-01-08"
15698167,"Basic","N2",3,1,"2023-07-16"
15781710,"Plus","W1",28,1,"2023-07-09"
15801296,"Plus","N1",90,0,"2025-03-13"
15704378,"Basic","W1",87,0,"2025-06-14"
15767891,"Basic","N3",94,0,"2025-01-17"
15640667,"Basic","W1",72,0,"2023-03-20"
15702145,"Basic","S1",100,0,"2024-06-30"
15679738,"Premium","W1",29,0,"2025-03-26"
15636634,"Basic","S2",77,0,"2025-05-31"
15809227,"Basic","N1",59,0,"2025-05-22"
15601811,"Plus","N1",25,0,"2023-03-13"
15625494,"Basic","N3",22,0,"2023-02-12"
15723737,"Basic","W1",97,0,"2025-03-13"
15682955,"Basic","N3",71,0,"2023-05-13"
15758856,"Premium","N3",23,0,"2025-03-09"
15746065,"Premium","S1",70,1,"2023-04-16"
15783865,"Premium","N2",79,1,"2024-11-01"
15745455,"Basic","N3",79,0,"2023-12-23"
15583033,"Plus","N2",40,1,"2023-01-08"
15644212,"Basic","N2",98,0,"2025-02-12"
15735688,"Basic","N1",14,0,"2023-12-09"
15606887,"Basic","S2",29,0,"2024-03-12"
15783026,"Plus","S2",16,1,"2023-03-21"
15579892,"Basic","W1",93,0,"2024-07-09"
15802088,"Basic","S1",87,0,"2024-11-19"
15589323,"Basic","S1",10,0,"2024-01-27"
15636395,"Basic","S2",47,1,"2024-07-29"
15712772,"Plus","W1",4,0,"2025-06-18"
15700937,"Basic","S2",12,0,"2023-10-15"
15766659,"Plus","W1",42,0,"2025-03-31"
15783007,"Basic","W1",98,1,"2023-04-23"
15654183,"Plus","W1",4,0,"2025-04-10"
15609899,"Plus","W1",84,0,"2025-05-31"
15747323,"Basic","N1",92,0,"2024-12-20"
15582591,"Basic","N1",92,0,"2023-08-14"
15738835,"Plus","S2",6,0,"2023-11-29"
15782404,"Plus","W1",14,0,"2024-02-21"
15697480,"Basic","N3",35,1,"2023-10-05"
15697045,"Basic","W1",47,0,"2025-06-13"
15781234,"Premium","N3",58,1,"2025-03-09"
15579891,"Plus","N1",65,1,"2025-03-02"
15805690,"Basic","W1",19,0,"2023-01-03"
15612139,"Basic","N2",57,0,"2024-06-28"
15568834,"Basic","S2",65,1,"2024-04-22"
15709917,"Plus","W1",13,0,"2024-02-14"
15718843,"Basic","S1",8,0,"2023-11-03"
15799494,"Premium","N3",18,0,"2023-08-02"
15673439,"Basic","W1",35,0,"2023-01-30"
15669011,"Basic","N2",87,0,"2024-02-23"
15581388,"Plus","N3",26,1,"2024-06-20"
15743153,"Premium","N2",38,1,"2023-01-28"
15579787,"Plus","S2",84,0,"2024-08-31"
15759966,"Basic","S2",66,0,"2023-03-28"
15601045,"Plus","S2",26,0,"2023-01-26"
15764021,"Plus","N1",57,0,"2023-04-30"
15626452,"Basic","N2",100,0,"2024-12-13"
15700964,"Basic","W1",25,1,"2024-01-27"
15768887,"Basic","S1",30,1,"2023-12-23"
15735358,"Basic","S1",82,0,"2023-12-19"
15749472,"Premium","S2",7,0,"2023-01-15"
15685872,"Basic","S1",27,0,"2023-11-01"
15760851,"Premium","N3",11,0,"2023-09-11"
15734588,"Basic","N2",8,0,"2024-09-14"
15784594,"Plus","N2",11,1,"2024-06-03"
15606435,"Basic","N2",88,1,"2025-05-02"
15790247,"Basic","N3",30,1,"2024-10-01"
15676433,"Basic","W1",94,1,"2023-07-05"
15625905,"Basic","N1",15,1,"2024-01-22"
15626414,"Plus","N3",56,1,"2024-05-14"
15623220,"Basic","N2",35,0,"2023-01-14"
15752857,"Plus","N2",39,0,"2023-08-18"
15677908,"Basic","N2",24,0,"2023-04-01"
15773013,"Basic","W1",8,0,"2024-02-08"
15623972,"Basic","S1",43,0,"2024-05-19"
15738627,"Premium","N1",42,1,"2023-01-04"
15643392,"Plus","N3",84,0,"2024-10-25"
15684868,"Basic","N2",41,0,"2023-08-07"
15627854,"Basic","S2",47,0,"2024-08-10"
15669253,"Basic","N1",26,0,"2025-03-06"
15758023,"Premium","S2",52,0,"2025-05-16"
15574558,"Plus","N1",88,0,"2023-08-04"
15635256,"Basic","N2",22,0,"2023-06-08"
15680399,"Plus","N1",5,0,"2025-02-01"
15674720,"Basic","N1",15,0,"2024-08-01"
15580249,"Premium","N2",36,0,"2025-01-03"
15675431,"Basic","W1",63,0,"2024-12-04"
15810775,"Plus","S2",93,0,"2024-12-31"
15678173,"Basic","W1",79,0,"2024-01-08"
15665222,"Plus","S2",91,0,"2023-01-17"
15803908,"Plus","S1",49,0,"2024-05-09"
15586039,"Plus","S2",55,0,"2024-09-10"
15802570,"Plus","S2",72,1,"2024-04-10"
15781451,"Premium","N1",60,0,"2024-03-19"
15721019,"Basic","S1",57,0,"2025-01-08"
15738588,"Basic","N2",29,1,"2023-03-22"
15730657,"Basic","N2",19,1,"2025-02-17"
15739292,"Premium","N3",95,0,"2023-06-15"
15725945,"Basic","S1",73,1,"2023-12-23"
15813159,"Plus","N1",10,1,"2023-08-22"
15636820,"Plus","N3",10,0,"2023-06-11"
15603880,"Basic","N3",97,1,"2023-06-24"
15619494,"Basic","N2",89,0,"2024-11-02"
15596992,"Basic","S2",57,0,"2023-12-29"
15735025,"Basic","N1",54,0,"2024-01-11"
15730759,"Basic","S1",56,0,"2024-11-27"
15752912,"Basic","N3",68,1,"2023-06-23"
15738785,"Premium","N1",69,1,"2023-08-26"
15777896,"Premium","N2",87,1,"2023-06-12"
15628963,"Basic","N3",55,0,"2023-08-26"
15742126,"Basic","N3",69,0,"2024-09-09"
15575623,"Basic","W1",72,1,"2024-09-21"
15738884,"Plus","N2",81,0,"2023-08-20"
15615050,"Plus","W1",1,0,"2024-08-10"
15803005,"Basic","N2",12,1,"2024-05-31"
15743498,"Basic","N2",35,0,"2024-12-30"
15720463,"Plus","W1",78,0,"2025-03-04"
15588695,"Plus","N1",82,0,"2025-04-24"
15665802,"Basic","N1",74,0,"2023-08-24"
15571144,"Plus","N1",79,0,"2023-11-19"
15750731,"Basic","S2",33,0,"2024-06-27"
15605134,"Basic","N3",83,0,"2024-02-11"
15626044,"Plus","N1",98,1,"2023-06-26"
15737910,"Plus","S2",25,0,"2024-05-14"
15761076,"Basic","N3",16,0,"2023-04-29"
15710105,"Premium","N1",8,0,"2023-07-09"
15577402,"Basic","N2",35,0,"2024-09-05"
15803337,"Plus","S1",85,1,"2023-12-31"
15654372,"Basic","N1",83,0,"2024-04-30"
15585867,"Premium","S1",46,0,"2023-03-20"
15662488,"Premium","N1",11,0,"2023-11-18"
15604813,"Basic","N2",61,0,"2023-05-19"
15611644,"Premium","S1",44,1,"2023-12-02"
15674928,"Plus","S2",11,1,"2024-02-06"
15656100,"Plus","N2",11,0,"2023-08-14"
15764293,"Basic","S1",22,1,"2023-09-23"
15636423,"Plus","S1",85,0,"2023-11-29"
15607629,"Premium","W1",91,0,"2023-08-12"
15577313,"Basic","W1",82,0,"2024-07-25"
15714493,"Premium","N2",62,0,"2025-02-14"
15643359,"Basic","N2",48,0,"2024-07-13"
15687913,"Basic","N2",94,1,"2024-08-15"
15790935,"Basic","N3",63,1,"2025-03-19"
15708693,"Plus","S2",51,0,"2025-06-09"
15672016,"Plus","N1",45,0,"2024-06-03"
15727605,"Basic","W1",33,1,"2025-05-10"
15651144,"Premium","S1",85,0,"2023-09-06"
15749401,"Basic","W1",60,0,"2025-01-25"
15691874,"Basic","N1",2,0,"2024-11-07"
15620735,"Basic","N2",13,0,"2025-05-08"
15769781,"Plus","W1",66,0,"2024-02-25"
15624611,"Premium","S2",57,0,"2025-04-11"
15773071,"Plus","S2",43,0,"2023-07-06"
15720371,"Plus","N3",45,0,"2023-09-06"
15717984,"Basic","W1",31,1,"2023-05-07"
15806407,"Basic","N2",10,1,"2023-03-29"
15785042,"Basic","S1",23,0,"2023-02-14"
15809302,"Basic","N3",86,0,"2025-03-04"
15677550,"Basic","N2",29,0,"2023-09-03"
15654096,"Plus","N3",97,0,"2024-02-15"
15617320,"Basic","W1",31,1,"2023-08-06"
15653065,"Plus","N1",78,0,"2024-03-02"
15649112,"Basic","W1",74,0,"2023-01-15"
15690526,"Basic","N2",18,1,"2025-02-06"
15806945,"Plus","S1",11,0,"2025-04-05"
15625761,"Premium","N2",3,1,"2023-12-01"
15761525,"Plus","N3",2,0,"2024-12-27"
15735080,"Basic","S2",54,1,"2024-06-20"
15619537,"Premium","N2",72,0,"2024-05-06"
15598162,"Basic","W1",31,1,"2025-04-15"
15694300,"Basic","S1",8,0,"2023-10-19"
15637235,"Plus","N1",43,1,"2023-04-27"
15612444,"Basic","S1",48,1,"2024-08-14"
15626457,"Plus","S2",2,0,"2024-11-17"
15627995,"Plus","S1",22,0,"2025-01-13"
15706128,"Premium","S2",5,1,"2025-04-06"
15666430,"Basic","N2",7,1,"2024-04-13"
15627385,"Basic","S1",20,0,"2024-07-05"
15581323,"Plus","N3",92,0,"2024-11-13"
15608109,"Basic","W1",77,0,"2024-09-20"
15801942,"Basic","N3",2,1,"2024-11-26"
15567431,"Basic","W1",32,0,"2024-08-15"
15810167,"Basic","S1",90,1,"2024-01-22"
15644501,"Basic","S1",3,0,"2024-08-05"
15785290,"Premium","W1",41,0,"2024-10-13"
15611157,"Premium","N1",42,0,"2023-07-12"
15656822,"Basic","S1",77,0,"2024-11-13"
15580560,"Basic","N1",85,0,"2023-04-11"
15760641,"Basic","N1",45,0,"2023-03-11"
15587584,"Premium","W1",87,0,"2023-06-23"
15604146,"Basic","N1",71,0,"2024-03-19"
15813974,"Plus","N1",17,0,"2024-12-01"
15746986,"Basic","N2",92,0,"2024-03-08"
15759741,"Plus","N3",47,0,"2023-08-03"
15734892,"Basic","N1",94,0,"2024-06-20"
15797194,"Plus","N3",69,1,"2024-08-23"
15723786,"Basic","N1",24,0,"2024-10-04"
15642726,"Plus","N3",71,0,"2024-12-08"
15664339,"Basic","S1",34,1,"2023-11-15"
15754526,"Plus","S1",50,0,"2023-10-13"
15703037,"Premium","N3",42,1,"2023-08-13"
15751412,"Basic","N1",33,1,"2023-12-15"
15609558,"Premium","N2",27,0,"2024-01-23"
15572408,"Plus","N3",78,0,"2025-04-25"
15613923,"Basic","S2",59,0,"2023-12-07"
15747000,"Basic","N2",19,0,"2025-04-18"
15731781,"Basic","S2",76,0,"2024-10-22"
15727198,"Plus","N3",3,0,"2024-05-18"
15794273,"Plus","N1",71,0,"2023-03-12"
15804950,"Basic","S2",99,1,"2023-05-09"
15576304,"Basic","N3",25,0,"2024-03-19"
15645200,"Plus","N2",15,1,"2023-10-17"
15779627,"Premium","N1",83,0,"2024-08-21"
15750755,"Basic","S2",60,0,"2024-01-22"
15569654,"Premium","N3",83,0,"2023-01-18"
15753079,"Basic","N1",23,0,"2024-07-08"
15684995,"Basic","N1",11,0,"2023-03-17"
15790763,"Plus","S1",59,0,"2025-04-25"
15766458,"Basic","N1",85,0,"2024-07-06"
15616221,"Basic","N3",34,0,"2025-05-23"
15776124,"Basic","N2",7,1,"2023-12-31"
15665811,"Plus","W1",44,0,"2023-10-07"
15729804,"Plus","S1",91,0,"2023-10-07"
15714062,"Basic","N3",64,0,"2025-02-09"
15592197,"Basic","N3",23,0,"2024-03-18"
15793116,"Basic","N3",58,0,"2023-11-25"
15638231,"Plus","S2",20,1,"2024-06-19"
15697678,"Basic","S2",27,1,"2024-05-22"
15800412,"Plus","N2",60,0,"2024-03-25"
15597610,"Basic","N3",8,0,"2024-01-10"
15726634,"Basic","S2",67,0,"2023-10-23"
15670866,"Basic","S2",2,0,"2024-04-20"
15667462,"Basic","S2",22,0,"2025-04-18"
15662574,"Premium","N2",70,0,"2024-01-28"
15716926,"Basic","N2",36,0,"2023-04-19"
15603554,"Basic","N3",24,0,"2023-12-25"
15716800,"Basic","S1",12,0,"2023-10-16"
15679429,"Basic","N3",81,0,"2024-02-22"
15616122,"Basic","S2",22,0,"2023-11-14"
15742172,"Basic","W1",83,0,"2023-12-07"
15792305,"Basic","S2",73,0,"2023-11-13"
15636016,"Plus","N1",76,1,"2023-12-15"
15733138,"Basic","W1",96,1,"2023-01-27"
15669741,"Basic","W1",95,0,"2024-09-29"
15616954,"Premium","N3",81,0,"2024-02-05"
15729238,"Basic","S2",23,0,"2023-11-12"
15718242,"Basic","S2",74,1,"2024-11-12"
15682914,"Basic","S1",63,1,"2024-07-12"
15654274,"Basic","N1",30,0,"2024-01-03"
15691457,"Plus","N3",19,0,"2023-12-09"
15719649,"Basic","N2",26,0,"2024-11-23"
15778897,"Plus","N3",90,1,"2023-12-31"
15589437,"Basic","W1",11,1,"2023-03-14"
15682369,"Basic","N3",20,0,"2023-05-02"
15626507,"Plus","S1",56,1,"2025-05-14"
15571995,"Basic","N3",45,0,"2023-07-05"
15673333,"Plus","S1",68,0,"2025-04-15"
15748752,"Basic","W1",47,0,"2023-11-15"
15725302,"Plus","S1",76,0,"2024-08-16"
15722083,"Basic","S2",89,0,"2024-06-25"
15771442,"Premium","N2",58,0,"2025-03-03"
15803633,"Basic","W1",10,1,"2024-09-24"
15672185,"Premium","S1",22,1,"2023-12-19"
15806486,"Basic","N1",71,0,"2023-12-21"
15570895,"Plus","W1",24,0,"2023-04-16"
15614520,"Basic","N1",66,1,"2025-04-03"
15687492,"Premium","N2",96,0,"2024-02-22"
15675337,"Basic","S1",85,1,"2024-10-03"
15721047,"Basic","W1",61,0,"2023-07-24"
15589017,"Basic","W1",7,1,"2024-07-18"
15611186,"Basic","N2",72,0,"2024-01-17"
15617301,"Basic","S2",38,0,"2023-10-24"
15726046,"Premium","N1",21,0,"2023-10-06"
15585748,"Premium","W1",8,1,"2023-07-08"
15672826,"Basic","N3",89,0,"2024-12-27"
15595162,"Premium","N1",28,1,"2024-06-26"
15650026,"Basic","S1",92,1,"2024-03-25"
15745826,"Basic","N2",54,0,"2023-09-15"
15708610,"Plus","N1",31,0,"2024-03-28"
15624471,"Plus","N3",100,0,"2024-07-25"
15590097,"Premium","N3",89,0,"2023-03-19"
15689328,"Basic","N2",41,0,"2023-01-23"
15582154,"Plus","N2",37,0,"2024-05-17"
15734626,"Basic","N1",38,0,"2023-07-04"
15702806,"Basic","S1",51,0,"2024-06-30"
15620756,"Basic","S2",76,0,"2024-05-27"
15611331,"Premium","N3",37,0,"2024-09-08"
15576935,"Plus","N2",31,1,"2024-11-18"
15661275,"Plus","S2",62,0,"2023-02-18"
15814940,"Basic","S2",18,1,"2023-06-17"
15768471,"Basic","S2",90,0,"2025-04-09"
15697391,"Basic","S1",6,0,"2025-02-21"
15793346,"Basic","N2",9,0,"2024-10-31"
15608338,"Basic","N3",11,1,"2023-01-21"
15656921,"Plus","N2",95,0,"2024-01-27"
648901237,"Basic","N1",2,0,"2023-04-15"
15591135,"Basic","N3",29,1,"2023-10-17"
15623219,"Basic","N2",51,0,"2024-09-24"
15655229,"Basic","N3",69,0,"2024-12-04"
15805884,"Basic","N1",23,0,"2024-03-01"
15668289,"Premium","W1",100,0,"2023-08-17"
15568562,"Plus","N3",7,1,"2023-06-30"
15773276,"Plus","W1",56,0,"2023-12-18"
15622801,"Basic","S2",77,0,"2023-08-13"
15779886,"Basic","S1",62,1,"2023-08-22"
15713673,"Basic","N1",74,1,"2023-09-23"
15783083,"Premium","N3",100,0,"2025-05-07"
15621550,"Plus","N1",80,1,"2023-11-10"
15799480,"Basic","S2",15,0,"2024-05-13"
15625247,"Basic","W1",53,1,"2025-05-26"
15755241,"Basic","S1",43,0,"2023-08-06"
15668235,"Plus","N1",83,0,"2023-07-30"
15683183,"Premium","W1",85,0,"2023-04-09"
15684592,"Plus","S2",35,1,"2024-09-12"
15591169,"Basic","S2",79,0,"2024-01-23"
15653455,"Basic","S2",14,0,"2023-12-11"
15732563,"Basic","W1",93,0,"2023-09-10"
15656471,"Basic","N3",69,0,"2024-06-07"
15598510,"Basic","N2",49,1,"2023-04-28"
15766427,"Plus","N1",18,1,"2024-08-22"
15785342,"Plus","N2",51,1,"2025-05-05"
15641595,"Basic","S2",1,0,"2023-07-28"
15798429,"Plus","N2",27,0,"2024-02-13"
15648136,"Basic","W1",64,0,"2024-04-25"
15812482,"Basic","S2",60,1,"2024-10-03"
15790810,"Basic","S2",91,0,"2023-11-25"
15687421,"Basic","S1",89,0,"2023-07-02"
15765643,"Basic","S1",41,0,"2024-02-21"
15654878,"Basic","W1",21,0,"2023-03-24"
15686835,"Basic","W1",14,0,"2023-09-11"
15768340,"Premium","N2",20,1,"2023-01-05"
15673599,"Basic","N1",92,0,"2023-10-30"
15689096,"Basic","N2",85,0,"2024-06-19"
15684294,"Basic","W1",87,0,"2024-09-24"
15615828,"Plus","N1",11,0,"2024-08-29"
15746012,"Basic","N2",66,1,"2024-03-03"
15615797,"Plus","N3",84,0,"2025-01-05"
15788494,"Basic","N3",24,0,"2025-01-20"
15793856,"Basic","N1",89,1,"2023-08-15"
15629545,"Plus","S1",37,0,"2024-10-15"
15661198,"Basic","N1",86,0,"2024-07-16"
15715117,"Basic","N2",24,0,"2024-01-25"
15701074,"Basic","S2",15,0,"2024-10-18"
15793046,"Plus","N3",12,0,"2025-04-29"
15623744,"Basic","S2",95,0,"2025-04-19"
15611329,"Basic","N3",64,0,"2025-03-29"
15740428,"Premium","N2",31,0,"2024-07-17"
15781534,"Basic","N3",53,0,"2023-01-12"
15784161,"Plus","N1",94,0,"2023-12-03"
15700325,"Plus","S2",84,0,"2024-08-29"
15659064,"Basic","W1",72,0,"2025-06-01"
15658364,"Basic","S2",44,1,"2023-05-09"
15704340,"Basic","N2",30,0,"2023-01-11"
15793455,"Plus","W1",35,0,"2024-05-04"
15579777,"Plus","S2",21,0,"2023-09-29"
15632345,"Plus","N2",63,1,"2023-12-23"
15814468,"Premium","S1",92,1,"2025-05-30"
15754820,"Plus","N1",17,1,"2023-04-02"
15707505,"Basic","N3",12,0,"2023-01-09"
15699507,"Basic","N3",18,0,"2025-06-05"
15799600,"Plus","N3",92,0,"2023-05-03"
15794472,"Basic","S1",60,0,"2025-02-14"
15646632,"Basic","N1",67,1,"2023-10-08"
15676353,"Plus","S2",15,0,"2024-04-02"
15566312,"Basic","S2",16,0,"2024-03-26"
15776743,"Plus","W1",95,0,"2024-02-11"
15674637,"Basic","N1",63,0,"2024-12-02"
15730418,"Premium","N3",31,0,"2025-03-01"
15739972,"Basic","S2",1,0,"2025-03-22"
15661591,"Basic","N1",75,0,"2023-02-25"
15675585,"Basic","S2",6,0,"2024-12-08"
15814750,"Basic","N1",87,0,"2024-01-14"
15593454,"Basic","N2",9,0,"2024-05-16"
15663421,"Basic","N3",52,1,"2023-01-23"
15677324,"Basic","N1",80,0,"2025-02-15"
15568742,"Basic","S1",62,1,"2023-09-02"
15693764,"Plus","N1",58,1,"2025-02-10"
15714260,"Plus","N2",19,1,"2024-02-22"
15798200,"Basic","S1",13,0,"2023-08-19"
15656627,"Basic","S1",32,0,"2023-07-29"
15791111,"Basic","N1",100,1,"2023-06-11"
15638269,"Basic","N2",9,1,"2024-01-12"
15807473,"Plus","S1",49,0,"2025-05-15"
15708534,"Plus","N3",37,1,"2023-06-19"
15640686,"Basic","W1",31,0,"2025-06-17"
15588904,"Basic","N3",31,1,"2023-12-05"
15768763,"Basic","S2",59,0,"2025-03-12"
15770543,"Plus","S2",55,0,"2024-04-18"
15642162,"Basic","N2",19,0,"2023-08-15"
15714046,"Premium","S1",63,0,"2025-05-22"
15575060,"Plus","N3",2,0,"2023-12-29"
15812040,"Basic","N3",45,1,"2024-04-23"
15812073,"Plus","W1",96,0,"2024-07-08"
15706810,"Premium","N2",43,0,"2024-04-19"
15584090,"Plus","S1",98,0,"2023-07-14"
15810807,"Basic","N2",1,1,"2023-01-12"
15582033,"Basic","N1",85,0,"2024-05-09"
15687607,"Plus","N3",61,1,"2025-02-22"
15588406,"Plus","N2",3,0,"2023-03-03"
15784099,"Plus","N2",91,0,"2024-06-12"
15701352,"Premium","W1",44,0,"2023-09-28"
15789371,"Premium","N1",7,1,"2024-06-21"
15602845,"Premium","S2",33,0,"2024-07-10"
15707918,"Basic","N3",9,0,"2025-06-16"
15602812,"Basic","W1",30,0,"2024-10-18"
15675888,"Plus","N2",18,0,"2023-03-06"
15591822,"Plus","N3",56,1,"2025-05-11"
15738501,"Plus","S2",90,0,"2024-04-24"
15585907,"Basic","N2",84,1,"2025-03-08"
15579040,"Plus","N1",31,0,"2024-05-04"
15804211,"Plus","N3",72,0,"2023-03-09"
15736126,"Basic","W1",63,0,"2023-12-28"
15745399,"Basic","N1",87,0,"2025-03-22"
15760749,"Basic","S2",50,1,"2024-08-30"
15637118,"Basic","S2",89,0,"2024-07-25"
15657829,"Basic","N3",1,0,"2025-02-07"
15738497,"Basic","S2",82,1,"2023-01-19"
15690695,"Basic","S1",19,1,"2024-06-28"
15762351,"Plus","W1",64,0,"2023-04-01"
15791172,"Plus","N3",53,1,"2023-08-26"
15598982,"Plus","S1",6,0,"2024-04-06"
15734765,"Basic","S2",17,0,"2023-01-24"
15642912,"Basic","N3",46,0,"2023-08-15"
15769516,"Premium","S1",72,0,"2025-04-30"
15789379,"Basic","S2",73,1,"2024-01-16"
15695103,"Premium","N2",55,0,"2025-02-15"
15801924,"Plus","N2",91,0,"2023-01-06"
15767804,"Basic","N1",100,0,"2024-07-23"
15718039,"Premium","N2",6,0,"2024-09-03"
15579994,"Basic","S1",70,1,"2024-09-25"
15595037,"Basic","W1",68,0,"2023-12-23"
15600720,"Plus","N2",86,0,"2023-06-06"
15782608,"Basic","N3",40,1,"2023-07-20"
15566894,"Premium","N3",91,0,"2023-08-13"
15749123,"Basic","N3",66,0,"2024-04-07"
15668943,"Basic","N2",9,0,"2025-02-17"
15623102,"Plus","N2",11,0,"2024-10-24"
15728012,"Plus","N1",20,0,"2023-09-14"
15683363,"Basic","W1",43,0,"2024-08-15"
15699335,"Basic","W1",58,1,"2024-03-06"
15574369,"Plus","S2",78,1,"2025-05-27"
15703167,"Basic","N1",26,1,"2024-02-29"
15754874,"Plus","S1",38,1,"2024-02-11"
15723216,"Plus","N3",94,1,"2024-09-03"
15725094,"Plus","N2",36,1,"2023-04-15"
15647974,"Plus","S2",99,1,"2023-09-09"
15583371,"Basic","S2",55,0,"2024-10-06"
15772559,"Plus","N2",6,0,"2023-04-09"
15711251,"Premium","N1",3,0,"2023-06-27"
15719212,"Basic","S2",65,0,"2023-09-22"
15764927,"Premium","W1",64,1,"2023-05-12"
15731412,"Basic","N1",58,0,"2023-07-18"
15719170,"Basic","N2",58,1,"2024-12-05"
15596011,"Basic","N1",18,0,"2024-12-20"
15614834,"Premium","W1",23,0,"2023-02-26"
15600510,"Basic","N3",96,0,"2025-06-10"
15625706,"Premium","N2",29,1,"2024-02-13"
15781409,"Premium","W1",23,1,"2023-09-19"
15722583,"Basic","N2",36,1,"2025-01-11"
15677243,"Basic","W1",70,0,"2024-10-15"
15815070,"Plus","W1",81,0,"2024-07-28"
15705899,"Basic","S2",82,0,"2023-04-28"
15701522,"Plus","S2",95,0,"2024-04-29"
15755978,"Basic","S2",6,1,"2023-11-17"
15722090,"Basic","N3",34,0,"2023-11-04"
15783526,"Plus","N3",44,0,"2024-05-04"
15632125,"Basic","W1",44,0,"2023-11-17"
15688395,"Basic","S1",27,0,"2025-01-26"
15666975,"Basic","N2",100,0,"2025-06-11"
15682211,"Basic","S2",52,1,"2023-12-22"
15637411,"Basic","N2",42,0,"2024-10-09"
15591512,"Plus","W1",25,1,"2024-08-30"
15606855,"Basic","N1",74,0,"2025-01-06"
15763683,"Basic","W1",39,1,"2024-06-03"
15641782,"Plus","N3",39,0,"2024-06-09"
15677184,"Basic","S1",12,0,"2023-01-24"
15775042,"Basic","N1",11,0,"2023-07-11"
15616630,"Premium","N2",3,0,"2025-01-22"
15800233,"Plus","N3",22,0,"2023-12-15"
15588419,"Plus","S2",4,1,"2023-01-25"
15595557,"Plus","N1",8,0,"2024-01-25"
15626143,"Basic","N3",14,1,"2024-10-02"
15566030,"Plus","N2",84,0,"2024-08-21"
15701412,"Basic","W1",88,0,"2025-01-14"
15702464,"Basic","N2",14,0,"2025-03-11"
15573348,"Basic","N1",92,0,"2024-07-21"
15704160,"Basic","N1",16,0,"2023-07-09"
15693704,"Basic","W1",32,0,"2023-01-28"
15664752,"Premium","N1",64,1,"2024-06-24"
15628292,"Basic","S1",76,0,"2024-05-05"
15621195,"Basic","S2",16,1,"2024-05-02"
15668629,"Basic","N3",52,0,"2025-03-01"
15635197,"Basic","W1",19,0,"2023-06-21"
15592761,"Plus","N2",69,0,"2023-02-07"
15574283,"Basic","N2",12,0,"2023-10-26"
15598097,"Basic","S2",93,1,"2023-09-23"
15711352,"Basic","N1",5,1,"2023-01-27"
15620751,"Plus","N1",42,0,"2024-10-09"
15656717,"Basic","N2",17,1,"2025-01-17"
15643121,"Basic","S2",72,0,"2025-01-26"
15723671,"Basic","N2",94,1,"2024-03-27"
15752846,"Basic","N1",10,0,"2024-04-13"
15640852,"Basic","W1",84,0,"2023-03-26"
15789313,"Plus","N3",16,1,"2023-01-13"
15793688,"Plus","N1",16,0,"2024-07-23"
15770405,"Plus","W1",42,0,"2023-09-16"
15702561,"Basic","N3",3,0,"2023-04-10"
15625964,"Basic","S1",23,1,"2024-09-07"
15761364,"Basic","S2",86,0,"2023-09-18"
15590286,"Premium","W1",28,0,"2023-10-05"
15587978,"Plus","S1",45,1,"2023-03-07"
15773242,"Plus","N1",100,1,"2024-08-23"
15761053,"Basic","S2",68,0,"2025-03-18"
15702095,"Basic","W1",24,0,"2024-08-22"
15700801,"Basic","N1",19,0,"2024-01-13"
15730590,"Plus","S2",75,0,"2024-05-31"
15643916,"Premium","S2",40,0,"2024-10-17"
15720636,"Premium","N1",46,0,"2023-04-27"
15795429,"Basic","N1",40,0,"2025-02-21"
15609254,"Basic","W1",62,1,"2024-05-13"
15625141,"Premium","S2",18,0,"2023-07-24"
15810898,"Plus","W1",12,0,"2024-08-09"
15775797,"Basic","S2",14,0,"2023-03-21"
15795246,"Basic","W1",82,0,"2023-01-18"
15795275,"Basic","N1",61,0,"2024-12-29"
15571869,"Basic","N1",12,0,"2024-09-05"
15694143,"Basic","N2",27,1,"2024-10-05"
15748231,"Plus","W1",6,0,"2025-03-31"
15632185,"Basic","N2",88,0,"2023-02-27"
15743293,"Basic","N2",33,0,"2023-04-22"
15598157,"Basic","S1",80,0,"2024-08-19"
15700946,"Plus","S2",50,0,"2025-04-22"
15722692,"Plus","N3",12,0,"2025-04-05"
15696506,"Basic","S1",95,0,"2024-09-19"
15728823,"Premium","S2",57,1,"2023-11-11"
15808851,"Premium","N3",53,0,"2023-06-11"
15675231,"Basic","N2",13,0,"2025-03-08"
15732299,"Basic","N3",72,0,"2023-11-20"
15706269,"Plus","N1",3,1,"2024-12-18"
15590078,"Plus","N1",64,0,"2023-11-27"
15776985,"Premium","W1",84,1,"2024-08-02"
15756743,"Premium","S2",58,0,"2025-06-17"
15782364,"Plus","S1",4,1,"2025-01-29"
15604093,"Basic","N2",45,0,"2024-05-16"
15749328,"Basic","S2",66,0,"2023-02-26"
15656322,"Basic","N2",36,1,"2023-06-14"
15685564,"Basic","N1",23,0,"2023-06-15"
15785831,"Plus","S1",19,1,"2023-10-24"
15796218,"Plus","S1",40,1,"2023-01-04"
15716218,"Plus","N1",72,0,"2024-02-14"
15572735,"Basic","N3",16,0,"2025-03-17"
15633840,"Plus","S1",58,0,"2025-05-26"
15627848,"Basic","N3",18,0,"2023-04-16"
15792029,"Basic","N2",36,1,"2024-09-11"
15617331,"Plus","S1",24,1,"2024-11-12"
15651740,"Plus","W1",1,0,"2025-02-17"
15636407,"Premium","N1",1,1,"2025-02-17"
15607526,"Basic","N3",64,1,"2024-07-19"
15581505,"Basic","W1",62,0,"2023-06-15"
15612207,"Basic","N2",36,0,"2023-09-11"
15707242,"Basic","N2",75,0,"2025-02-26"
15721937,"Premium","S1",18,1,"2024-10-27"
15773852,"Plus","S1",16,0,"2023-05-08"
15719778,"Premium","W1",17,1,"2024-04-30"
15650538,"Basic","S2",24,1,"2023-03-17"
15797475,"Premium","S2",98,0,"2025-06-05"
15780359,"Basic","S1",68,0,"2023-08-09"
15737104,"Premium","S2",99,0,"2025-02-20"
15789936,"Basic","N1",79,0,"2024-03-09"
15709523,"Basic","W1",2,0,"2024-09-26"
15593425,"Basic","N1",95,1,"2024-06-20"
15776725,"Premium","S2",73,0,"2024-03-14"
15604706,"Basic","S1",10,1,"2024-03-10"
15790958,"Basic","N1",53,0,"2024-09-09"
15747534,"Premium","N2",89,0,"2024-09-09"
15574237,"Basic","S1",51,1,"2024-09-06"
15690332,"Basic","W1",69,0,"2025-02-16"
15661290,"Basic","N3",14,0,"2024-06-09"
15651883,"Basic","N3",66,0,"2023-05-13"
15808905,"Premium","S1",82,1,"2024-03-16"
15715532,"Plus","S2",93,0,"2024-06-17"
15786078,"Basic","N1",53,0,"2024-08-09"
15652401,"Premium","N1",84,1,"2025-03-07"
15673074,"Basic","S1",64,0,"2024-01-26"
15598744,"Basic","N2",72,0,"2023-09-01"
15785975,"Basic","W1",49,0,"2025-02-06"
15613180,"Basic","S2",90,0,"2023-05-26"
15584229,"Basic","N2",62,0,"2024-02-19"
15773804,"Premium","S1",37,0,"2024-03-02"
15699515,"Plus","S1",49,1,"2023-07-31"
15705313,"Basic","N2",68,1,"2023-09-06"
15693817,"Plus","N3",33,0,"2023-02-04"
15673790,"Plus","S1",22,0,"2025-04-18"
15674868,"Premium","W1",70,1,"2023-09-10"
15692110,"Premium","S2",33,0,"2025-05-11"
15645904,"Basic","N2",28,0,"2025-02-10"
15581332,"Plus","N3",88,0,"2025-03-29"
15808544,"Plus","N2",4,0,"2025-05-11"
15734948,"Plus","N3",66,0,"2023-10-13"
15654531,"Basic","N3",77,0,"2025-05-11"
15637774,"Basic","W1",49,0,"2024-11-23"
15677141,"Basic","S2",11,1,"2023-07-29"
15739578,"Basic","S1",35,0,"2023-04-20"
15697360,"Basic","N3",39,0,"2023-11-26"
15655213,"Plus","S1",10,0,"2023-05-22"
15580872,"Basic","S2",74,0,"2024-11-06"
15683213,"Plus","S1",72,0,"2023-03-28"
15801188,"Basic","W1",69,0,"2023-05-20"
15645029,"Premium","W1",23,0,"2023-11-28"
15633181,"Basic","N1",34,1,"2024-11-04"
15598259,"Basic","W1",32,0,"2023-01-26"
15576000,"Plus","N3",16,0,"2024-10-07"
15766047,"Plus","S2",68,0,"2025-05-18"
15596339,"Premium","W1",54,1,"2024-09-18"
15715199,"Basic","N2",28,1,"2024-11-23"
15615938,"Basic","S2",60,0,"2023-12-28"
15679991,"Premium","N3",78,0,"2025-05-20"
15626135,"Basic","S2",76,0,"2024-10-20"
15792934,"Plus","W1",60,0,"2023-12-26"
15744046,"Basic","N2",85,1,"2023-08-03"
15700826,"Basic","N1",80,1,"2023-03-18"
15756301,"Basic","N3",44,0,"2023-04-05"
15586517,"Basic","N3",2,0,"2023-08-06"
15751297,"Plus","S2",23,0,"2025-05-24"
15710365,"Premium","S1",93,0,"2024-01-03"
15679307,"Basic","S1",46,0,"2023-02-21"
15610753,"Plus","N2",73,0,"2023-10-01"
15811036,"Basic","N1",54,1,"2024-03-19"
15610912,"Basic","N1",71,0,"2024-11-17"
15619932,"Basic","S2",93,1,"2025-04-04"
15746199,"Premium","S2",81,1,"2023-02-02"
15584967,"Plus","S1",9,1,"2025-05-21"
15734365,"Plus","W1",70,0,"2024-02-20"
15726960,"Plus","N1",44,0,"2024-10-05"
15665177,"Plus","W1",84,0,"2024-02-29"
15779915,"Premium","N1",74,1,"2025-02-25"
15729110,"Plus","W1",73,1,"2023-01-07"
15575399,"Premium","W1",12,0,"2024-05-09"
15678374,"Basic","N1",97,0,"2025-01-08"
15792679,"Basic","N2",32,0,"2025-02-05"
15668767,"Basic","N2",34,0,"2025-03-04"
15761886,"Basic","S2",83,1,"2025-01-17"
15583076,"Plus","W1",33,1,"2025-05-04"
15815615,"Basic","W1",64,1,"2023-12-20"
15591942,"Plus","W1",48,0,"2024-11-26"
15724924,"Basic","W1",16,0,"2023-07-18"
15762123,"Basic","W1",50,0,"2024-12-15"
15567893,"Basic","S1",23,1,"2024-03-10"
15662021,"Premium","N3",26,1,"2023-05-16"
15691627,"Basic","W1",54,0,"2023-10-15"
15731751,"Basic","S1",44,0,"2025-03-12"
15635277,"Plus","N2",37,0,"2024-10-19"
15655252,"Plus","W1",9,1,"2024-12-19"
15803941,"Basic","N2",94,0,"2024-07-20"
15714380,"Basic","S2",13,0,"2025-03-21"
15666559,"Basic","N3",60,0,"2024-02-12"
15799998,"Premium","N1",80,1,"2025-01-31"
15703763,"Basic","N3",2,0,"2025-02-25"
15795640,"Basic","W1",95,0,"2024-12-17"
15780056,"Basic","W1",60,0,"2025-04-04"
15777873,"Basic","N3",57,0,"2024-12-04"
15584749,"Plus","N3",43,1,"2023-12-02"
15765258,"Basic","S2",19,1,"2023-01-02"
15623346,"Basic","N2",11,0,"2023-07-04"
15614054,"Basic","N1",78,0,"2024-11-04"
15667632,"Basic","N1",89,1,"2024-08-24"
15599024,"Plus","N3",63,0,"2024-03-13"
15798709,"Plus","N2",7,1,"2025-02-01"
15741921,"Premium","N1",79,0,"2023-01-22"
15793671,"Premium","S1",94,0,"2023-07-31"
15797900,"Plus","N2",31,0,"2024-04-21"
15667932,"Basic","N1",88,0,"2024-04-10"
15795933,"Plus","N3",55,0,"2023-08-22"
15736299,"Plus","N3",25,0,"2023-06-21"
15759034,"Plus","N2",72,0,"2024-08-25"
15724663,"Basic","N2",30,1,"2024-11-05"
15594556,"Basic","N3",36,0,"2025-03-07"
15737169,"Plus","N1",50,0,"2024-06-01"
15632472,"Plus","S1",14,1,"2023-09-01"
15722813,"Premium","S2",29,1,"2024-02-25"
15736717,"Basic","N2",27,0,"2024-01-14"
15680683,"Basic","N3",50,1,"2024-04-17"
15710316,"Basic","N1",36,0,"2023-12-07"
15746333,"Plus","N2",34,1,"2024-11-01"
15606861,"Basic","N1",21,0,"2023-05-03"
15641285,"Basic","N2",38,1,"2025-05-21"
15662908,"Premium","N3",75,0,"2024-03-09"
15814267,"Basic","N1",97,0,"2023-07-07"
15614923,"Plus","N3",79,0,"2023-01-14"
15579223,"Basic","N1",76,0,"2023-03-11"
15651389,"Plus","N2",88,0,"2024-10-12"
15677087,"Plus","S2",50,0,"2024-02-15"
15665784,"Premium","S2",37,0,"2025-05-19"
15576706,"Premium","S1",75,0,"2025-04-16"
15615473,"Basic","S1",19,0,"2024-08-13"
15587299,"Basic","W1",1,0,"2025-03-16"
15655389,"Basic","N3",81,0,"2023-11-14"
15784491,"Plus","N1",40,0,"2024-03-12"
15809999,"Premium","S1",55,0,"2024-08-14"
15629390,"Plus","S2",26,1,"2025-06-03"
15792668,"Basic","N1",43,0,"2025-01-06"
15583863,"Plus","W1",59,0,"2023-08-15"
15681878,"Premium","S2",51,0,"2024-01-17"
15782875,"Basic","N1",15,0,"2023-06-29"
15732235,"Basic","S1",8,0,"2024-06-19"
15735909,"Basic","S1",94,1,"2023-04-09"
15653448,"Plus","N3",14,1,"2024-01-26"
15587647,"Basic","W1",97,0,"2023-09-27"
15701037,"Basic","N1",7,0,"2023-04-04"
15727499,"Basic","W1",18,0,"2025-03-02"
15724838,"Basic","N2",12,0,"2024-04-07"
15666711,"Basic","W1",2,1,"2025-02-19"
15588933,"Plus","S1",50,1,"2024-10-20"
15763111,"Basic","N3",93,0,"2023-10-12"
15805676,"Plus","S1",21,0,"2023-01-22"
15586674,"Plus","S2",7,0,"2023-01-02"
15744553,"Basic","S1",91,0,"2023-04-13"
15776629,"Basic","N1",12,1,"2023-02-05"
15647207,"Plus","N3",84,0,"2025-03-16"
15715638,"Premium","N1",57,0,"2023-10-01"
15750602,"Basic","N2",78,1,"2023-02-20"
15766810,"Basic","N2",74,0,"2023-05-23"
15756625,"Basic","S1",23,0,"2025-06-14"
15639552,"Plus","N3",30,0,"2024-04-27"
15633213,"Basic","W1",58,0,"2023-01-17"
15610416,"Basic","N3",95,0,"2025-05-29"
15715208,"Plus","N3",52,0,"2024-08-11"
15619608,"Plus","N3",56,1,"2023-10-05"
15628697,"Basic","S1",10,0,"2024-09-26"
15643826,"Basic","N1",19,0,"2024-03-13"
15718588,"Plus","S1",19,1,"2024-03-11"
15709741,"Basic","W1",87,0,"2024-01-19"
15723318,"Basic","N1",59,1,"2025-05-07"
15717328,"Premium","W1",44,0,"2024-11-16"
15771299,"Basic","S2",59,0,"2023-05-12"
15706223,"Plus","S2",96,0,"2023-09-20"
15612358,"Premium","N1",84,0,"2024-01-29"
15769191,"Basic","S1",4,1,"2025-02-21"
15618816,"Basic","W1",97,0,"2023-07-27"
15730810,"Plus","W1",65,0,"2025-03-18"
15783463,"Premium","N2",13,0,"2023-08-14"
15616213,"Premium","W1",67,0,"2024-12-01"
15611287,"Plus","S1",12,1,"2024-04-09"
15786454,"Basic","N2",93,1,"2023-12-24"
15768682,"Plus","S1",55,0,"2023-05-24"
15766172,"Basic","N3",61,0,"2023-12-20"
15637646,"Basic","W1",95,0,"2023-09-08"
15653404,"Basic","N3",41,0,"2024-01-11"
15690546,"Basic","S2",36,0,"2023-09-02"
15735636,"Plus","S2",2,0,"2023-01-18"
15605424,"Basic","N1",22,1,"2024-12-15"
15568449,"Basic","W1",22,0,"2024-12-16"
15688085,"Basic","N2",41,0,"2024-04-29"
15683483,"Premium","N3",95,0,"2023-01-02"
15659567,"Plus","S1",14,1,"2024-01-11"
15624975,"Basic","W1",93,0,"2024-07-19"
15660878,"Basic","N1",35,0,"2023-06-15"
15586557,"Basic","S1",50,0,"2025-05-14"
15746183,"Premium","N3",9,0,"2023-11-25"
15631457,"Plus","W1",96,0,"2024-10-16"
15754053,"Basic","N3",59,1,"2024-03-23"
15645839,"Plus","W1",56,1,"2023-04-02"
15689955,"Basic","W1",91,0,"2024-06-03"
15593510,"Plus","N3",10,1,"2023-09-09"
15654964,"Basic","N3",25,0,"2024-09-03"
15594039,"Basic","S1",45,1,"2023-02-08"
15625929,"Basic","N1",97,0,"2024-03-11"
15815295,"Basic","N3",11,0,"2024-10-09"
15621818,"Premium","S2",9,0,"2023-12-28"
15652700,"Basic","N1",7,0,"2024-07-15"
15636860,"Premium","S2",71,0,"2023-03-24"
15569432,"Plus","S1",34,0,"2025-02-04"
15751455,"Basic","N3",83,0,"2024-12-08"
15800583,"Basic","N1",20,0,"2023-01-27"
15770214,"Basic","N3",89,1,"2024-08-11"
15613463,"Plus","W1",5,0,"2025-03-16"
15587066,"Basic","N3",93,0,"2025-02-05"
15693752,"Basic","N1",55,0,"2023-01-21"
15714874,"Basic","N3",91,0,"2023-08-06"
15657809,"Plus","N3",89,0,"2023-02-14"
15651955,"Basic","N2",15,1,"2024-02-11"
15570912,"Basic","N2",48,0,"2024-11-24"
15640266,"Basic","N1",4,1,"2025-03-08"
15652069,"Basic","N1",78,1,"2024-04-23"
15596074,"Plus","W1",81,0,"2025-05-12"
15800268,"Basic","W1",21,0,"2024-10-17"
15809847,"Plus","N3",80,0,"2024-07-17"
15599074,"Plus","S2",90,1,"2025-02-01"
15599591,"Plus","N1",9,0,"2024-09-09"
15776096,"Plus","N3",66,0,"2025-03-19"
15611669,"Basic","S2",79,0,"2024-12-11"
15694098,"Basic","N2",35,1,"2023-12-03"
15811978,"Plus","W1",88,0,"2025-03-02"
15799925,"Basic","N1",51,0,"2023-05-28"
15692575,"Plus","N3",78,0,"2024-09-06"
15743149,"Basic","N2",37,1,"2024-02-15"
15776947,"Premium","S1",6,0,"2024-05-28"
15700656,"Plus","N2",82,1,"2025-02-06"
15594515,"Basic","N3",86,1,"2024-07-25"
15787884,"Basic","W1",82,0,"2025-03-29"
15577988,"Plus","S2",51,0,"2024-01-20"
15795586,"Plus","S1",66,0,"2024-04-26"
15677739,"Basic","S1",96,1,"2024-08-25"
15720134,"Premium","W1",17,1,"2023-04-11"
15688868,"Basic","S1",65,0,"2023-04-24"
15642996,"Basic","N1",9,0,"2023-09-19"
15771222,"Premium","N3",13,1,"2024-02-26"
15605059,"Premium","S1",100,0,"2023-02-23"
15665943,"Plus","N2",58,1,"2023-07-07"
15795571,"Premium","S2",30,0,"2024-06-22"
15662243,"Basic","N3",31,1,"2025-01-21"
15593128,"Premium","W1",23,0,"2024-08-14"
15589739,"Basic","N2",63,0,"2023-07-09"
15787602,"Basic","N1",28,0,"2025-04-10"
15685019,"Basic","S1",59,0,"2025-05-16"
15704209,"Basic","N2",10,0,"2024-08-25"
15605264,"Basic","N3",89,1,"2024-06-30"
15708265,"Basic","N2",100,0,"2023-02-27"
15740264,"Basic","N1",90,0,"2024-05-17"
15615477,"Basic","S2",26,0,"2023-07-08"
15727361,"Plus","S1",77,1,"2025-02-03"
15760216,"Basic","N3",17,0,"2024-07-01"
15806134,"Basic","S1",40,0,"2025-05-19"
15601351,"Plus","S1",68,0,"2024-08-26"
15669262,"Premium","W1",23,0,"2024-07-21"
15696989,"Plus","S1",35,0,"2024-08-01"
15688498,"Basic","N2",75,1,"2023-11-09"
15686964,"Plus","N2",76,0,"2023-06-18"
15625035,"Basic","S2",9,0,"2025-03-09"
15618391,"Basic","N1",79,1,"2023-05-11"
15591344,"Basic","N3",45,0,"2024-11-08"
15605455,"Plus","N2",37,1,"2024-07-17"
15680804,"Basic","S1",69,1,"2023-06-01"
15768282,"Basic","N1",19,1,"2023-04-15"
15685826,"Basic","N3",75,0,"2024-01-02"
15793491,"Premium","N3",73,0,"2023-04-02"
15797787,"Plus","N3",99,0,"2024-12-13"
15611171,"Basic","N3",27,0,"2025-03-15"
15601627,"Plus","S2",13,0,"2025-06-03"
15734085,"Basic","N3",57,1,"2024-12-31"
15809309,"Plus","N1",60,0,"2024-03-07"
15809462,"Basic","N2",12,0,"2024-08-01"
15634628,"Premium","N1",9,0,"2024-11-11"
15775678,"Basic","S1",92,0,"2023-11-01"
15579526,"Plus","W1",77,0,"2023-01-28"
15779103,"Basic","S2",84,1,"2023-10-15"
15738715,"Basic","S2",77,0,"2023-12-21"
15754574,"Basic","S1",27,1,"2025-04-18"
15737814,"Basic","N1",90,0,"2024-06-27"
15670889,"Basic","N1",63,1,"2024-11-08"
15629299,"Plus","S1",93,0,"2024-02-08"
15771569,"Basic","W1",29,0,"2023-05-16"
15811927,"Plus","N3",22,0,"2023-03-09"
15785654,"Plus","N3",73,1,"2023-06-03"
15665524,"Plus","N2",88,1,"2024-04-07"
15736287,"Plus","N1",19,0,"2023-11-22"
15765732,"Plus","N1",38,0,"2025-03-26"
15797381,"Basic","S1",95,0,"2023-04-06"
15598536,"Plus","S1",39,0,"2023-07-16"
15664506,"Basic","N3",15,0,"2023-04-18"
15575619,"Plus","N1",54,0,"2023-02-15"
15587394,"Plus","N1",32,0,"2023-07-05"
15654457,"Basic","S2",46,0,"2024-03-29"
15762793,"Basic","N2",61,1,"2023-11-19"
15658067,"Basic","N2",93,0,"2023-10-12"
15642816,"Plus","N3",52,0,"2023-03-24"
15693088,"Premium","W1",34,1,"2024-10-11"
15793883,"Basic","N1",73,0,"2023-11-23"
15665283,"Plus","S2",35,0,"2025-01-18"
15680421,"Premium","N1",70,1,"2024-03-24"
15695148,"Basic","S1",37,0,"2023-11-17"
15636592,"Basic","N3",78,0,"2023-05-25"
15772618,"Plus","W1",61,0,"2023-10-05"
15724453,"Plus","N2",49,0,"2024-09-03"
15565878,"Premium","N1",9,0,"2023-01-14"
15609160,"Basic","W1",19,0,"2023-09-19"
15678460,"Basic","N3",87,0,"2024-02-18"
15662571,"Basic","N2",28,0,"2024-05-08"
15606849,"Basic","N1",80,1,"2023-02-16"
15670738,"Basic","S2",26,1,"2025-01-06"
15662641,"Plus","N3",38,1,"2024-10-17"
15727539,"Basic","N1",40,1,"2023-07-15"
15651020,"Plus","N2",25,0,"2023-10-17"
15673877,"Basic","N2",99,1,"2025-02-07"
15760865,"Plus","S2",69,0,"2024-03-07"
15705009,"Basic","N3",71,1,"2024-06-03"
15657540,"Basic","N3",23,0,"2025-02-28"
15707441,"Basic","W1",89,1,"2023-11-20"
15694765,"Premium","N1",65,0,"2025-03-12"
15649086,"Plus","W1",22,0,"2024-03-04"
15650488,"Basic","N2",64,1,"2023-10-20"
15760924,"Basic","N2",68,1,"2024-01-12"
15700263,"Premium","S2",58,0,"2024-06-18"
15806922,"Basic","S2",28,0,"2023-03-25"
15637522,"Basic","N3",78,0,"2025-02-05"
15636548,"Plus","W1",97,0,"2024-01-08"
15566891,"Premium","N2",68,0,"2023-01-24"
15754012,"Basic","S1",96,0,"2025-04-27"
15627514,"Premium","N1",4,1,"2023-11-12"
15661433,"Basic","S2",1,0,"2024-07-03"
15610653,"Basic","N1",26,0,"2023-08-09"
15667002,"Plus","N2",33,0,"2023-08-02"
15709199,"Premium","W1",81,0,"2024-04-16"
15710087,"Basic","N3",27,0,"2025-04-24"
15679884,"Premium","W1",42,1,"2024-05-05"
15784180,"Plus","S1",69,0,"2023-03-26"
15808849,"Basic","N3",71,0,"2024-01-20"
15751549,"Premium","S1",64,0,"2023-01-04"
15588235,"Basic","S1",25,0,"2024-12-07"
15640418,"Basic","N2",72,0,"2023-04-24"
15721116,"Plus","N2",98,1,"2023-08-03"
15599084,"Basic","S2",4,0,"2023-12-02"
15773394,"Basic","S2",12,0,"2025-05-26"
15625713,"Basic","S1",58,0,"2024-10-14"
15766417,"Basic","W1",95,1,"2023-06-16"
15622578,"Plus","S2",11,1,"2023-10-14"
15799924,"Plus","N2",59,1,"2024-05-09"
15637138,"Basic","S1",22,1,"2025-04-26"
15781665,"Basic","N3",65,1,"2024-05-31"
15804853,"Basic","W1",50,1,"2023-05-07"
15651627,"Basic","W1",4,0,"2024-03-08"
15680685,"Basic","N1",100,1,"2023-03-27"
15808930,"Plus","S2",72,0,"2024-08-20"
15570970,"Premium","W1",89,0,"2024-06-19"
15679961,"Premium","N2",92,0,"2023-02-14"
15705458,"Basic","N3",52,1,"2024-09-14"
15750396,"Premium","N2",100,1,"2023-10-17"
15679928,"Basic","S2",100,1,"2024-11-27"
15711181,"Basic","S1",43,0,"2023-08-23"
15698324,"Premium","N1",46,0,"2023-06-06"
15807433,"Plus","N1",4,0,"2024-02-10"
15636590,"Basic","N3",13,0,"2024-11-03"
15628950,"Basic","W1",38,0,"2024-05-19"
15617206,"Basic","W1",45,1,"2024-12-12"
15603741,"Plus","W1",25,0,"2023-05-02"
15742607,"Basic","N1",67,1,"2023-08-12"
15747821,"Premium","S1",55,1,"2025-05-26"
15612043,"Basic","W1",96,0,"2023-01-23"
15809558,"Basic","N2",39,1,"2023-07-16"
15803750,"Basic","W1",65,0,"2024-04-23"
15704681,"Basic","S1",75,0,"2023-10-12"
15667392,"Basic","N3",2,0,"2024-06-01"
15738889,"Plus","N3",69,1,"2023-11-04"
15598838,"Premium","N1",86,1,"2023-12-11"
15579109,"Premium","S1",62,0,"2024-08-23"
15799042,"Plus","N2",46,0,"2025-06-08"
15697042,"Premium","S1",77,0,"2024-02-02"
15696605,"Plus","N2",87,0,"2025-02-23"
15802274,"Plus","N2",31,0,"2024-04-08"
15596808,"Basic","S1",99,0,"2025-03-06"
15705403,"Basic","S2",35,1,"2025-02-15"
15732903,"Basic","S1",45,1,"2023-04-25"
15581968,"Basic","N2",77,0,"2024-09-27"
15683892,"Basic","W1",54,0,"2024-03-25"
15595447,"Premium","N3",71,1,"2025-02-10"
15569249,"Basic","N3",69,0,"2024-02-08"
15689661,"Basic","N1",29,0,"2024-11-11"
15644934,"Basic","N3",72,0,"2024-07-01"
15687413,"Basic","N2",54,0,"2024-10-07"
15761286,"Basic","S1",7,0,"2023-09-01"
15658240,"Basic","S1",83,0,"2023-03-06"
15706232,"Basic","S2",23,0,"2023-08-25"
15583394,"Plus","N3",100,0,"2023-01-03"
15715643,"Plus","N2",32,0,"2024-05-14"
15644856,"Basic","N3",62,0,"2023-02-06"
15785488,"Basic","N1",45,0,"2024-09-12"
15711571,"Basic","N3",68,0,"2023-09-07"
15778604,"Plus","N1",30,1,"2023-01-03"
15751180,"Basic","S1",39,0,"2023-08-23"
15748360,"Basic","N2",5,1,"2024-02-21"
15770039,"Plus","W1",67,0,"2023-09-08"
15685096,"Basic","N1",22,0,"2023-05-23"
15669501,"Basic","N3",28,0,"2025-01-29"
15622631,"Basic","N3",22,0,"2023-02-25"
15586699,"Premium","S1",86,0,"2023-03-02"
15702377,"Premium","S2",98,0,"2023-03-09"
15577170,"Plus","W1",29,0,"2023-03-20"
15769451,"Basic","S2",43,0,"2023-11-23"
15811877,"Basic","N3",42,1,"2024-01-02"
15648725,"Premium","S2",60,0,"2024-12-08"
15752801,"Premium","W1",77,0,"2024-12-07"
15808175,"Basic","W1",71,0,"2024-06-18"
15681342,"Plus","N2",74,0,"2024-06-09"
15589210,"Basic","S2",92,1,"2024-01-25"
15696826,"Basic","N2",68,0,"2023-10-16"
15614962,"Plus","N3",59,0,"2024-06-04"
15689061,"Basic","N3",96,1,"2024-10-13"
15640074,"Premium","N3",86,0,"2025-01-23"
15776156,"Basic","S1",84,0,"2023-09-10"
15739548,"Basic","S2",84,1,"2025-01-08"
15662854,"Premium","N1",6,0,"2025-06-03"
15687688,"Premium","W1",73,0,"2023-04-05"
15715750,"Basic","N1",28,0,"2024-11-21"
15571121,"Basic","N3",77,1,"2023-01-03"
15726466,"Plus","S2",31,1,"2024-11-26"
15660390,"Basic","N2",39,0,"2023-02-15"
15663942,"Premium","N1",50,0,"2025-03-14"
15638610,"Premium","N3",78,0,"2024-10-14"
15644446,"Basic","N1",86,0,"2024-06-08"
15585892,"Basic","N1",37,0,"2024-11-28"
15609356,"Basic","W1",88,0,"2024-04-26"
15803378,"Premium","N1",72,1,"2024-08-19"
15599440,"Basic","N3",15,0,"2024-02-22"
15692408,"Basic","W1",51,0,"2023-02-12"
15683168,"Basic","N3",70,1,"2025-06-14"
15790254,"Plus","S1",23,0,"2024-10-29"
15767729,"Basic","S1",25,0,"2024-11-26"
15768600,"Basic","S1",95,0,"2024-07-12"
15699839,"Premium","N1",46,0,"2023-07-25"
15694530,"Plus","N3",23,0,"2023-10-02"
15796813,"Basic","S1",10,0,"2024-08-17"
15605791,"Basic","S2",73,0,"2023-04-07"
15714087,"Plus","S1",77,1,"2023-06-28"
15711446,"Basic","S1",32,0,"2025-05-16"
15588123,"Premium","S2",51,0,"2023-05-28"
15748552,"Plus","S1",41,0,"2025-03-07"
15618410,"Basic","N1",65,0,"2024-01-19"
15672432,"Premium","N1",65,1,"2023-03-13"
15610042,"Premium","W1",40,1,"2023-08-05"
15580914,"Basic","N1",18,0,"2024-12-21"
15813718,"Basic","N2",36,0,"2025-04-12"
15767264,"Basic","W1",31,0,"2025-03-16"
15686461,"Basic","S1",54,1,"2024-03-08"
15678882,"Basic","N2",63,0,"2024-09-27"
15789611,"Plus","N3",1,0,"2024-05-15"
15668679,"Premium","S2",52,0,"2025-05-11"
15631685,"Basic","N3",100,0,"2024-10-29"
15655658,"Basic","N2",57,0,"2023-02-02"
15753591,"Plus","N1",9,0,"2025-02-19"
15617348,"Basic","S1",86,0,"2023-08-04"
15704581,"Premium","W1",92,0,"2023-04-11"
15738487,"Basic","S1",90,0,"2024-04-14"
15648069,"Basic","N1",74,0,"2023-06-29"
15737627,"Basic","S1",56,1,"2024-09-30"
15731586,"Plus","S2",47,1,"2023-11-29"
15757467,"Basic","S2",3,1,"2024-05-02"
15597709,"Plus","S2",2,0,"2024-04-04"
15720529,"Basic","N3",54,1,"2024-01-12"
15596797,"Basic","N1",37,0,"2024-11-11"
15681755,"Basic","S2",56,0,"2025-03-27"
15815271,"Premium","N2",31,0,"2025-05-27"
15682860,"Premium","S2",97,0,"2023-05-15"
15621546,"Basic","W1",96,0,"2025-03-14"
15705918,"Basic","N3",12,0,"2024-08-27"
15684512,"Basic","N2",58,0,"2025-01-02"
15671769,"Basic","N1",67,0,"2024-02-14"
15642934,"Basic","N1",26,0,"2023-06-04"
15594305,"Premium","W1",78,0,"2023-10-07"
15789201,"Premium","S2",12,1,"2024-04-23"
15706762,"Basic","N2",90,0,"2023-07-18"
15766183,"Basic","W1",16,0,"2025-04-28"
15777994,"Premium","N2",53,1,"2025-01-22"
15568162,"Plus","S2",72,0,"2024-02-21"
15680643,"Basic","S2",49,1,"2023-04-08"
15761854,"Basic","S1",49,0,"2023-09-07"
15730793,"Basic","S1",92,0,"2023-04-15"
15692137,"Basic","S2",7,0,"2025-02-11"
15608595,"Basic","N3",15,1,"2024-10-02"
15709459,"Basic","W1",36,0,"2023-11-23"
15775750,"Plus","S1",72,0,"2025-06-08"
15585855,"Basic","S2",74,0,"2024-04-26"
15752139,"Basic","N2",15,0,"2025-02-09"
15768295,"Basic","W1",62,1,"2025-03-14"
15766906,"Plus","S1",18,0,"2024-01-12"
15725776,"Premium","N3",46,0,"2024-10-13"
15682576,"Basic","W1",61,0,"2023-01-15"
15704081,"Basic","W1",43,0,"2025-06-18"
15719940,"Premium","N1",44,1,"2024-11-26"
15672894,"Basic","N2",99,0,"2024-04-25"
15636767,"Basic","N3",66,0,"2023-01-16"
15575605,"Basic","N3",55,1,"2025-01-02"
15649160,"Basic","N3",86,0,"2024-07-28"
15615832,"Basic","N2",79,1,"2025-01-22"
15600975,"Premium","N3",39,1,"2024-04-29"
15690772,"Plus","N1",100,0,"2023-10-06"
15565714,"Basic","S1",5,1,"2023-11-29"
15763108,"Premium","N2",57,0,"2023-09-14"
15723884,"Basic","N3",15,1,"2023-07-04"
15644453,"Basic","S2",91,0,"2024-08-10"
15655464,"Plus","S1",16,1,"2023-01-27"
15783883,"Plus","W1",57,0,"2023-01-25"
15787693,"Basic","N2",100,1,"2025-05-03"
15664793,"Basic","S2",82,1,"2023-03-03"
15642391,"Plus","W1",99,0,"2024-10-19"
15756538,"Plus","S2",25,0,"2023-08-21"
15668830,"Plus","N3",22,1,"2024-04-08"
15796569,"Basic","N2",31,0,"2023-12-15"
15677112,"Basic","N3",34,0,"2023-10-13"
15815040,"Basic","W1",87,0,"2024-02-18"
15590434,"Basic","N1",16,0,"2024-08-18"
15597536,"Premium","S2",70,0,"2024-11-17"
15723989,"Basic","N1",59,0,"2024-02-10"
15767358,"Basic","W1",15,0,"2024-01-16"
15594812,"Plus","N3",82,0,"2023-06-19"
15688210,"Basic","S1",13,0,"2023-10-17"
15681509,"Basic","S2",24,0,"2024-05-30"
15572390,"Plus","S1",13,0,"2023-10-14"
15801441,"Premium","N2",65,0,"2023-11-03"
15783859,"Plus","S2",36,0,"2024-07-15"
15575243,"Basic","N1",49,1,"2025-02-20"
15773421,"Plus","S1",82,0,"2023-01-08"
15788776,"Plus","W1",48,0,"2023-12-23"
15765257,"Basic","N2",97,0,"2024-08-03"
15661412,"Basic","S2",43,1,"2023-05-19"
15636478,"Premium","W1",6,0,"2024-05-25"
15603683,"Basic","N2",81,1,"2023-09-05"
15651868,"Plus","N1",68,0,"2024-06-24"
15815443,"Basic","W1",14,0,"2023-07-02"
15682686,"Basic","S2",30,1,"2024-12-25"
15697460,"Basic","N2",84,0,"2024-02-27"
15748432,"Plus","N3",8,1,"2024-02-01"
15698271,"Basic","S2",54,1,"2025-04-11"
15808662,"Basic","S2",66,1,"2023-11-01"
15690372,"Plus","S2",4,1,"2023-01-19"
15781875,"Plus","S2",74,0,"2024-01-18"
15801473,"Premium","N3",84,0,"2023-08-14"
15704509,"Basic","W1",60,0,"2023-08-18"
15694666,"Basic","W1",53,1,"2025-04-30"
15731166,"Premium","W1",99,0,"2024-08-30"
15728523,"Plus","N1",74,0,"2024-05-09"
15788442,"Basic","N3",92,1,"2024-04-28"
15689781,"Basic","N3",15,0,"2024-09-18"
15764226,"Plus","N2",100,0,"2023-12-25"
15809837,"Basic","S1",1,1,"2024-11-22"
15805212,"Plus","W1",22,0,"2024-01-08"
15716082,"Basic","S1",91,0,"2023-03-19"
15643056,"Basic","N2",93,0,"2023-11-23"
15654859,"Plus","N3",15,0,"2023-10-03"
15761158,"Basic","N2",74,0,"2023-12-18"
15577515,"Basic","S2",84,0,"2025-05-27"
15723827,"Basic","N2",22,0,"2023-07-01"
15646594,"Basic","N2",50,0,"2024-05-19"
15712877,"Plus","S2",48,0,"2024-08-29"
15598802,"Plus","S1",73,0,"2024-08-20"
15699340,"Plus","S2",51,0,"2024-01-24"
15691150,"Basic","N1",96,0,"2024-08-29"
15608688,"Basic","N2",17,0,"2023-12-01"
15737998,"Basic","N2",83,0,"2024-03-21"
15735837,"Premium","S1",91,1,"2024-05-23"
15659100,"Plus","N3",51,1,"2024-10-18"
15609070,"Plus","S2",37,0,"2023-09-05"
15627699,"Basic","N3",98,1,"2024-11-23"
15591010,"Basic","N1",49,0,"2023-10-20"
15798895,"Basic","S2",59,1,"2024-06-14"
15745375,"Basic","N1",10,0,"2023-05-18"
15775235,"Basic","N1",30,1,"2024-07-09"
15780088,"Premium","N1",85,0,"2025-01-07"
15649379,"Basic","W1",21,0,"2023-12-11"
15709252,"Basic","S2",34,0,"2023-02-06"
15699238,"Basic","S2",73,0,"2023-11-10"
15732884,"Premium","W1",98,1,"2023-08-08"
15587297,"Plus","S1",50,0,"2024-10-01"
15684722,"Plus","W1",76,0,"2023-05-23"
15621244,"Premium","N2",47,0,"2024-02-08"
15744273,"Basic","N3",85,0,"2024-11-25"
15682540,"Plus","N3",84,0,"2024-02-08"
15636521,"Basic","N1",6,1,"2024-07-08"
15785339,"Basic","S2",50,1,"2024-04-23"
1644496658,"Plus","S2",100,0,"2024-12-22"
15654625,"Plus","N1",63,1,"2024-07-13"
15697310,"Basic","N2",12,1,"2025-04-03"
15678210,"Basic","N3",41,0,"2023-08-08"
15575438,"Basic","W1",31,1,"2024-01-02"
15632789,"Basic","S1",2,0,"2023-07-15"
15621423,"Basic","N2",16,1,"2024-11-14"
15573520,"Basic","S2",1,0,"2025-01-18"
15740458,"Basic","N1",4,1,"2024-11-17"
15762799,"Plus","N3",47,1,"2023-02-01"
15686885,"Basic","N1",65,0,"2025-01-05"
15565996,"Basic","S2",52,0,"2023-02-23"
15662152,"Basic","N1",47,1,"2024-02-27"
15711742,"Premium","W1",99,1,"2024-11-28"
15701885,"Basic","N3",77,0,"2023-08-22"
15774262,"Basic","N1",50,1,"2025-04-08"
15567839,"Basic","N3",45,0,"2025-01-12"
15644400,"Plus","N1",42,1,"2023-04-20"
15797246,"Plus","N1",95,0,"2025-05-28"
15778290,"Plus","N3",84,0,"2023-04-10"
15708714,"Premium","W1",56,0,"2024-12-12"
15586183,"Plus","N1",71,0,"2023-07-30"
15761733,"Plus","W1",57,1,"2025-01-02"
15773934,"Basic","N2",33,0,"2024-02-07"
15705343,"Basic","S1",28,1,"2025-04-16"
15593959,"Premium","N2",44,1,"2023-05-30"
15664615,"Basic","S1",56,1,"2024-11-05"
15671014,"Basic","N2",44,0,"2024-01-29"
15657778,"Plus","S1",84,0,"2024-10-16"
15585192,"Basic","N1",96,0,"2023-09-15"
15592914,"Plus","N3",73,0,"2023-09-02"
15770995,"Plus","N3",34,1,"2023-05-30"
15570990,"Basic","S2",14,0,"2024-09-15"
15596165,"Plus","S1",68,1,"2023-04-09"
15788131,"Basic","S2",29,0,"2023-04-13"
15800773,"Basic","W1",79,0,"2024-12-23"
15690153,"Basic","W1",17,0,"2023-01-12"
15638989,"Plus","S2",83,1,"2025-06-11"
15623210,"Plus","S1",9,0,"2023-08-14"
15652658,"Basic","N3",27,0,"2025-03-23"
15684440,"Plus","S1",49,0,"2024-03-17"
15730287,"Basic","W1",79,1,"2023-05-28"
15720353,"Premium","N1",37,0,"2023-06-28"
15767231,"Basic","S2",28,0,"2023-01-07"
15761554,"Plus","S2",50,0,"2023-06-01"
15706637,"Basic","W1",55,1,"2025-04-14"
15690492,"Basic","S1",4,0,"2024-08-04"
15694237,"Basic","S2",85,1,"2023-12-19"
15729771,"Premium","N3",98,0,"2024-07-18"
15609823,"Basic","S2",19,0,"2024-11-04"
15793366,"Premium","S1",37,0,"2024-02-21"
15614813,"Basic","W1",4,0,"2024-08-27"
15566495,"Basic","N3",37,0,"2024-10-24"
15707602,"Basic","N3",51,1,"2024-07-23"
15635244,"Plus","S2",32,0,"2023-07-15"
15805627,"Basic","S1",45,0,"2023-11-21"
15607986,"Premium","S2",12,0,"2024-04-26"
15799785,"Premium","N1",41,0,"2023-07-27"
15699963,"Premium","W1",56,0,"2023-10-30"
15624595,"Basic","N1",80,0,"2023-10-26"
15629750,"Plus","N3",14,0,"2024-03-01"
15651460,"Plus","S2",54,0,"2023-03-03"
15753550,"Basic","N1",63,0,"2023-07-14"
15594133,"Plus","N2",65,1,"2024-07-20"
15772329,"Basic","N1",58,0,"2023-12-29"
15591552,"Basic","S2",96,0,"2024-07-14"
15750921,"Basic","S2",21,0,"2024-09-09"
15701687,"Basic","W1",4,0,"2023-03-19"
15728906,"Basic","N1",73,0,"2025-06-05"
15670029,"Basic","S2",46,0,"2023-10-11"
15763579,"Plus","S2",86,0,"2023-02-26"
15663194,"Basic","W1",12,0,"2024-11-11"
15736510,"Basic","W1",30,0,"2024-01-11"
15745804,"Basic","W1",94,0,"2024-01-11"
15631451,"Plus","W1",96,0,"2024-12-19"
15746995,"Plus","N2",60,1,"2025-02-10"
15730673,"Plus","N3",100,0,"2025-02-26"
15734649,"Plus","S2",71,1,"2024-01-08"
15701081,"Basic","S1",81,0,"2025-05-06"
15632503,"Plus","W1",65,0,"2024-11-05"
15585928,"Basic","N3",14,0,"2023-09-01"
15648681,"Basic","W1",44,0,"2025-01-31"
15718921,"Plus","N3",26,1,"2025-03-31"
15571081,"Basic","S1",91,0,"2023-02-08"
15734578,"Plus","N1",16,0,"2023-11-05"
15579583,"Plus","N2",7,1,"2024-09-24"
15622729,"Basic","S2",32,0,"2023-03-27"
15662189,"Basic","N1",89,0,"2023-04-09"
15692718,"Basic","S1",95,0,"2024-01-09"
15762716,"Premium","N2",16,1,"2025-01-27"
15724851,"Plus","N2",78,1,"2024-05-09"
15587266,"Basic","N2",89,0,"2025-05-09"
15675926,"Basic","S1",62,1,"2023-07-27"
15706268,"Plus","W1",30,0,"2024-09-16"
15581871,"Plus","W1",71,1,"2023-03-24"
15666166,"Basic","W1",12,0,"2024-07-30"
15671582,"Basic","N1",67,0,"2023-01-01"
15680901,"Premium","S2",91,0,"2024-03-12"
15642336,"Basic","N2",46,1,"2024-11-16"
15653147,"Basic","N2",83,1,"2023-09-07"
15571284,"Premium","N1",43,0,"2024-02-14"
15591360,"Plus","W1",55,0,"2025-01-07"
15810485,"Basic","N2",45,0,"2024-01-21"
15611973,"Basic","N2",60,1,"2025-03-06"
15735572,"Basic","S1",71,0,"2023-03-25"
15567860,"Basic","N3",80,1,"2024-05-04"
15795690,"Premium","N1",32,0,"2023-08-27"
15706464,"Basic","N1",8,0,"2024-06-23"
15725028,"Plus","W1",77,0,"2024-01-15"
15751167,"Premium","N1",62,1,"2025-03-09"
15633944,"Basic","W1",75,0,"2024-01-26"
15672637,"Basic","S1",20,0,"2023-11-24"
15680895,"Basic","S1",18,0,"2024-04-24"
15793825,"Premium","S2",6,1,"2023-10-31"
15611318,"Plus","W1",84,0,"2023-10-09"
15768474,"Basic","S1",96,0,"2024-11-25"
15716276,"Plus","W1",29,0,"2023-12-11"
15623668,"Plus","N1",4,0,"2023-05-15"
15696361,"Premium","S2",71,1,"2024-04-12"
15607988,"Basic","N3",43,0,"2023-12-27"
15637891,"Basic","N2",84,0,"2024-07-22"
15789865,"Premium","N2",34,1,"2023-04-25"
15627190,"Basic","S2",100,1,"2023-07-05"
15702149,"Basic","W1",71,0,"2024-04-22"
15708236,"Basic","W1",33,0,"2025-06-06"
15568469,"Basic","W1",15,0,"2023-01-01"
15764444,"Basic","N3",96,0,"2025-04-29"
15794204,"Premium","N2",86,0,"2024-06-24"
15807546,"Basic","S2",40,0,"2025-01-13"
15782159,"Basic","W1",93,1,"2024-10-23"
15618703,"Plus","S1",89,0,"2024-02-28"
15793317,"Basic","N1",5,0,"2024-12-02"
15740487,"Basic","N3",78,0,"2023-09-27"
15722479,"Plus","W1",50,0,"2025-01-29"
15688264,"Premium","N2",99,0,"2025-06-16"
15583067,"Plus","N1",66,0,"2024-02-23"
15686670,"Plus","S2",89,1,"2023-11-23"
15593345,"Basic","W1",54,1,"2023-07-14"
15811690,"Premium","N2",80,0,"2025-06-11"
15734008,"Basic","N1",46,0,"2023-09-12"
15771856,"Plus","S1",80,1,"2023-03-20"
15762045,"Basic","N3",11,0,"2025-05-24"
15778142,"Premium","S2",49,1,"2023-04-08"
15689268,"Plus","N2",99,0,"2023-05-30"
15721507,"Plus","S1",23,0,"2025-02-24"
15750476,"Basic","N3",55,0,"2025-03-24"
15810723,"Basic","N3",5,0,"2025-04-29"
15787229,"Plus","S1",64,0,"2024-03-22"
15570508,"Plus","N2",35,1,"2023-05-03"
15617065,"Basic","N3",93,0,"2024-09-01"
15689786,"Premium","S2",69,0,"2024-11-06"
15648876,"Premium","N1",54,1,"2024-07-11"
15802106,"Basic","S2",3,0,"2023-12-25"
15773869,"Plus","W1",6,0,"2023-08-27"
15711635,"Basic","N3",87,0,"2025-01-11"
15795527,"Basic","N1",56,0,"2025-03-15"
15759133,"Basic","S1",2,0,"2025-01-25"
15679394,"Plus","N1",82,0,"2024-06-13"
15801072,"Plus","N1",94,1,"2024-11-13"
15646082,"Basic","N1",38,0,"2025-05-21"
15796111,"Plus","N3",56,0,"2024-10-30"
15670646,"Plus","W1",5,0,"2023-07-23"
15578722,"Plus","W1",46,0,"2024-10-19"
15815095,"Basic","N2",11,1,"2023-05-23"
15730360,"Premium","W1",65,0,"2023-07-06"
15763194,"Basic","N3",10,0,"2024-05-02"
15720725,"Basic","N2",41,0,"2023-05-02"
15567834,"Basic","S1",44,0,"2023-12-16"
15720644,"Basic","S1",90,1,"2023-04-10"
15811742,"Premium","S1",33,0,"2023-10-11"
15813363,"Basic","S1",91,0,"2024-06-10"
15717629,"Plus","S1",56,1,"2024-01-19"
15713160,"Basic","S2",12,0,"2024-07-08"
15568878,"Basic","N3",2,0,"2025-03-11"
15809800,"Premium","N2",1,1,"2025-06-16"
15736420,"Plus","S1",65,0,"2023-07-06"
15757933,"Basic","S2",33,1,"2023-01-08"
15623072,"Basic","W1",86,1,"2024-09-15"
15683993,"Basic","S2",76,1,"2024-06-28"
15570947,"Basic","S2",36,0,"2024-02-23"
15797767,"Plus","N3",21,0,"2023-03-31"
15731989,"Plus","S1",84,1,"2024-05-10"
15591035,"Basic","S2",36,1,"2024-10-22"
15586479,"Premium","S2",26,1,"2024-12-24"
15605872,"Plus","S1",47,1,"2023-04-26"
15666012,"Basic","N3",95,1,"2024-11-15"
15641733,"Basic","S2",1,0,"2023-01-20"
15593178,"Plus","N2",38,0,"2025-06-09"
15649183,"Plus","N1",14,0,"2023-05-12"
15736399,"Basic","W1",90,0,"2023-10-19"
15751137,"Basic","N1",46,0,"2023-12-20"
15757188,"Basic","N1",42,0,"2023-08-25"
15726167,"Plus","N3",7,0,"2024-08-11"
15624850,"Basic","S2",55,1,"2023-08-11"
15717700,"Basic","N1",56,0,"2024-03-11"
15716347,"Plus","N1",76,0,"2024-09-29"
15696287,"Premium","W1",63,1,"2023-02-08"
15638871,"Premium","S1",24,1,"2023-11-23"
15765093,"Basic","S2",83,0,"2023-07-28"
15592999,"Basic","S2",73,0,"2023-04-16"
15641715,"Basic","W1",99,0,"2024-10-13"
15607746,"Basic","S1",4,0,"2023-09-06"
15625311,"Premium","S2",42,0,"2024-07-20"
15573077,"Basic","N2",96,0,"2024-09-21"
15735106,"Basic","W1",70,1,"2025-05-11"
15672912,"Basic","N3",28,0,"2024-11-18"
15589881,"Basic","S1",92,0,"2023-12-20"
15660144,"Plus","W1",40,0,"2024-04-14"
15664083,"Basic","N1",51,0,"2024-12-25"
15690898,"Basic","S2",29,0,"2023-09-22"
15808023,"Basic","N2",42,0,"2024-10-13"
15676909,"Basic","N2",69,1,"2024-04-08"
15764922,"Basic","N3",5,0,"2025-04-16"
15766734,"Plus","W1",41,1,"2025-04-30"
15795079,"Plus","N2",61,1,"2024-03-16"
15757434,"Plus","W1",55,0,"2023-10-11"
15673747,"Premium","S2",28,0,"2025-02-23"
15808386,"Premium","S2",41,0,"2024-06-17"
15603565,"Premium","N2",9,0,"2024-01-04"
15744044,"Basic","S2",29,0,"2024-11-29"
15577771,"Basic","W1",78,0,"2024-12-19"
15769548,"Basic","S2",38,1,"2024-10-20"
15802071,"Premium","N1",62,0,"2024-05-09"
15677395,"Premium","W1",54,0,"2023-06-03"
15632010,"Premium","S1",52,1,"2024-09-11"
15779492,"Basic","S2",34,1,"2023-11-12"
15694677,"Premium","S2",37,0,"2023-10-27"
15704315,"Basic","W1",49,0,"2024-03-15"
15742009,"Basic","N3",42,1,"2025-03-21"
15766663,"Basic","S1",14,1,"2023-05-31"
15742297,"Basic","S1",82,1,"2024-02-10"
15688059,"Basic","S1",33,0,"2023-06-24"
15752344,"Basic","N2",98,1,"2023-02-24"
15698749,"Basic","N1",92,0,"2025-02-17"
15631693,"Plus","N1",100,1,"2023-11-07"
15604536,"Premium","N3",87,0,"2023-06-03"
15802869,"Plus","S1",17,0,"2025-06-15"
15635598,"Basic","S1",75,0,"2024-05-14"
15592326,"Plus","S2",32,0,"2024-05-15"
15736533,"Premium","W1",79,0,"2023-07-09"
15622507,"Basic","N2",68,0,"2024-05-20"
15765487,"Basic","N2",39,0,"2023-05-29"
15646521,"Basic","N3",94,0,"2023-01-08"
15746258,"Basic","N1",10,1,"2024-10-21"
15692430,"Plus","S1",87,0,"2024-11-15"
15625501,"Premium","W1",24,1,"2024-08-15"
15640521,"Basic","N3",100,1,"2024-08-13"
15790630,"Plus","N2",58,0,"2024-04-13"
15664720,"Premium","N2",69,0,"2023-11-17"
15750055,"Premium","N2",64,1,"2024-07-25"
15644878,"Basic","S1",19,0,"2024-03-26"
15754578,"Premium","S1",8,0,"2024-08-29"
15705379,"Basic","S1",71,0,"2025-04-03"
15761047,"Plus","S2",40,0,"2023-05-08"
15671293,"Basic","N1",13,0,"2024-09-25"
15687527,"Basic","N2",27,1,"2023-10-14"
15647898,"Plus","N2",82,1,"2025-05-02"
15591248,"Basic","S2",88,1,"2023-03-28"
15676156,"Basic","N2",2,0,"2025-06-12"
15812918,"Basic","N2",16,1,"2023-03-22"
15604130,"Plus","S1",14,0,"2024-06-17"
15700549,"Basic","S1",17,1,"2023-09-09"
15715519,"Plus","N1",60,0,"2023-07-09"
15707042,"Basic","N2",70,0,"2025-04-03"
15605276,"Basic","N3",99,1,"2024-08-20"
15630592,"Basic","N2",17,0,"2024-04-28"
15636626,"Basic","N2",45,1,"2024-01-14"
15740411,"Basic","N1",38,0,"2024-03-31"
15593834,"Basic","N3",64,1,"2025-05-28"
15804235,"Premium","N2",6,0,"2023-01-08"
15679801,"Plus","W1",60,0,"2023-11-14"
15673907,"Basic","W1",49,0,"2023-11-30"
15636562,"Basic","N3",21,0,"2023-08-18"
15702571,"Premium","W1",99,1,"2024-10-25"
15627365,"Basic","S1",23,0,"2024-05-22"
15748499,"Basic","S1",76,0,"2025-02-28"
15598614,"Plus","N3",57,0,"2024-06-10"
15668889,"Plus","N2",64,0,"2024-04-19"
15800049,"Plus","N3",29,0,"2024-02-10"
15583724,"Basic","W1",27,0,"2023-10-14"
15622083,"Basic","N3",6,0,"2025-01-29"
15645571,"Plus","W1",21,1,"2025-02-05"
15598266,"Basic","S1",71,0,"2024-03-21"
15667934,"Basic","N3",41,0,"2023-12-09"
15569682,"Basic","S2",80,0,"2023-11-21"
15772941,"Basic","W1",5,0,"2025-05-26"
15586174,"Premium","S2",15,0,"2023-06-16"
15803682,"Plus","S1",21,0,"2024-08-15"
15627328,"Plus","N2",58,0,"2023-10-23"
15602456,"Basic","W1",4,1,"2024-08-03"
15721569,"Basic","N2",69,1,"2023-07-02"
15573798,"Basic","S1",7,1,"2025-04-18"
15638272,"Basic","N2",35,0,"2024-07-29"
15799859,"Premium","W1",36,0,"2025-02-14"
15599152,"Basic","N1",15,0,"2025-04-18"
15737909,"Basic","W1",92,1,"2023-03-27"
15646190,"Basic","W1",2,0,"2024-07-09"
15711249,"Plus","S2",57,0,"2025-03-16"
15671987,"Basic","N1",5,0,"2025-06-03"
15812766,"Basic","N1",71,0,"2023-05-29"
15778589,"Basic","N1",86,0,"2025-02-10"
15750104,"Premium","W1",95,0,"2025-04-02"
15784526,"Basic","S1",32,0,"2025-05-10"
15646563,"Premium","N1",72,0,"2023-02-28"
15744423,"Plus","N3",41,0,"2024-08-28"
15593694,"Basic","N2",42,1,"2025-04-14"
15785367,"Plus","S1",75,0,"2023-01-05"
15687765,"Basic","N3",65,0,"2023-03-24"
15789014,"Premium","W1",40,0,"2025-04-19"
15703177,"Basic","W1",83,0,"2024-01-18"
15660263,"Basic","N3",38,0,"2024-07-02"
15776545,"Basic","S2",42,0,"2024-04-23"
15683276,"Basic","S2",37,0,"2023-01-27"
15599272,"Premium","N3",56,0,"2024-06-08"
15589541,"Basic","S2",71,1,"2024-07-30"
15608804,"Plus","N2",55,0,"2024-02-18"
15645820,"Basic","N2",89,1,"2024-12-15"
15659031,"Premium","W1",54,0,"2023-06-29"
15790113,"Basic","S2",22,0,"2025-03-19"
156522890,"Basic","N1",27,0,"2024-04-08"
15605341,"Basic","N3",47,0,"2025-02-21"
15697844,"Plus","N2",38,0,"2024-06-10"
15587038,"Basic","S2",15,0,"2023-09-28"
15660528,"Basic","N2",66,0,"2024-04-28"
15700300,"Plus","N2",61,1,"2023-02-17"
15642001,"Basic","N1",60,1,"2024-11-24"
15580366,"Plus","S2",8,0,"2023-07-02"
15657228,"Basic","S2",44,0,"2025-04-19"
15729377,"Premium","S1",43,1,"2024-01-08"
15686913,"Premium","W1",6,0,"2024-12-26"
15631267,"Basic","N1",84,0,"2024-06-22"
15632275,"Basic","N2",27,0,"2024-05-21"
15715907,"Basic","N2",45,0,"2025-01-07"
15764841,"Basic","N3",23,0,"2024-10-31"
15771409,"Basic","W1",81,0,"2024-05-20"
15779207,"Plus","N2",13,0,"2024-07-25"
15814116,"Basic","S2",68,0,"2023-03-07"
15665087,"Premium","N2",84,0,"2024-11-16"
15611189,"Basic","S2",64,1,"2023-02-21"
15729718,"Plus","S2",25,1,"2024-04-14"
15733602,"Basic","N1",86,0,"2023-08-31"
15620103,"Basic","N2",52,0,"2023-12-03"
15770406,"Basic","N1",48,0,"2025-03-13"
15800554,"Basic","W1",61,0,"2025-01-25"
15611409,"Basic","S2",17,1,"2023-05-01"
15646535,"Plus","W1",40,1,"2024-07-07"
15575430,"Premium","N2",75,0,"2024-11-26"
15711299,"Basic","W1",89,1,"2023-02-14"
15642063,"Basic","W1",69,0,"2023-02-21"
15706602,"Basic","N2",85,0,"2023-05-31"
15592773,"Basic","N1",26,1,"2024-02-17"
15786539,"Basic","N1",80,0,"2024-06-24"
15737542,"Plus","S2",56,1,"2024-07-22"
15590234,"Premium","S2",40,0,"2024-05-12"
15773776,"Premium","N2",85,1,"2025-02-25"
15728082,"Basic","N2",96,0,"2023-07-28"
15609987,"Premium","S1",68,1,"2023-01-08"
15735330,"Plus","S1",8,0,"2024-01-26"
15649430,"Basic","N3",73,0,"2023-09-04"
15768777,"Basic","S2",45,1,"2024-01-30"
15777893,"Plus","W1",17,0,"2024-12-07"
15791326,"Basic","N3",41,0,"2025-04-13"
15615176,"Basic","N3",77,0,"2023-12-05"
15735221,"Basic","N1",9,1,"2024-02-16"
15617991,"Plus","W1",70,1,"2024-06-23"
15658504,"Basic","N1",91,0,"2023-12-11"
15785705,"Premium","S1",24,1,"2025-04-22"
15801817,"Plus","N3",73,0,"2023-10-23"
15752578,"Plus","S1",11,1,"2023-08-23"
15781574,"Basic","W1",35,0,"2024-10-03"
15792107,"Plus","W1",29,0,"2024-08-10"
15569917,"Basic","S2",8,0,"2024-03-20"
15721504,"Basic","N2",17,0,"2023-08-21"
15757306,"Basic","N1",71,0,"2025-01-11"
15647295,"Basic","S2",12,1,"2025-04-23"
15642098,"Plus","S2",79,1,"2025-05-31"
15696120,"Basic","N1",93,1,"2025-05-12"
15675176,"Basic","N1",50,0,"2023-11-06"
15700046,"Basic","W1",24,0,"2024-12-01"
15782089,"Premium","W1",37,0,"2024-04-22"
15706394,"Plus","N3",78,0,"2024-05-28"
15759387,"Plus","S1",11,0,"2023-12-02"
15623369,"Basic","W1",99,0,"2024-07-30"
15809909,"Basic","S2",81,0,"2023-02-21"
15642448,"Premium","N3",59,0,"2024-06-29"
15791944,"Basic","N3",55,1,"2023-10-28"
15768342,"Basic","S2",27,0,"2025-01-21"
15567919,"Plus","W1",67,1,"2024-10-02"
15674750,"Basic","S2",60,0,"2023-08-31"
15778345,"Plus","N2",2,0,"2023-12-22"
15687634,"Basic","W1",68,0,"2025-03-30"
15666096,"Basic","S1",18,0,"2025-04-14"
15581700,"Basic","S2",20,0,"2024-09-01"
15656417,"Basic","W1",85,1,"2024-08-10"
15649101,"Premium","N1",63,0,"2025-04-03"
15781975,"Plus","N2",78,0,"2024-03-17"
15700511,"Basic","S1",72,0,"2025-05-26"
15770255,"Basic","W1",2,0,"2024-12-31"
15643574,"Plus","N1",90,0,"2025-03-28"
15595010,"Plus","W1",83,0,"2024-09-04"
15580579,"Basic","N1",42,0,"2023-04-29"
15748532,"Basic","S1",28,0,"2024-02-13"
15773789,"Basic","N2",29,0,"2024-10-13"
15600027,"Plus","N1",69,1,"2024-01-06"
15620832,"Premium","N3",28,0,"2025-01-06"
15568819,"Basic","S1",60,0,"2025-02-05"
15748691,"Plus","S1",90,0,"2023-03-14"
15583552,"Basic","S2",5,0,"2024-03-24"
15588019,"Basic","N2",15,0,"2025-04-03"
15713250,"Basic","N3",73,0,"2025-03-28"
15569595,"Plus","N3",32,0,"2024-04-15"
15794868,"Basic","S2",52,1,"2023-06-05"
15576680,"Basic","N1",90,0,"2025-02-09"
15613699,"Basic","N1",37,0,"2024-07-29"
15609758,"Basic","N3",15,0,"2023-11-06"
15762392,"Basic","N2",41,1,"2023-02-05"
15693382,"Plus","N1",4,0,"2023-09-05"
15791769,"Basic","S1",53,1,"2024-03-03"
15712483,"Plus","W1",100,1,"2023-02-13"
15636454,"Basic","S2",84,1,"2024-03-28"
15710138,"Basic","N2",27,0,"2023-04-29"
15571571,"Basic","N1",21,1,"2023-12-15"
15638751,"Basic","W1",60,0,"2024-11-23"
15598574,"Basic","N3",86,1,"2024-01-23"
15796787,"Basic","S2",64,1,"2023-03-11"
15615670,"Plus","N1",71,0,"2025-05-19"
15705506,"Plus","N3",47,0,"2024-03-29"
15599535,"Basic","N1",54,0,"2023-09-24"
15768449,"Basic","S2",31,0,"2024-12-31"
15725002,"Basic","S1",17,0,"2024-03-13"
15611682,"Basic","S1",50,1,"2024-01-01"
15749964,"Basic","W1",7,0,"2024-12-02"
15678779,"Premium","N3",83,0,"2025-02-06"
15752601,"Basic","S1",28,0,"2023-07-06"
15758477,"Basic","S2",10,1,"2023-08-15"
15629133,"Basic","N3",27,1,"2023-03-02"
15604963,"Basic","N1",13,0,"2023-06-17"
15796413,"Plus","N2",66,0,"2023-05-12"
15812470,"Basic","N1",86,0,"2023-06-04"
15587443,"Basic","S2",84,0,"2025-02-22"
15689692,"Plus","W1",60,0,"2024-12-22"
15779586,"Basic","N3",43,1,"2023-01-07"
15667588,"Plus","N1",69,0,"2024-06-06"
15624423,"Plus","N3",63,0,"2024-12-12"
15591107,"Basic","S1",70,1,"2023-09-08"
15748986,"Plus","N2",99,0,"2024-07-29"
15620570,"Basic","S2",65,0,"2024-11-22"
15727811,"Basic","N1",99,0,"2024-10-01"
15707681,"Basic","N2",67,0,"2023-09-19"
15702030,"Basic","S2",54,0,"2023-04-30"
15673238,"Plus","S2",36,1,"2023-02-17"
15604196,"Premium","W1",71,1,"2023-03-10"
15769356,"Premium","S1",93,0,"2025-06-07"
15665590,"Plus","W1",15,0,"2023-09-19"
15572361,"Basic","W1",75,0,"2025-01-11"
15667460,"Basic","N3",18,0,"2025-02-02"
15654760,"Basic","N3",4,0,"2024-03-20"
15632669,"Basic","N2",88,0,"2024-04-23"
15613673,"Basic","S1",11,0,"2023-08-19"
15698522,"Premium","S2",6,1,"2023-08-12"
15741633,"Basic","S1",51,1,"2024-04-01"
15674583,"Basic","S1",58,1,"2024-12-19"
15665374,"Basic","N2",60,0,"2025-05-02"
15588854,"Plus","N3",18,0,"2024-01-01"
15810716,"Plus","S1",79,0,"2023-01-28"
15776921,"Plus","S1",67,1,"2025-05-26"
15569394,"Basic","S1",17,1,"2024-12-31"
15788215,"Plus","N1",97,1,"2025-04-28"
15641007,"Basic","S1",34,1,"2023-04-11"
15594651,"Premium","S1",30,0,"2023-02-27"
15575146,"Basic","S2",19,1,"2023-01-24"
15608916,"Basic","W1",9,1,"2024-02-19"
15666297,"Basic","N1",40,0,"2023-08-15"
15598586,"Plus","S1",44,1,"2023-06-18"
15665014,"Basic","W1",95,1,"2024-05-03"
15701738,"Premium","S1",59,0,"2023-09-03"
15650591,"Basic","N2",91,0,"2025-04-15"
15652667,"Basic","N2",25,0,"2024-12-24"
15679622,"Basic","W1",71,0,"2023-12-29"
15730150,"Basic","N1",53,0,"2024-04-09"
15813192,"Basic","S2",48,0,"2024-03-05"
15606554,"Basic","N1",71,0,"2025-02-16"
15611794,"Plus","N1",84,0,"2024-02-25"
15672357,"Basic","N2",53,1,"2023-01-21"
15711759,"Premium","N2",49,0,"2024-09-27"
15615296,"Plus","S2",43,1,"2024-01-04"
15699294,"Plus","S1",100,0,"2024-04-08"
15788634,"Basic","S2",19,0,"2023-04-07"
15660871,"Basic","S1",66,0,"2024-10-11"
15618258,"Basic","W1",34,1,"2024-05-06"
15722535,"Plus","W1",81,0,"2025-04-29"
15711977,"Premium","N3",88,0,"2023-12-19"
15690169,"Basic","N2",73,0,"2024-08-27"
15790689,"Basic","N3",54,0,"2023-04-05"
15665181,"Premium","N3",1,0,"2023-01-24"
15633608,"Basic","N2",92,0,"2024-01-15"
15805261,"Plus","N3",55,0,"2024-01-31"
15740356,"Basic","N1",15,1,"2024-02-08"
15808223,"Plus","S1",85,1,"2024-10-09"
15769980,"Basic","S2",15,0,"2025-04-25"
15675450,"Basic","N2",23,0,"2023-05-13"
15776494,"Plus","N1",66,1,"2023-02-23"
15592412,"Premium","W1",46,0,"2023-10-19"
15777452,"Basic","S2",100,0,"2023-04-22"
15692258,"Basic","S2",9,0,"2024-02-26"
15791045,"Plus","S2",66,0,"2023-05-11"
15807889,"Premium","N3",66,1,"2024-02-24"
15602043,"Plus","N3",18,1,"2023-10-05"
15807335,"Premium","N3",17,1,"2025-02-14"
15629985,"Basic","N3",72,1,"2025-06-12"
15679453,"Basic","N1",98,1,"2024-08-12"
15637315,"Plus","N3",34,0,"2025-02-13"
15691513,"Plus","N2",69,1,"2023-03-09"
15622289,"Basic","S2",64,0,"2024-07-27"
15715184,"Basic","N1",44,1,"2024-02-07"
15702801,"Plus","W1",29,0,"2025-05-24"
15719931,"Basic","N3",62,0,"2023-06-24"
15806081,"Basic","W1",92,0,"2023-10-07"
15796336,"Basic","S2",16,0,"2024-04-08"
15647306,"Plus","N1",78,0,"2024-01-25"
15742369,"Plus","S2",52,0,"2025-01-17"
15655859,"Basic","W1",2,1,"2023-05-16"
15675650,"Plus","N1",61,1,"2024-02-13"
15574119,"Plus","S1",4,1,"2023-08-12"
15754168,"Basic","N1",52,1,"2024-08-23"
15763029,"Plus","N3",41,1,"2024-09-10"
15765048,"Basic","W1",52,1,"2024-07-06"
15786215,"Basic","S2",31,0,"2024-11-28"
15707559,"Basic","S2",26,0,"2023-07-07"
15582129,"Basic","S2",27,1,"2025-05-27"
15687540,"Basic","N2",51,0,"2024-01-22"
15787196,"Plus","N2",98,0,"2023-01-09"
15670898,"Plus","N3",95,1,"2023-06-29"
15775433,"Plus","S1",48,0,"2024-11-28"
15700693,"Basic","N2",11,0,"2024-03-19"
15677955,"Basic","N1",8,0,"2024-08-16"
15570086,"Basic","W1",12,1,"2024-11-19"
15794875,"Basic","N3",99,1,"2024-08-28"
15673591,"Basic","S1",45,0,"2024-03-21"
15631756,"Plus","N1",34,0,"2023-04-26"
15757617,"Premium","S2",77,0,"2024-11-02"
15612729,"Basic","N2",91,0,"2023-09-02"
15637857,"Basic","N1",72,0,"2023-10-10"
15681007,"Plus","S1",47,0,"2023-08-01"
15593622,"Basic","N3",21,0,"2024-10-25"
15629273,"Plus","N1",41,0,"2024-11-08"
15765846,"Plus","N3",75,0,"2024-03-26"
15596013,"Premium","S2",22,0,"2024-10-16"
15722473,"Basic","S1",21,0,"2023-01-25"
15774936,"Plus","S1",28,0,"2024-12-12"
15685640,"Basic","N2",67,0,"2023-08-21"
15566563,"Plus","W1",71,0,"2024-05-30"
15768746,"Basic","S1",14,0,"2023-10-15"
15689952,"Basic","N1",79,0,"2024-11-15"
15725906,"Basic","N1",73,0,"2023-07-03"
15634501,"Basic","N1",52,1,"2023-09-08"
15571940,"Plus","S2",43,0,"2023-10-18"
15741643,"Plus","S1",71,0,"2025-03-08"
15806822,"Plus","S1",76,0,"2023-12-25"
15701166,"Basic","N1",19,0,"2024-09-15"
15718531,"Plus","N2",27,0,"2023-11-01"
15628308,"Basic","N2",18,0,"2023-12-16"
15585287,"Premium","S1",13,0,"2023-12-05"
15781619,"Premium","S1",1,0,"2024-04-23"
15805162,"Basic","N3",85,1,"2024-04-09"
15588535,"Plus","S1",34,0,"2023-05-10"
15775307,"Basic","N1",13,0,"2023-07-06"
15777616,"Basic","W1",51,1,"2024-02-25"
15692291,"Basic","S2",87,0,"2024-05-10"
15680843,"Basic","S1",1,1,"2024-06-24"
15641585,"Plus","S1",87,1,"2024-10-31"
15684358,"Basic","N1",28,1,"2025-06-04"
15806389,"Basic","N3",32,0,"2023-08-23"
15641860,"Plus","W1",72,0,"2023-10-05"
15814237,"Plus","S1",55,1,"2023-04-12"
15808780,"Premium","N2",26,0,"2024-04-03"
15767064,"Plus","N2",14,1,"2025-01-06"
15751177,"Plus","N2",88,0,"2025-02-25"
15613427,"Basic","S2",93,1,"2025-04-14"
15647259,"Basic","S2",68,0,"2023-08-20"
15748660,"Basic","W1",63,0,"2025-05-03"
15726695,"Basic","S1",82,0,"2023-10-01"
15757473,"Plus","S1",14,0,"2023-12-31"
15809509,"Basic","S1",27,0,"2024-04-22"
15715512,"Plus","S2",41,0,"2024-04-12"
15614168,"Basic","W1",3,0,"2024-09-16"
15679818,"Basic","S1",94,0,"2024-10-12"
15609928,"Basic","N1",59,0,"2024-12-28"
15731246,"Plus","N3",100,0,"2025-04-05"
15685243,"Plus","N2",23,0,"2023-10-01"
15638730,"Premium","N2",18,0,"2023-11-24"
15697034,"Basic","N1",74,0,"2025-05-10"
15699225,"Premium","S1",76,0,"2023-07-03"
15677387,"Basic","W1",41,1,"2025-04-03"
15759184,"Basic","W1",8,0,"2023-07-13"
15595991,"Premium","S2",32,0,"2025-03-01"
15681332,"Basic","S1",81,0,"2023-09-29"
15756299,"Plus","W1",41,0,"2023-10-27"
15566380,"Basic","S1",45,0,"2024-08-06"
15675963,"Plus","N2",78,0,"2023-07-15"
15674671,"Premium","N2",9,0,"2025-02-20"
15621466,"Basic","S2",90,0,"2023-11-27"
15607176,"Plus","N2",48,0,"2025-01-21"
15570299,"Basic","S1",24,0,"2024-04-30"
15613197,"Plus","N1",87,0,"2024-09-11"
15798885,"Basic","S2",95,1,"2024-05-13"
15714883,"Basic","N1",44,1,"2024-02-04"
15604497,"Basic","S1",58,0,"2024-02-01"
15773949,"Basic","S2",66,0,"2025-03-14"
15774164,"Premium","N1",18,0,"2025-03-22"
15774127,"Basic","S2",80,0,"2023-04-10"
15619016,"Basic","S1",29,0,"2023-03-22"
15795759,"Basic","W1",75,0,"2025-02-20"
15798844,"Basic","S2",2,0,"2025-05-10"
15717962,"Plus","W1",78,0,"2023-01-17"
15691504,"Premium","S1",68,0,"2024-12-05"
15693893,"Basic","S2",98,0,"2023-07-31"
15672499,"Premium","S2",39,0,"2025-05-14"
15750410,"Plus","W1",73,0,"2023-05-06"
15568904,"Basic","N2",41,0,"2025-04-01"
15649033,"Plus","W1",71,1,"2024-09-29"
15780989,"Basic","W1",81,1,"2023-05-10"
15771059,"Plus","W1",87,0,"2024-10-18"
15687852,"Premium","S1",75,1,"2025-02-06"
15695280,"Basic","N3",22,0,"2024-06-18"
15592751,"Premium","W1",82,0,"2023-08-02"
15598338,"Plus","S2",49,0,"2023-05-09"
15735784,"Basic","N1",28,0,"2024-06-07"
15629128,"Plus","N2",16,0,"2024-10-14"
15642870,"Basic","W1",68,0,"2024-04-06"
15637977,"Premium","W1",62,0,"2025-02-18"
15600792,"Plus","N2",36,0,"2023-02-26"
15576131,"Basic","W1",22,1,"2024-08-20"
15686588,"Basic","S2",11,0,"2023-10-01"
15761018,"Plus","N3",85,1,"2024-09-06"
15616029,"Basic","W1",80,0,"2023-12-05"
15761149,"Basic","N2",42,1,"2025-05-11"
15802758,"Basic","W1",55,1,"2023-05-23"
15647838,"Basic","S1",73,0,"2024-02-27"
15735968,"Basic","S2",35,0,"2023-11-30"
15581286,"Basic","S2",57,0,"2025-04-20"
15625445,"Basic","N3",34,1,"2024-11-18"
15600173,"Plus","S1",73,0,"2023-05-13"
15635143,"Basic","S1",77,0,"2025-05-05"
15664849,"Basic","N3",70,0,"2023-09-21"
15762455,"Basic","N1",4,1,"2023-05-27"
15797165,"Plus","W1",46,0,"2024-03-11"
15788189,"Basic","S1",92,0,"2023-01-12"
15780492,"Basic","N1",11,0,"2025-04-19"
15678497,"Basic","N1",98,0,"2023-02-24"
15588560,"Plus","S2",61,0,"2023-08-18"
15606003,"Plus","W1",35,0,"2023-05-02"
15611756,"Plus","S2",69,0,"2025-05-10"
15789563,"Plus","N2",57,0,"2023-08-21"
15702416,"Plus","S2",11,0,"2023-06-11"
15766288,"Basic","S1",12,0,"2024-08-16"
15667633,"Plus","S1",43,0,"2024-07-12"
15622774,"Basic","W1",19,1,"2025-05-25"
15755416,"Plus","N1",77,0,"2025-03-13"
15769915,"Plus","S1",68,0,"2024-05-14"
15643908,"Basic","S2",78,0,"2024-11-02"
15627395,"Basic","S2",59,0,"2023-06-28"
15679663,"Basic","W1",2,0,"2023-12-28"
15651581,"Plus","S2",8,0,"2023-07-27"
15596379,"Plus","N3",22,0,"2024-07-05"
15746674,"Premium","W1",77,1,"2024-12-26"
15801256,"Basic","W1",21,0,"2024-03-07"
15663808,"Plus","S1",85,0,"2024-03-31"
15598521,"Plus","W1",92,1,"2024-05-18"
15621457,"Premium","N2",97,0,"2025-05-13"
15764726,"Basic","S1",29,0,"2023-06-03"
15646374,"Basic","S1",86,1,"2023-12-04"
15716501,"Plus","N3",90,0,"2023-10-20"
15589948,"Plus","S1",75,0,"2024-03-11"
15811343,"Premium","N1",75,0,"2024-01-31"
15659677,"Basic","S2",98,0,"2023-06-15"
15594436,"Basic","S2",83,0,"2024-03-27"
15748995,"Premium","W1",37,1,"2025-02-22"
15677062,"Basic","N3",78,0,"2024-06-19"
15697201,"Plus","S2",29,0,"2024-02-05"
15666453,"Basic","N1",83,0,"2023-04-25"
15569867,"Basic","N3",37,1,"2023-12-17"
15711602,"Plus","N2",21,0,"2023-09-17"
15717736,"Plus","S2",88,0,"2025-03-28"
15750441,"Basic","S1",90,0,"2025-05-25"
15732791,"Basic","N1",12,0,"2023-08-14"
15775104,"Plus","N1",48,0,"2024-09-05"
15757607,"Basic","S2",83,1,"2024-04-30"
15793070,"Premium","W1",47,0,"2023-05-11"
15760456,"Basic","N2",94,0,"2023-09-21"
15665385,"Plus","S1",15,0,"2024-06-07"
15612418,"Premium","N2",67,0,"2025-04-13"
15727138,"Plus","N2",13,0,"2023-06-30"
15732061,"Basic","S2",59,1,"2023-12-15"
15776051,"Plus","S1",73,1,"2024-04-15"
15616530,"Basic","S2",13,0,"2023-06-10"
15632344,"Basic","S2",80,1,"2023-04-24"
15744979,"Premium","W1",78,0,"2023-01-18"
15745433,"Plus","N1",72,0,"2023-04-14"
15683657,"Plus","W1",19,1,"2023-07-05"
15718572,"Basic","W1",57,0,"2023-12-08"
15665783,"Basic","S2",32,1,"2024-04-06"
15652782,"Basic","W1",99,0,"2024-08-27"
15707025,"Plus","W1",87,1,"2025-03-23"
15647807,"Plus","N3",21,1,"2023-05-23"
15718281,"Basic","S1",82,0,"2024-10-16"
15660571,"Plus","N1",14,1,"2025-03-23"
15727857,"Basic","S1",80,1,"2024-09-03"
15639252,"Basic","N1",24,0,"2024-03-28"
15628144,"Basic","N3",49,0,"2024-03-26"
15683560,"Basic","S2",32,1,"2023-03-03"
15653275,"Basic","N1",75,1,"2024-08-18"
15622182,"Premium","N1",11,0,"2023-10-03"
15618437,"Basic","N1",60,0,"2024-11-09"
15783338,"Premium","N3",68,1,"2023-10-22"
15764491,"Basic","S1",61,0,"2023-05-09"
15712960,"Premium","N3",90,1,"2023-12-30"
15688157,"Plus","N1",5,0,"2023-03-08"
15579287,"Premium","W1",36,0,"2023-02-16"
15570931,"Basic","N1",97,0,"2024-01-09"
15615177,"Plus","W1",64,1,"2025-04-01"
15809906,"Premium","S2",78,0,"2024-10-21"
15652169,"Basic","N3",32,0,"2025-01-31"
15649450,"Basic","W1",71,0,"2023-05-17"
15777179,"Basic","N3",74,0,"2023-04-05"
15803538,"Premium","N2",66,0,"2023-08-26"
15610936,"Basic","S1",10,0,"2025-03-06"
15590094,"Basic","N2",99,0,"2025-04-11"
15572706,"Basic","W1",21,0,"2023-02-04"
15634564,"Basic","N2",40,0,"2023-10-23"
15684296,"Plus","S1",42,0,"2025-06-11"
15702293,"Basic","W1",72,0,"2025-05-19"
15642099,"Plus","S2",46,1,"2024-05-06"
15773273,"Premium","S2",82,0,"2023-09-15"
15613337,"Basic","S1",73,0,"2024-01-22"
15800482,"Plus","S1",41,0,"2023-09-27"
15640789,"Basic","W1",94,0,"2025-05-16"
15598892,"Plus","N3",4,0,"2023-11-20"
15606436,"Basic","W1",99,0,"2023-02-16"
15751227,"Plus","N3",14,0,"2024-08-28"
15812365,"Basic","N3",14,0,"2024-11-24"
15616088,"Basic","N3",53,0,"2024-12-02"
15803886,"Plus","W1",84,1,"2024-05-01"
15587311,"Basic","N1",29,0,"2024-07-16"
15617401,"Plus","N1",23,1,"2024-12-18"
15775886,"Basic","S2",85,0,"2025-03-26"
15807305,"Plus","N1",31,0,"2024-02-15"
15761717,"Basic","N1",96,1,"2025-04-24"
15628008,"Plus","N3",71,0,"2023-05-05"
15583755,"Basic","N3",77,0,"2023-07-31"
15661409,"Basic","S1",61,0,"2024-01-04"
15774250,"Basic","N3",23,1,"2023-09-23"
15681476,"Plus","W1",8,0,"2023-05-15"
15654870,"Basic","S1",76,0,"2025-06-02"
15790448,"Premium","S1",100,0,"2025-02-23"
15785326,"Premium","N1",16,0,"2025-02-28"
15592854,"Basic","N3",26,0,"2023-11-11"
15617486,"Plus","N1",29,1,"2023-10-27"
15806796,"Basic","N3",93,0,"2025-02-17"
15644699,"Basic","N1",6,0,"2023-10-25"
15622305,"Plus","N1",37,0,"2023-10-06"
15608209,"Plus","N1",33,0,"2024-01-09"
15626898,"Plus","W1",95,0,"2024-12-26"
15644297,"Basic","S2",46,1,"2024-05-02"
15731569,"Basic","N1",61,1,"2023-03-03"
15582149,"Basic","N2",41,1,"2025-05-28"
15802483,"Plus","N2",18,1,"2023-02-23"
15686999,"Basic","N2",95,0,"2023-12-04"
15772479,"Plus","W1",16,1,"2024-01-10"
15778884,"Basic","S1",51,1,"2025-05-26"
15623630,"Basic","N1",37,1,"2024-04-18"
15774316,"Basic","N2",14,1,"2023-04-22"
15695097,"Basic","W1",68,0,"2023-09-26"
15645404,"Basic","S1",30,0,"2023-11-20"
15750574,"Plus","N2",60,0,"2024-09-10"
15636812,"Premium","N3",53,0,"2025-03-05"
15712068,"Basic","S2",97,0,"2025-06-01"
15652030,"Basic","N1",36,1,"2024-11-10"
15577398,"Basic","S2",30,1,"2024-08-08"
15756848,"Premium","S2",64,0,"2025-01-17"
15656005,"Premium","N3",23,0,"2023-03-26"
15722632,"Basic","N3",48,0,"2024-01-07"
15794356,"Basic","S1",28,0,"2023-03-16"
15659656,"Premium","N2",7,0,"2024-08-18"
15709142,"Basic","N1",42,0,"2025-01-26"
15627042,"Plus","N3",10,0,"2024-05-22"
15627517,"Basic","W1",68,0,"2023-08-16"
15803032,"Basic","N1",44,1,"2024-08-17"
15665129,"Basic","N1",13,0,"2024-01-29"
15628272,"Plus","N1",85,1,"2023-01-15"
15678206,"Plus","N3",33,0,"2025-03-23"
15678427,"Basic","N3",92,0,"2023-06-30"
15678067,"Premium","N2",87,0,"2024-05-22"
15793331,"Basic","N3",32,1,"2023-12-04"
15699532,"Basic","N3",48,0,"2023-09-20"
15605827,"Basic","N1",5,0,"2023-03-19"
15643635,"Basic","N2",61,1,"2023-08-17"
15787710,"Basic","S2",90,1,"2025-01-14"
15614137,"Premium","N3",90,0,"2023-01-30"
15754494,"Basic","W1",3,1,"2024-01-09"
15803479,"Basic","N3",24,1,"2023-06-04"
15709639,"Basic","S2",98,1,"2025-03-27"
15601719,"Plus","N1",34,1,"2023-07-04"
15772482,"Premium","N2",84,0,"2024-03-23"
15591489,"Basic","N1",94,0,"2025-05-18"
15629002,"Basic","S1",42,0,"2024-03-22"
15798053,"Basic","N3",20,0,"2024-03-07"
15753895,"Basic","W1",41,1,"2025-02-05"
15595426,"Basic","S1",82,1,"2023-06-18"
15645815,"Basic","N3",20,1,"2023-03-22"
15632848,"Basic","S1",6,1,"2025-03-08"
15703068,"Basic","S2",57,0,"2023-07-29"
15791513,"Basic","N3",42,1,"2023-09-16"
15587210,"Premium","W1",25,0,"2024-07-02"
15793803,"Premium","N3",41,0,"2023-10-13"
15787756,"Plus","S1",41,0,"2023-02-23"
15723437,"Basic","N2",3,0,"2024-04-13"
15702715,"Basic","S1",43,1,"2024-01-04"
15809872,"Basic","N3",46,0,"2024-12-24"
15644295,"Plus","N3",57,1,"2025-05-03"
15778694,"Basic","N2",83,0,"2023-04-10"
15759555,"Premium","N1",74,1,"2024-08-19"
15631406,"Premium","N2",51,1,"2024-12-25"
15616676,"Basic","N1",5,1,"2025-02-14"
15771154,"Plus","W1",86,0,"2024-08-20"
15697691,"Basic","N3",73,1,"2024-07-28"
15665180,"Basic","S2",97,0,"2024-03-22"
15752588,"Basic","S2",15,1,"2023-07-11"
15743051,"Basic","S1",88,0,"2024-02-18"
15571873,"Premium","N2",94,0,"2024-04-26"
15679743,"Basic","N2",100,0,"2023-04-03"
15769412,"Basic","S2",39,0,"2023-09-10"
15775124,"Plus","N1",70,1,"2024-10-11"
15732113,"Plus","N2",79,0,"2024-07-14"
15578141,"Basic","N1",38,1,"2024-09-24"
15595874,"Premium","N1",39,0,"2023-02-08"
15755642,"Plus","N1",52,1,"2024-06-29"
15576526,"Basic","N1",86,0,"2023-12-24"
15792489,"Basic","S1",3,0,"2025-02-16"
15733705,"Basic","S1",29,1,"2023-01-09"
15807221,"Plus","S2",93,1,"2023-07-07"
15573045,"Plus","S1",31,0,"2024-08-30"
15756824,"Plus","W1",66,0,"2024-10-06"
15773520,"Basic","N2",99,0,"2024-11-05"
15627439,"Basic","W1",45,0,"2023-05-19"
15701439,"Basic","S1",73,0,"2023-10-25"
15785352,"Basic","N2",22,0,"2023-03-21"
15616525,"Plus","N2",83,0,"2024-08-25"
15717489,"Plus","N1",10,0,"2023-09-13"
15795737,"Basic","S2",21,0,"2024-10-21"
15693877,"Basic","N1",17,0,"2023-06-28"
15576111,"Basic","N1",67,1,"2023-09-14"
15595713,"Basic","W1",7,0,"2023-08-06"
15808868,"Basic","S1",36,0,"2023-09-24"
15708193,"Basic","W1",67,0,"2023-11-13"
15697801,"Basic","S1",77,1,"2024-08-13"
15800524,"Basic","W1",30,0,"2024-11-09"
15686236,"Basic","N2",87,0,"2024-09-07"
15659807,"Basic","S1",71,0,"2025-03-26"
15736078,"Plus","S1",94,1,"2025-04-29"
15620836,"Basic","W1",29,0,"2023-10-11"
15698184,"Premium","N3",72,0,"2023-12-11"
15717643,"Basic","N2",74,0,"2024-12-27"
15776596,"Basic","N2",33,1,"2023-03-16"
15814757,"Basic","N3",59,0,"2025-01-06"
15812607,"Basic","W1",20,0,"2023-12-02"
15663888,"Plus","W1",93,1,"2025-03-14"
15748882,"Basic","N2",29,1,"2025-05-04"
15690829,"Premium","W1",53,1,"2024-08-04"
15695819,"Premium","S2",85,0,"2023-12-29"
15696834,"Basic","S2",1,0,"2023-07-09"
15797710,"Basic","N3",34,0,"2024-04-16"
15700654,"Plus","S1",44,1,"2023-04-16"
15583764,"Basic","S2",96,1,"2023-03-11"
15688849,"Plus","W1",14,1,"2024-06-05"
15661473,"Basic","N3",37,1,"2023-08-02"
15601030,"Basic","S2",35,1,"2024-05-31"
15789557,"Basic","N1",59,0,"2023-01-28"
15590349,"Basic","N3",24,0,"2023-11-11"
15741693,"Premium","N2",65,0,"2025-01-22"
15618446,"Basic","S2",6,0,"2024-05-21"
15766552,"Plus","N2",68,0,"2023-08-24"
15668775,"Basic","N3",38,1,"2023-04-02"
15757895,"Basic","S2",1,0,"2025-04-09"
15774551,"Basic","N2",41,1,"2025-05-06"
15684011,"Basic","S1",31,1,"2023-12-29"
15736146,"Basic","S1",36,0,"2023-02-07"
15656286,"Basic","N1",73,0,"2024-12-31"
15774847,"Plus","W1",54,0,"2024-10-25"
15619340,"Basic","N3",87,0,"2024-12-04"
15815656,"Basic","W1",31,0,"2024-09-24"
15623357,"Plus","W1",29,0,"2024-05-05"
15601324,"Plus","N2",85,0,"2024-11-13"
15715510,"Basic","N1",3,0,"2023-04-20"
15779267,"Basic","N3",58,0,"2023-05-24"
15597957,"Premium","S1",90,0,"2024-07-31"
15584620,"Plus","W1",61,0,"2025-04-13"
15750772,"Basic","N2",6,0,"2023-07-16"
15706557,"Basic","W1",20,1,"2023-02-15"
15594391,"Plus","S2",61,0,"2023-05-29"
15661656,"Basic","S1",46,1,"2024-07-25"
15631217,"Premium","W1",13,0,"2023-05-18"
15588955,"Basic","S2",23,0,"2024-05-04"
15758252,"Plus","S2",79,0,"2024-02-06"
15740223,"Basic","N2",31,1,"2024-08-24"
15805413,"Basic","N2",4,1,"2024-12-24"
15635116,"Premium","S2",75,0,"2024-11-11"
15764892,"Basic","N1",66,1,"2024-09-16"
15795936,"Basic","W1",16,0,"2023-12-07"
15655232,"Basic","S2",31,0,"2024-07-31"
15640133,"Basic","S2",48,0,"2023-10-29"
15751524,"Basic","N2",43,0,"2023-04-28"
15670552,"Plus","W1",4,0,"2025-01-06"
15623966,"Basic","N3",62,0,"2023-05-31"
15752193,"Basic","S1",48,1,"2023-06-16"
15607269,"Basic","N2",28,1,"2024-08-29"
15700752,"Plus","W1",16,1,"2025-02-10"
15777901,"Plus","W1",89,0,"2024-02-29"
15639117,"Basic","N1",77,0,"2025-02-09"
15720203,"Basic","S1",69,0,"2024-03-12"
15586236,"Premium","N2",30,0,"2024-09-23"
15676645,"Basic","N2",65,1,"2023-03-15"
15715988,"Premium","N3",69,0,"2023-12-28"
15603749,"Premium","N1",14,0,"2023-04-06"
15608956,"Plus","N1",75,0,"2023-10-19"
15733872,"Basic","W1",34,1,"2023-06-26"
15666982,"Plus","W1",56,0,"2023-01-27"
15602647,"Plus","N2",29,1,"2025-03-31"
15623063,"Plus","N3",82,0,"2023-11-01"
15682928,"Basic","N2",79,0,"2024-12-23"
15729246,"Basic","S2",25,1,"2025-05-19"
15588928,"Basic","W1",94,0,"2025-02-07"
15803352,"Basic","S2",66,0,"2025-04-09"
15607485,"Plus","N3",40,0,"2023-07-24"
15761783,"Basic","N2",91,0,"2025-05-16"
15716605,"Basic","W1",15,0,"2024-07-31"
15757425,"Basic","N3",32,0,"2024-10-23"
15603096,"Plus","N2",20,1,"2024-11-09"
15588580,"Premium","N2",53,0,"2023-08-08"
15770539,"Basic","S2",78,0,"2023-10-27"
15572022,"Basic","S1",91,0,"2023-09-15"
15571843,"Basic","N1",67,0,"2024-12-15"
15752502,"Plus","W1",49,0,"2023-08-28"
15609058,"Plus","N1",67,1,"2025-04-06"
15708904,"Premium","N3",77,1,"2023-08-17"
15600086,"Basic","N1",89,0,"2024-04-18"
15814675,"Premium","S2",82,0,"2023-06-05"
15572777,"Basic","S1",1,0,"2023-08-06"
15585106,"Plus","W1",39,0,"2024-04-09"
15738936,"Basic","N2",61,1,"2023-07-14"
15750970,"Premium","N2",55,0,"2023-09-27"
15725772,"Basic","S2",69,1,"2024-06-11"
15692106,"Plus","W1",2,0,"2025-01-22"
15791533,"Plus","N1",94,0,"2025-02-02"
15715715,"Basic","N2",17,0,"2024-07-16"
15785576,"Basic","N1",29,0,"2023-12-22"
15744127,"Premium","S2",4,1,"2024-06-23"
15637427,"Basic","N2",73,0,"2024-04-20"
15576990,"Basic","N3",64,0,"2024-07-18"
15615352,"Basic","S1",85,0,"2023-11-04"
15647333,"Plus","N1",43,1,"2024-09-19"
15572050,"Basic","W1",76,1,"2024-02-13"
15581370,"Basic","N1",12,0,"2024-03-16"
15813503,"Basic","N1",50,1,"2024-06-04"
15793135,"Basic","N1",68,0,"2024-06-06"
15599182,"Premium","S2",61,1,"2024-04-29"
15689517,"Premium","S2",92,1,"2024-09-10"
15641366,"Plus","W1",73,0,"2025-03-23"
15588859,"Basic","S2",51,0,"2025-05-02"
15732293,"Premium","W1",96,1,"2023-09-15"
15568032,"Basic","W1",77,0,"2024-11-24"
15623525,"Basic","S2",98,1,"2023-06-19"
15606601,"Premium","N2",83,0,"2024-04-05"
15800811,"Plus","S2",78,0,"2025-04-16"
15610711,"Plus","N2",5,1,"2024-10-12"
15809654,"Plus","N3",91,0,"2025-03-07"
15576077,"Basic","S2",28,0,"2023-04-21"
15643378,"Basic","N3",90,0,"2024-08-26"
15566790,"Plus","S2",10,0,"2023-08-08"
15774402,"Basic","N3",88,0,"2023-01-05"
15694641,"Basic","S1",81,1,"2024-06-15"
15605916,"Plus","N3",52,1,"2024-09-04"
15812356,"Plus","N2",80,0,"2023-10-22"
15644179,"Basic","N1",17,1,"2024-04-02"
15771674,"Plus","W1",65,1,"2024-10-30"
15623314,"Plus","N3",21,1,"2025-06-13"
15613292,"Plus","N1",54,1,"2024-05-27"
15813871,"Basic","S1",49,0,"2023-07-31"
15759480,"Basic","S1",22,0,"2023-04-29"
15587712,"Basic","N2",69,0,"2024-01-20"
15671165,"Basic","N2",64,1,"2023-09-17"
15620746,"Basic","N3",36,0,"2024-02-03"
15706537,"Basic","S2",21,0,"2023-06-24"
15589312,"Basic","S1",56,0,"2024-02-18"
15741180,"Premium","N1",73,1,"2023-05-14"
15733888,"Basic","S2",91,1,"2023-04-12"
15798532,"Plus","S1",48,0,"2024-01-20"
15577359,"Plus","N3",76,1,"2024-03-30"
15614936,"Basic","S1",18,1,"2023-03-03"
15747647,"Premium","N2",99,0,"2024-07-19"
15588566,"Plus","N1",15,0,"2025-03-27"
15570141,"Basic","N1",44,0,"2023-01-07"
15800793,"Plus","N2",94,0,"2025-05-17"
15572415,"Basic","S2",45,1,"2024-05-29"
15635125,"Plus","N2",97,1,"2023-11-28"
15636551,"Basic","N1",36,1,"2024-01-14"
15600912,"Plus","N3",40,0,"2024-03-20"
15768476,"Basic","S2",51,1,"2023-12-01"
15650266,"Plus","W1",30,0,"2024-04-12"
15621004,"Basic","S1",26,0,"2024-10-22"
15748352,"Plus","W1",85,0,"2023-10-15"
15788920,"Plus","N3",31,1,"2023-01-12"
15743236,"Basic","W1",56,1,"2023-04-14"
15637717,"Plus","S2",61,0,"2024-09-14"
15635500,"Basic","N1",17,0,"2023-09-20"
15634792,"Premium","N1",81,0,"2024-03-10"
15607560,"Basic","N3",98,0,"2023-06-22"
15727177,"Plus","W1",24,0,"2024-08-29"
15774358,"Plus","S2",97,0,"2023-11-17"
15791304,"Basic","S1",4,1,"2024-12-15"
15603328,"Basic","W1",9,1,"2023-02-14"
15804937,"Basic","W1",2,0,"2024-06-29"
15804142,"Plus","S1",35,0,"2023-07-30"
15608845,"Basic","N2",38,1,"2025-01-06"
15702434,"Basic","N3",45,0,"2024-02-21"
15632609,"Plus","S2",15,0,"2023-09-21"
15603550,"Basic","N3",42,0,"2023-10-28"
15755239,"Plus","S1",3,0,"2024-03-31"
15670528,"Basic","S2",31,0,"2023-08-14"
15732704,"Basic","N1",52,0,"2023-04-14"
15589019,"Plus","N1",41,0,"2023-08-09"
15677796,"Basic","S2",57,0,"2023-11-30"
15760177,"Basic","N3",42,0,"2024-02-22"
15636595,"Premium","N3",53,1,"2023-10-28"
15737275,"Basic","N1",56,1,"2024-09-26"
15672905,"Premium","N1",87,0,"2024-04-29"
15753955,"Premium","S1",76,0,"2024-04-01"
15708504,"Basic","S2",72,0,"2024-03-11"
15592451,"Basic","N3",53,0,"2024-01-29"
15790455,"Plus","S1",85,1,"2025-01-03"
15572174,"Basic","N3",85,0,"2023-02-12"
15656330,"Basic","N1",32,0,"2023-07-29"
15569626,"Plus","S2",81,0,"2025-04-28"
15608726,"Basic","N2",54,0,"2023-01-11"
15637366,"Premium","S2",37,0,"2023-08-04"
15778049,"Basic","W1",88,1,"2023-06-13"
15727421,"Basic","N2",8,0,"2023-08-13"
15688865,"Basic","S1",82,0,"2025-01-06"
15751032,"Premium","N2",11,1,"2023-09-03"
15734737,"Plus","N2",54,0,"2024-10-19"
15746515,"Plus","S1",60,0,"2024-12-03"
15664311,"Basic","S2",10,1,"2025-02-11"
15768574,"Basic","W1",70,1,"2023-01-16"
15738018,"Basic","N1",81,0,"2023-07-13"
15699753,"Plus","N1",87,1,"2023-01-09"
15703199,"Plus","N2",42,1,"2024-05-28"
15627830,"Basic","S1",37,0,"2023-10-20"
15570855,"Premium","S1",92,1,"2023-03-25"
15772503,"Basic","S1",80,0,"2023-07-28"
15584453,"Premium","W1",76,0,"2023-02-27"
15710111,"Basic","W1",58,0,"2025-04-30"
15618562,"Basic","S2",85,1,"2024-05-26"
15706764,"Basic","N3",59,1,"2024-09-09"
15798737,"Basic","N3",24,1,"2024-10-09"
15712608,"Plus","N3",28,1,"2025-03-30"
15636736,"Basic","S2",37,1,"2023-11-27"
15703544,"Basic","S1",21,0,"2024-04-05"
15815645,"Plus","N3",33,1,"2024-08-11"
15705739,"Plus","S1",2,1,"2023-11-21"
15709643,"Plus","N2",83,1,"2023-07-29"
15669805,"Basic","N3",28,1,"2025-01-13"
15775131,"Plus","N2",15,0,"2023-05-05"
15765283,"Plus","S2",1,0,"2024-11-22"
15628715,"Basic","N1",28,1,"2024-04-06"
15813283,"Basic","W1",50,0,"2023-10-17"
15745716,"Basic","S2",35,0,"2023-08-02"
15598485,"Basic","S2",96,1,"2024-03-07"
15696552,"Basic","S2",28,0,"2023-04-07"
15754569,"Basic","N3",9,1,"2023-09-06"
15701741,"Plus","N2",24,1,"2024-05-17"
15572631,"Plus","W1",63,0,"2025-01-02"
15636069,"Premium","N3",4,1,"2024-06-08"
15682467,"Plus","N1",56,0,"2024-05-19"
15790744,"Basic","W1",41,1,"2025-03-28"
15625023,"Premium","S2",67,0,"2023-04-01"
15731267,"Premium","S1",48,1,"2024-12-05"
15742879,"Basic","N1",86,0,"2024-12-11"
15757015,"Plus","N2",58,0,"2025-02-10"
15770711,"Premium","N1",39,1,"2024-07-29"
15569430,"Basic","N3",25,0,"2025-04-21"
15617304,"Premium","S1",60,1,"2025-01-13"
15704466,"Basic","N3",86,1,"2025-01-08"
15664681,"Basic","W1",47,0,"2023-06-16"
15605534,"Basic","S2",98,1,"2023-09-08"
15792473,"Plus","S2",61,0,"2024-03-22"
15802625,"Plus","N1",84,0,"2023-07-05"
15766017,"Premium","S2",100,0,"2023-09-06"
15762172,"Basic","S2",27,0,"2025-02-22"
15728333,"Basic","W1",96,0,"2023-12-06"
15792868,"Plus","N2",42,0,"2024-03-21"
15605698,"Plus","N2",52,0,"2023-05-18"
15777060,"Basic","N3",93,0,"2023-04-19"
156262430,"Basic","N3",48,1,"2025-04-09"
15719898,"Plus","N2",32,0,"2024-02-21"
15599976,"Plus","N1",24,0,"2024-03-01"
15752809,"Basic","N2",3,0,"2023-02-13"
15589698,"Basic","N3",27,0,"2023-12-08"
15609977,"Premium","S1",73,1,"2025-04-28"
15750121,"Plus","S2",40,1,"2023-07-20"
15734177,"Basic","W1",23,0,"2024-01-13"
15781347,"Basic","S1",7,0,"2023-04-14"
15592025,"Plus","S1",81,1,"2024-04-02"
15670163,"Basic","S2",37,1,"2024-02-19"
15765402,"Basic","N2",7,0,"2024-09-23"
15624343,"Basic","N1",94,1,"2024-02-06"
15602354,"Basic","S1",77,0,"2024-01-25"
15579183,"Plus","N1",82,0,"2023-12-28"
15584899,"Basic","W1",95,0,"2024-03-09"
15723658,"Plus","W1",22,1,"2024-01-18"
15803965,"Basic","W1",78,1,"2023-01-28"
15682489,"Basic","N3",82,0,"2023-04-17"
15813645,"Basic","S1",99,0,"2025-03-02"
15766787,"Premium","W1",17,0,"2024-06-23"
15687171,"Premium","N3",19,0,"2023-07-05"
15690744,"Basic","W1",95,0,"2023-07-14"
15707974,"Plus","N2",39,0,"2023-05-26"
15673084,"Plus","S1",36,0,"2025-02-10"
15814772,"Premium","N3",15,0,"2025-05-21"
15743709,"Basic","W1",63,0,"2024-11-19"
15737414,"Plus","N3",29,0,"2023-05-08"
15788480,"Basic","W1",60,0,"2025-06-14"
15568519,"Basic","N2",56,0,"2023-04-16"
15792453,"Premium","N1",40,0,"2024-02-20"
15658100,"Basic","W1",16,0,"2023-12-18"
15695197,"Basic","N1",33,0,"2024-01-18"
15749807,"Basic","S1",89,1,"2024-12-23"
15773876,"Plus","N2",16,0,"2023-12-15"
15591698,"Plus","S1",30,0,"2024-04-25"
15712813,"Basic","N1",98,0,"2025-04-13"
15763898,"Premium","N2",66,0,"2023-11-10"
15793324,"Basic","S2",44,0,"2024-06-06"
15757759,"Basic","N2",38,1,"2025-05-28"
15796230,"Premium","N2",51,1,"2023-12-26"
15611729,"Basic","S2",60,1,"2023-11-17"
15709531,"Basic","N3",18,0,"2024-01-19"
15650751,"Basic","N3",5,0,"2023-01-17"
15641413,"Plus","N3",40,1,"2024-01-05"
15753840,"Basic","N1",6,0,"2025-04-27"
15669994,"Premium","N2",76,1,"2023-03-07"
15695301,"Plus","W1",12,0,"2025-06-04"
15792004,"Basic","S2",12,1,"2023-04-23"
15603035,"Plus","W1",73,0,"2024-10-05"
15717286,"Basic","N1",22,0,"2024-02-20"
15577107,"Basic","S2",49,0,"2023-03-12"
15754747,"Plus","W1",50,0,"2023-03-02"
15705676,"Premium","N1",80,1,"2024-03-19"
15751912,"Basic","N1",4,0,"2023-11-10"
15677336,"Basic","N1",50,0,"2024-04-27"
15684395,"Basic","S2",3,1,"2023-09-01"
15659949,"Basic","W1",16,0,"2025-03-31"
15812422,"Basic","W1",14,0,"2024-05-31"
15637690,"Basic","S1",64,1,"2024-01-05"
15632882,"Plus","N1",41,1,"2023-11-13"
15807107,"Basic","N3",68,1,"2023-01-21"
15661034,"Basic","N2",59,1,"2024-11-28"
15785167,"Plus","S1",2,1,"2024-12-21"
15646720,"Plus","S1",10,1,"2023-08-19"
15658614,"Basic","S2",75,0,"2024-06-09"
15704657,"Basic","S1",90,0,"2025-05-13"
15567147,"Plus","W1",26,1,"2024-08-13"
15701319,"Basic","S2",4,0,"2024-04-13"
15745266,"Basic","S2",90,0,"2024-11-24"
15650437,"Plus","N3",28,1,"2023-03-19"
15764314,"Basic","N1",2,1,"2025-03-19"
15612594,"Basic","S1",66,0,"2025-02-22"
15593501,"Basic","N1",16,0,"2024-07-16"
15804150,"Basic","N1",57,0,"2025-02-07"
15649297,"Basic","N1",23,0,"2025-03-18"
15641110,"Premium","S2",23,0,"2024-06-13"
15660608,"Basic","N1",77,0,"2023-10-17"
15806570,"Basic","S1",21,0,"2023-08-06"
15715345,"Basic","S2",25,0,"2023-04-10"
15755521,"Premium","S1",58,1,"2023-05-29"
15579074,"Basic","S2",37,1,"2024-01-20"
15641158,"Basic","N2",49,0,"2023-06-04"
15752507,"Premium","N2",77,0,"2024-01-30"
15597983,"Basic","N2",15,0,"2024-01-11"
15586069,"Basic","N2",28,1,"2023-04-12"
15655082,"Basic","S2",67,0,"2024-09-18"
15720155,"Basic","N1",87,1,"2025-02-20"
15749365,"Basic","N3",4,1,"2023-04-02"
15632069,"Plus","W1",47,0,"2024-02-15"
15663134,"Basic","N3",50,0,"2024-02-10"
15766683,"Plus","N2",60,1,"2023-01-21"
15707219,"Basic","N1",62,0,"2024-09-23"
15709232,"Basic","S1",67,0,"2024-02-12"
15801351,"Basic","N1",72,0,"2023-01-19"
15578747,"Premium","S1",43,0,"2024-06-19"
15675626,"Basic","N3",89,0,"2024-06-21"
15583736,"Plus","N1",58,1,"2023-06-02"
15590011,"Basic","N1",52,0,"2023-10-28"
15609913,"Basic","W1",76,1,"2025-05-25"
15719479,"Basic","N3",69,0,"2024-02-17"
15575147,"Basic","N1",97,0,"2023-07-21"
15597309,"Basic","S1",46,0,"2023-05-19"
15648367,"Basic","N1",25,1,"2025-03-02"
15758031,"Plus","S1",25,0,"2023-01-24"
15751771,"Basic","N2",35,1,"2023-01-12"
15689288,"Plus","N1",61,0,"2023-05-15"
15731026,"Basic","S1",15,1,"2023-03-22"
15775809,"Basic","N3",90,0,"2023-12-21"
15743076,"Plus","N2",74,0,"2023-03-11"
15658258,"Basic","N1",88,0,"2023-07-23"
15756321,"Basic","W1",35,0,"2024-08-13"
15706799,"Plus","S1",29,0,"2023-10-06"
15775703,"Premium","W1",38,0,"2024-12-11"
15642636,"Basic","N1",69,1,"2024-01-14"
15704651,"Basic","S1",24,0,"2023-10-21"
15806771,"Premium","N1",19,0,"2024-02-19"
15566735,"Basic","N2",46,1,"2025-03-07"
15681671,"Plus","N2",49,0,"2024-03-03"
15775949,"Basic","N1",44,0,"2023-06-05"
15586752,"Basic","N1",73,0,"2024-08-10"
15582519,"Plus","S2",26,1,"2024-12-31"
15658233,"Basic","N1",25,0,"2025-04-15"
15755330,"Basic","N1",35,0,"2023-10-04"
15605072,"Basic","W1",36,0,"2023-09-22"
15617538,"Plus","W1",14,0,"2023-02-18"
15591428,"Plus","N2",56,0,"2024-09-01"
15692142,"Basic","W1",6,0,"2023-10-20"
15692931,"Basic","N1",32,0,"2023-01-21"
15781127,"Plus","N3",26,0,"2024-03-19"
15677136,"Plus","N1",15,0,"2024-06-18"
15677828,"Plus","S2",49,0,"2024-04-16"
15567897,"Basic","S1",95,0,"2023-05-18"
15793641,"Plus","N2",56,0,"2023-08-18"
15678333,"Plus","W1",37,0,"2025-04-17"
15630511,"Basic","N3",53,0,"2024-02-09"
15792627,"Basic","S1",58,0,"2023-12-23"
15717191,"Basic","N3",83,0,"2024-06-24"
15625716,"Plus","N2",78,0,"2025-04-06"
15710053,"Basic","W1",36,1,"2023-01-21"
15580043,"Plus","S2",11,1,"2025-05-03"
15601410,"Premium","N2",27,0,"2024-09-02"
15684669,"Plus","N3",2,0,"2024-07-28"
15619083,"Premium","N3",22,0,"2025-03-24"
15692207,"Premium","N2",66,0,"2024-10-06"
15730705,"Basic","N1",84,1,"2024-06-10"
15749688,"Plus","N2",17,0,"2023-04-15"
15728542,"Basic","W1",4,0,"2024-09-14"
15760063,"Premium","W1",14,0,"2025-04-30"
15758769,"Basic","S2",7,0,"2023-12-02"
15778481,"Premium","N2",79,0,"2024-02-28"
15661162,"Plus","S1",94,0,"2024-09-14"
15601569,"Plus","W1",16,0,"2025-05-24"
15772383,"Basic","W1",66,0,"2025-05-04"
15667456,"Basic","W1",19,0,"2023-01-04"
15672983,"Plus","N1",1,1,"2024-04-13"
15799534,"Basic","S1",31,0,"2024-10-25"
15582847,"Plus","N2",4,0,"2024-07-07"
15612478,"Basic","N1",91,0,"2025-06-05"
15709621,"Plus","W1",58,1,"2024-06-21"
15802009,"Basic","S1",56,0,"2025-05-23"
15698816,"Plus","S1",53,0,"2023-07-13"
15574830,"Plus","N1",89,0,"2023-12-26"
15603082,"Basic","W1",86,1,"2024-06-03"
15685947,"Basic","N1",43,1,"2023-03-14"
15643048,"Basic","N3",74,0,"2023-03-19"
15807568,"Plus","W1",97,0,"2024-10-21"
15597591,"Basic","N1",49,0,"2025-04-13"
15747558,"Plus","N2",60,0,"2023-03-09"
15756655,"Basic","W1",94,1,"2025-05-16"
15589949,"Basic","S2",94,1,"2024-11-25"
15601012,"Basic","W1",16,0,"2023-11-30"
15724269,"Basic","N3",73,1,"2023-03-26"
15567506,"Basic","N1",81,0,"2024-05-10"
15791877,"Premium","S2",99,0,"2023-03-20"
15794360,"Premium","N3",60,0,"2024-07-04"
15686538,"Basic","N2",47,0,"2023-11-02"
15585985,"Plus","W1",15,0,"2023-01-20"
15699257,"Plus","S2",63,0,"2024-08-04"
15804104,"Basic","N1",28,0,"2023-06-05"
15727619,"Basic","N1",20,0,"2023-04-27"
15740237,"Basic","N2",97,1,"2025-05-29"
15801436,"Basic","N3",63,1,"2024-03-25"
15705735,"Premium","S2",33,0,"2023-01-28"
15649359,"Plus","N2",36,0,"2025-06-05"
15624892,"Basic","N3",13,1,"2024-09-01"
15784918,"Basic","S1",62,0,"2023-11-25"
15584785,"Plus","S1",68,0,"2024-10-24"
15797197,"Plus","N3",23,0,"2023-12-30"
15574858,"Plus","N1",72,0,"2024-02-23"
15794101,"Plus","N1",13,0,"2023-01-22"
15743245,"Basic","S1",88,0,"2023-09-18"
15791535,"Plus","N1",40,1,"2023-03-01"
15605215,"Plus","N1",30,0,"2024-02-17"
15771749,"Basic","N3",94,0,"2023-06-12"
15616833,"Plus","W1",25,0,"2023-04-24"
15750728,"Basic","N3",97,0,"2023-12-20"
15769353,"Basic","N1",73,1,"2023-07-15"
15770091,"Basic","N3",26,0,"2023-02-14"
15716420,"Basic","S2",24,1,"2024-09-16"
15740602,"Basic","S1",97,0,"2023-06-28"
15796071,"Basic","W1",39,0,"2025-02-20"
15811389,"Basic","S2",89,0,"2024-05-07"
15783875,"Basic","S2",79,0,"2023-11-21"
15671800,"Basic","N1",61,0,"2024-01-05"
15677288,"Basic","N1",49,0,"2024-07-21"
15633525,"Plus","S2",41,1,"2025-05-28"
15634606,"Basic","S2",70,1,"2023-12-13"
15579207,"Basic","N2",20,0,"2025-02-17"
15619892,"Premium","N2",44,0,"2023-04-25"
15567778,"Plus","S1",16,0,"2023-12-23"
15711750,"Premium","S2",21,0,"2023-06-16"
15751084,"Basic","N3",15,0,"2023-12-20"
15768945,"Basic","W1",39,0,"2023-04-25"
15636353,"Plus","N2",42,0,"2024-02-12"
15623858,"Basic","N1",61,0,"2024-08-14"
15703354,"Basic","S2",4,0,"2025-04-05"
15663987,"Basic","N3",24,1,"2025-03-08"
15780805,"Plus","W1",3,0,"2023-11-19"
15768566,"Basic","N3",1,0,"2024-06-24"
15643229,"Premium","N3",94,0,"2023-02-11"
15754940,"Premium","N1",13,0,"2024-04-04"
15676576,"Basic","N2",54,1,"2023-04-29"
15800068,"Plus","N3",82,0,"2024-07-27"
15648030,"Plus","W1",40,1,"2024-10-28"
15668594,"Plus","N2",11,0,"2025-03-07"
15728709,"Basic","S1",42,1,"2024-03-25"
15724181,"Plus","N1",93,0,"2024-03-16"
15647546,"Basic","N2",4,1,"2023-07-08"
15702601,"Premium","N2",25,0,"2023-10-12"
15567725,"Basic","N3",100,0,"2023-04-14"
15674179,"Basic","W1",36,0,"2024-07-22"
15686957,"Plus","N3",64,1,"2024-04-01"
15607690,"Plus","W1",44,1,"2023-11-07"
15806546,"Plus","N1",40,0,"2025-06-02"
15632850,"Basic","N2",92,0,"2024-11-14"
15709016,"Basic","S2",45,0,"2024-01-19"
15638068,"Premium","W1",8,0,"2024-10-29"
15749345,"Plus","W1",85,1,"2023-06-14"
15791321,"Plus","N3",35,0,"2024-02-11"
15699095,"Basic","N3",44,0,"2025-04-24"
15638329,"Basic","S1",18,0,"2024-08-03"
15575445,"Plus","W1",47,1,"2024-04-20"
15752622,"Plus","N1",25,0,"2023-02-27"
15774507,"Basic","N2",41,0,"2024-12-19"
15570857,"Premium","N2",5,1,"2024-02-20"
15599386,"Basic","N2",64,0,"2024-08-19"
15744913,"Basic","W1",62,1,"2025-04-16"
15647292,"Basic","N3",72,0,"2024-09-04"
15728838,"Basic","N1",87,0,"2025-03-14"
15584704,"Basic","N2",3,1,"2023-09-08"
15749068,"Basic","W1",37,1,"2023-08-08"
15622985,"Basic","S2",95,0,"2023-06-09"
15587676,"Plus","S1",93,0,"2023-07-06"
15779496,"Basic","S1",41,0,"2025-06-14"
157334600,"Basic","N2",20,0,"2024-08-21"
15711457,"Basic","N3",67,1,"2024-04-08"
15795290,"Basic","S1",87,1,"2024-05-12"
15611223,"Plus","S1",40,1,"2023-11-26"
15794159,"Basic","S1",85,0,"2023-12-15"
15780677,"Plus","S1",77,0,"2024-05-14"
15690175,"Plus","N2",8,0,"2024-10-28"
15722599,"Basic","W1",5,0,"2025-05-16"
15569976,"Basic","N1",25,0,"2024-05-04"
15707011,"Basic","N1",39,1,"2023-10-07"
15702277,"Basic","N3",37,0,"2025-05-04"
15801915,"Plus","W1",5,0,"2025-04-14"
15580213,"Plus","S2",8,0,"2023-06-13"
15715888,"Basic","N1",4,0,"2024-02-02"
15732967,"Basic","S2",41,1,"2023-03-09"
15737047,"Basic","N1",60,0,"2024-03-03"
15694039,"Plus","N1",54,1,"2024-03-07"
15649457,"Basic","N3",22,0,"2025-05-23"
15742809,"Basic","S1",78,0,"2024-01-10"
15637829,"Basic","N3",19,1,"2025-03-10"
15633194,"Plus","N1",77,0,"2024-12-24"
15611635,"Premium","W1",99,0,"2024-09-23"
15638774,"Basic","S1",68,0,"2024-11-27"
15722037,"Basic","W1",33,0,"2024-02-27"
156729300,"Premium","W1",22,0,"2024-12-28"
15668774,"Basic","W1",65,0,"2024-10-03"
15780966,"Plus","S1",11,0,"2023-03-19"
15659694,"Basic","W1",16,0,"2024-05-02"
15624424,"Plus","S1",68,0,"2023-06-19"
15708713,"Basic","S2",93,0,"2023-02-07"
15755405,"Premium","N1",44,0,"2024-07-20"
15647570,"Plus","N2",88,0,"2023-10-17"
15684348,"Plus","W1",9,0,"2024-07-11"
15702541,"Plus","N3",72,0,"2023-06-20"
15646942,"Plus","S2",78,0,"2024-10-03"
15748920,"Basic","N3",79,0,"2024-11-06"
15694581,"Premium","N2",62,0,"2024-08-04"
15643215,"Premium","S1",86,0,"2023-10-19"
15649060,"Basic","N2",15,0,"2024-08-03"
15731553,"Premium","N3",6,1,"2024-02-26"
15617029,"Plus","N2",1,0,"2023-04-15"
15780716,"Basic","N1",20,1,"2024-07-19"
15577018,"Basic","N2",36,0,"2024-02-10"
15809515,"Basic","W1",2,0,"2025-05-29"
15789924,"Basic","N1",70,0,"2024-04-03"
15725076,"Basic","W1",2,0,"2025-05-24"
15672481,"Basic","N2",3,0,"2023-09-05"
15574115,"Basic","N1",7,0,"2023-11-05"
15661830,"Basic","N1",84,0,"2024-01-08"
15665879,"Premium","N2",64,0,"2023-04-16"
15673820,"Basic","S2",41,0,"2025-05-10"
15747772,"Basic","S1",54,0,"2023-11-11"
15666197,"Basic","S1",41,0,"2024-08-31"
15773639,"Basic","S1",5,1,"2025-05-03"
15581893,"Plus","N1",89,1,"2024-06-22"
15672447,"Plus","S1",82,0,"2023-03-13"
15777830,"Plus","N1",63,0,"2024-01-13"
15713890,"Basic","S2",1,0,"2024-05-10"
15577598,"Plus","N2",25,0,"2023-07-04"
15786042,"Basic","N2",81,1,"2023-05-14"
15753462,"Basic","N1",46,0,"2023-06-23"
15759690,"Basic","N1",15,1,"2025-03-03"
15801414,"Basic","S2",69,1,"2024-09-01"
15656141,"Basic","S1",17,0,"2024-01-28"
15608701,"Basic","S2",21,0,"2023-03-05"
15582892,"Premium","N2",53,1,"2024-02-19"
15632967,"Basic","N2",55,0,"2024-02-07"
15587573,"Basic","W1",87,0,"2023-04-23"
15654891,"Basic","S1",10,0,"2023-03-06"
15611365,"Plus","N2",81,0,"2024-12-28"
15749103,"Basic","W1",57,0,"2025-05-15"
15810203,"Premium","N1",65,0,"2024-02-05"
15813660,"Premium","N2",37,0,"2023-10-17"
15605673,"Basic","N3",7,1,"2024-04-27"
15669282,"Basic","S1",76,0,"2024-02-24"
15792726,"Basic","W1",40,0,"2023-11-11"
15593241,"Plus","S1",50,0,"2023-03-30"
15683053,"Basic","S1",1,0,"2025-01-28"
15731865,"Basic","N3",20,0,"2025-04-23"
15760450,"Basic","S2",31,1,"2024-10-22"
15787204,"Plus","N1",68,0,"2023-12-23"
15650454,"Basic","S1",90,1,"2025-05-27"
15573730,"Basic","N2",12,1,"2025-01-21"
15791342,"Plus","N1",22,0,"2024-06-01"
15700540,"Plus","N2",1,0,"2025-01-18"
15770631,"Premium","N1",1,0,"2023-12-31"
15604020,"Basic","N1",3,0,"2023-09-24"
15637599,"Plus","W1",76,0,"2025-04-27"
15736578,"Plus","N2",21,0,"2024-02-10"
15666332,"Basic","N2",13,1,"2025-01-19"
15727291,"Plus","N1",61,0,"2023-05-19"
15785920,"Basic","S1",13,1,"2023-06-14"
15658987,"Premium","N2",82,0,"2025-03-04"
15687719,"Basic","N3",33,1,"2024-11-27"
15799641,"Plus","N3",6,0,"2024-10-27"
15758702,"Basic","N1",25,1,"2023-04-16"
15689526,"Premium","S2",23,0,"2023-05-29"
15586848,"Basic","N1",88,0,"2023-07-04"
15707637,"Premium","N1",26,0,"2024-02-14"
15719426,"Premium","S1",4,1,"2025-02-21"
15639265,"Basic","S1",35,0,"2025-05-20"
15576124,"Plus","W1",75,1,"2024-12-03"
15757829,"Premium","S2",100,0,"2024-11-05"
15633227,"Basic","S2",25,0,"2023-07-20"
15753092,"Basic","S2",20,0,"2024-09-09"
15782939,"Basic","S2",1,0,"2024-12-27"
15746338,"Basic","S2",94,1,"2025-04-15"
15590676,"Basic","N1",68,0,"2023-08-08"
15599329,"Basic","N1",23,0,"2025-05-06"
15783097,"Basic","W1",99,0,"2024-04-14"
15597885,"Basic","N3",22,0,"2024-12-29"
15597467,"Basic","N3",95,0,"2024-03-09"
15724764,"Premium","W1",62,0,"2023-01-29"
15778418,"Plus","W1",1,0,"2025-01-19"
15684769,"Basic","N2",59,0,"2023-03-05"
15756167,"Plus","N1",68,1,"2023-04-06"
15632439,"Plus","S2",19,0,"2024-10-27"
15755138,"Premium","N2",30,0,"2024-06-23"
15742116,"Basic","S1",1,0,"2024-05-24"
15801994,"Basic","N1",48,0,"2023-12-06"
15647572,"Premium","W1",19,0,"2024-11-18"
15644551,"Premium","N3",52,0,"2023-09-08"
15709135,"Plus","N1",85,1,"2024-12-06"
15684469,"Plus","W1",22,0,"2023-10-06"
15627637,"Basic","N1",50,0,"2023-02-08"
15667093,"Basic","N1",66,0,"2023-03-10"
15690589,"Basic","N1",6,0,"2023-10-04"
15595350,"Basic","S1",64,1,"2023-04-30"
15804064,"Plus","N3",21,0,"2023-03-27"
15717770,"Basic","N1",97,1,"2023-06-26"
15754443,"Basic","W1",19,0,"2024-08-28"
15776939,"Premium","S1",91,1,"2023-04-02"
15713517,"Basic","N2",37,0,"2024-02-24"
15683522,"Premium","N1",63,0,"2023-03-22"
15673995,"Premium","S1",29,0,"2023-12-07"
15771054,"Plus","S2",60,1,"2024-02-25"
15578788,"Basic","N2",92,1,"2023-08-16"
15737408,"Basic","N3",34,0,"2025-06-13"
15750837,"Basic","N1",1,1,"2024-04-17"
15576022,"Basic","N1",48,1,"2023-03-29"
15635502,"Basic","S1",89,0,"2023-12-16"
15627298,"Premium","N3",21,0,"2024-10-01"
15811415,"Basic","S2",34,0,"2025-03-20"
15645059,"Plus","N2",26,1,"2023-07-09"
15689671,"Basic","W1",36,0,"2025-05-16"
15718667,"Plus","N3",99,0,"2024-10-07"
15803202,"Premium","N1",23,1,"2023-05-16"
15593683,"Basic","S1",81,0,"2023-11-21"
15703394,"Basic","S2",47,1,"2023-02-09"
15570289,"Plus","S1",76,0,"2024-10-11"
15567437,"Plus","N2",44,1,"2023-10-14"
15711687,"Plus","N3",20,0,"2023-09-13"
15656592,"Basic","S1",27,0,"2025-03-08"
15634373,"Basic","W1",61,0,"2024-08-19"
15769125,"Premium","W1",37,1,"2024-02-24"
15711386,"Premium","S1",84,0,"2025-04-08"
15714241,"Basic","N1",52,0,"2024-06-22"
15642530,"Plus","S1",75,0,"2025-01-11"
15713599,"Basic","S2",92,1,"2023-10-18"
15744770,"Basic","N3",62,0,"2023-11-12"
15780498,"Basic","N2",66,0,"2025-03-10"
15624397,"Basic","W1",24,1,"2025-05-07"
15615219,"Basic","S1",80,1,"2023-05-12"
15570908,"Basic","S2",12,0,"2024-08-25"
15762855,"Basic","W1",16,0,"2025-05-17"
15661827,"Plus","W1",36,0,"2025-01-10"
15746035,"Plus","N2",2,1,"2024-06-22"
15691906,"Plus","W1",89,1,"2023-10-30"
15793424,"Premium","S2",62,1,"2023-10-09"
15577905,"Basic","W1",64,1,"2024-05-06"
15667216,"Plus","W1",29,0,"2023-10-07"
15673971,"Plus","S1",92,0,"2024-05-14"
15701238,"Basic","S1",74,0,"2023-07-18"
15644849,"Basic","N3",87,0,"2024-01-10"
15632263,"Basic","N1",96,1,"2023-10-27"
15720110,"Premium","S2",31,0,"2024-10-27"
15619045,"Basic","N1",83,1,"2023-10-26"
15697510,"Premium","N1",15,1,"2024-07-08"
15784923,"Plus","W1",55,1,"2023-11-18"
15567383,"Plus","N2",33,0,"2023-04-20"
15732621,"Plus","N2",81,0,"2024-09-14"
15757981,"Plus","W1",52,0,"2024-04-15"
15727819,"Basic","S2",100,0,"2024-02-16"
15738088,"Basic","N1",20,0,"2024-05-27"
15765173,"Plus","N3",73,0,"2024-04-24"
15665159,"Basic","N1",38,0,"2023-05-20"
15618203,"Basic","N2",3,1,"2025-05-27"
15791452,"Basic","N1",54,1,"2024-11-20"
15638159,"Premium","S1",66,0,"2024-05-18"
15585466,"Basic","S1",18,1,"2023-03-01"
15677310,"Plus","N3",87,0,"2023-07-02"
15656901,"Basic","S2",83,1,"2024-02-23"
15621093,"Basic","N1",7,0,"2025-03-04"
15592123,"Plus","S1",35,1,"2025-04-04"
15589200,"Basic","S2",84,1,"2025-01-02"
15602934,"Plus","S1",84,0,"2023-08-15"
15812720,"Plus","S2",83,0,"2024-01-26"
15695383,"Plus","S2",80,1,"2023-05-24"
15723064,"Basic","S1",85,1,"2025-01-05"
15761606,"Premium","W1",93,1,"2024-07-17"
15650322,"Plus","N2",60,0,"2024-08-15"
15669782,"Premium","S2",24,0,"2024-10-22"
15751628,"Basic","W1",93,0,"2023-01-27"
15809057,"Basic","N1",95,1,"2025-01-13"
15617052,"Premium","W1",39,1,"2024-09-14"
15590810,"Premium","S1",12,0,"2024-05-22"
15801293,"Basic","W1",94,1,"2025-06-02"
15770968,"Basic","N2",53,0,"2024-08-13"
15572356,"Basic","S1",64,0,"2025-03-01"
15603247,"Basic","N3",4,0,"2023-05-07"
15619116,"Basic","N1",94,0,"2024-03-31"
15691792,"Basic","N3",5,0,"2023-10-08"
15783276,"Premium","W1",16,0,"2024-01-30"
15766137,"Basic","S2",27,0,"2023-11-15"
15574554,"Plus","W1",4,1,"2024-03-16"
15578671,"Basic","S2",72,0,"2023-12-07"
15716608,"Basic","N3",48,0,"2024-11-24"
15690670,"Basic","N3",8,0,"2023-04-29"
15630466,"Basic","S2",81,0,"2025-02-16"
15630349,"Plus","N2",46,1,"2024-11-20"
15803801,"Premium","N1",44,0,"2024-12-13"
15647890,"Basic","S1",67,0,"2024-01-03"
15606115,"Basic","N3",91,0,"2024-01-20"
15714642,"Basic","N1",52,1,"2024-05-24"
15741181,"Premium","S1",34,0,"2024-08-04"
15773973,"Plus","W1",62,0,"2023-06-07"
15758546,"Basic","S1",21,1,"2025-04-02"
15598940,"Plus","N3",24,0,"2024-09-01"
15669783,"Plus","N2",44,0,"2024-12-17"
15624993,"Basic","N2",41,0,"2023-03-27"
15699047,"Premium","W1",6,1,"2025-03-02"
15616168,"Plus","N1",56,0,"2023-03-26"
15773146,"Basic","S2",14,0,"2023-12-25"
15770375,"Basic","N2",50,0,"2024-12-27"
15589725,"Basic","N1",78,1,"2023-05-13"
15710034,"Basic","S2",52,0,"2024-01-22"
15800806,"Plus","W1",88,0,"2023-09-04"
15570485,"Basic","S1",77,0,"2023-05-21"
15575391,"Plus","N1",1,1,"2024-03-22"
15790750,"Premium","S2",12,0,"2023-03-17"
2026271594,"Basic","N2",24,0,"2023-04-08"
15619953,"Basic","S1",37,0,"2023-10-30"
15673929,"Basic","N1",84,1,"2024-04-10"
15578835,"Plus","N2",70,1,"2023-02-24"
15752388,"Basic","S1",76,0,"2023-11-01"
15797081,"Plus","N3",85,0,"2025-02-09"
15570194,"Premium","N2",3,0,"2024-06-17"
15580149,"Basic","N3",27,0,"2023-02-04"
15777708,"Premium","W1",53,0,"2024-06-23"
15769955,"Premium","N1",100,0,"2024-05-03"
15810444,"Basic","S2",17,1,"2024-11-12"
15645593,"Basic","N1",15,0,"2023-05-20"
15765345,"Premium","N2",39,1,"2024-10-02"
15760873,"Premium","N3",4,1,"2023-04-10"
15794178,"Basic","N3",17,0,"2024-01-08"
15589361,"Basic","S1",11,0,"2025-01-28"
15662483,"Basic","N1",12,1,"2023-01-23"
15809736,"Premium","N1",32,1,"2025-05-18"
15731148,"Basic","N2",27,0,"2023-10-11"
15774328,"Basic","N3",44,0,"2023-04-23"
15646969,"Plus","N2",43,1,"2024-01-08"
15718769,"Basic","N2",91,0,"2023-07-16"
15610226,"Plus","W1",49,0,"2023-06-13"
15616270,"Basic","N3",93,1,"2025-06-11"
15790717,"Premium","N2",73,1,"2025-04-01"
15635703,"Basic","N3",43,0,"2024-03-06"
15616365,"Plus","N2",3,0,"2024-07-21"
15630244,"Plus","S2",29,0,"2023-01-10"
15734714,"Basic","N2",85,0,"2024-10-06"
15721433,"Basic","N2",35,1,"2024-02-02"
15590201,"Basic","S2",48,0,"2023-06-01"
15590828,"Basic","N1",74,1,"2023-07-10"
15752097,"Plus","N3",87,0,"2025-03-06"
15800031,"Plus","S1",39,0,"2023-10-04"
15630857,"Basic","S2",89,0,"2024-05-07"
15689953,"Plus","N1",24,0,"2023-08-31"
15759733,"Plus","N2",20,1,"2024-05-02"
15810826,"Plus","W1",15,1,"2025-04-23"
15668009,"Basic","N1",85,0,"2023-10-03"
15743456,"Basic","S2",76,1,"2023-07-09"
15725762,"Basic","W1",18,0,"2024-09-18"
15761713,"Basic","N2",60,0,"2025-05-13"
15769246,"Basic","N1",87,0,"2023-11-03"
15781129,"Basic","S1",93,0,"2025-05-19"
15599124,"Basic","N3",41,0,"2023-10-23"
15639004,"Plus","N3",100,0,"2023-08-22"
15810995,"Basic","S2",69,0,"2023-12-07"
15653773,"Basic","N2",90,0,"2024-08-15"
15708357,"Basic","N2",75,0,"2023-07-12"
15733597,"Basic","N3",11,0,"2025-06-01"
15789560,"Plus","N1",56,0,"2023-12-30"
15699524,"Basic","N2",18,1,"2023-09-15"
15626475,"Basic","S1",12,0,"2024-05-25"
15810839,"Basic","S1",16,0,"2023-08-19"
15684318,"Basic","N2",27,0,"2023-01-14"
15768120,"Basic","N2",100,1,"2023-01-14"
15712807,"Premium","N3",17,1,"2024-07-09"
15696371,"Basic","S2",85,0,"2023-07-29"
15675794,"Basic","N3",31,0,"2023-02-09"
15774277,"Basic","S2",35,0,"2023-02-03"
15603764,"Basic","S1",27,1,"2025-01-16"
15618647,"Plus","S2",87,0,"2025-04-12"
15614643,"Plus","N3",32,0,"2023-08-22"
15707696,"Plus","N2",17,1,"2025-02-24"
15749583,"Basic","S2",11,1,"2025-05-29"
15815125,"Basic","N3",1,0,"2023-10-17"
15779620,"Plus","S1",92,0,"2025-05-04"
15768233,"Premium","W1",82,0,"2024-03-08"
15637788,"Basic","S2",49,0,"2025-04-27"
15777046,"Basic","S1",41,0,"2025-01-10"
15788723,"Basic","S1",20,1,"2025-06-10"
15790489,"Basic","N1",71,0,"2023-11-14"
15739476,"Basic","W1",37,0,"2024-10-01"
15612670,"Basic","S2",16,0,"2025-04-17"
15631222,"Plus","N3",39,0,"2024-02-12"
15658972,"Basic","S2",45,0,"2024-12-21"
15724691,"Basic","S2",64,0,"2025-03-26"
15740442,"Basic","W1",47,1,"2023-03-21"
15760427,"Plus","S1",23,0,"2025-03-17"
15677939,"Basic","S1",32,0,"2023-06-25"
15633474,"Basic","S1",81,1,"2025-04-17"
15671973,"Plus","W1",19,0,"2025-04-27"
15790019,"Basic","N3",98,0,"2025-02-15"
15737735,"Basic","N2",78,1,"2023-10-12"
15661745,"Basic","N1",67,0,"2024-09-21"
15797065,"Basic","S1",39,0,"2024-11-08"
15710671,"Basic","S1",89,1,"2023-11-14"
15656522,"Plus","N1",60,0,"2024-02-14"
15744873,"Basic","S1",11,0,"2023-05-22"
15781914,"Basic","N2",49,0,"2023-09-04"
15637354,"Basic","S2",15,0,"2023-06-26"
15717307,"Plus","N1",83,0,"2025-03-21"
15746695,"Premium","N3",61,0,"2023-12-10"
15804962,"Plus","N1",43,1,"2023-09-21"
15665378,"Basic","N2",15,0,"2023-06-17"
15757865,"Plus","W1",79,0,"2023-01-25"
15578787,"Premium","N3",79,0,"2024-12-03"
15794323,"Plus","S2",73,1,"2025-06-18"
15697546,"Basic","S1",5,0,"2024-06-10"
15629519,"Basic","N1",83,0,"2024-06-11"
15624703,"Basic","N3",88,0,"2023-11-06"
15570002,"Basic","N1",29,0,"2024-09-30"
15808566,"Plus","S2",62,0,"2025-02-17"
15805463,"Basic","N1",60,1,"2023-01-28"
15709136,"Basic","N3",69,1,"2025-02-13"
15801605,"Plus","N2",22,0,"2024-01-05"
15567855,"Plus","W1",13,0,"2024-01-19"
15675141,"Basic","N3",50,1,"2023-10-21"
15665759,"Plus","N1",47,0,"2024-10-25"
15761487,"Basic","S2",29,1,"2024-04-23"
15631162,"Plus","S1",100,0,"2023-02-06"
15630641,"Basic","S2",17,1,"2025-06-06"
15585066,"Plus","N1",20,0,"2024-06-30"
15722991,"Premium","W1",78,0,"2024-10-07"
15737404,"Basic","S2",6,0,"2025-05-27"
15722409,"Basic","N1",22,1,"2024-11-03"
15806420,"Plus","N3",9,0,"2024-01-07"
15658148,"Basic","W1",32,1,"2025-01-05"
15810660,"Basic","N2",88,0,"2024-09-13"
15709780,"Premium","N1",33,1,"2023-04-12"
15727350,"Plus","S1",77,1,"2023-12-21"
15752312,"Basic","S1",99,0,"2024-04-09"
15616745,"Basic","W1",70,1,"2024-11-24"
15572294,"Basic","N2",49,0,"2024-04-24"
15674110,"Basic","N1",30,1,"2024-10-20"
15662501,"Basic","N2",16,0,"2023-08-04"
15649239,"Plus","N3",65,0,"2024-10-12"
15700424,"Basic","N2",82,0,"2023-11-23"
15636388,"Basic","N3",86,0,"2024-11-30"
15713975,"Basic","S1",90,1,"2024-08-22"
15592925,"Premium","N3",14,1,"2023-09-04"
15641319,"Basic","N1",56,0,"2024-11-28"
15723481,"Basic","W1",37,0,"2023-03-29"
15787825,"Basic","W1",49,0,"2023-11-30"
15710726,"Plus","N1",78,1,"2024-10-25"
15627195,"Plus","N1",90,1,"2025-02-17"
15657957,"Basic","N1",50,0,"2023-07-19"
15676117,"Basic","S2",36,1,"2024-01-18"
15607874,"Basic","N3",52,0,"2024-03-03"
15796993,"Basic","N1",23,0,"2023-12-01"
15649858,"Basic","W1",66,0,"2025-01-27"
15811032,"Basic","N2",71,0,"2024-03-25"
15679963,"Basic","N2",45,0,"2023-08-04"
15579131,"Basic","S2",86,0,"2024-08-08"
15572428,"Basic","N3",28,1,"2024-11-02"
15622461,"Plus","N3",20,0,"2023-09-12"
15636105,"Basic","N3",49,0,"2024-06-12"
15583849,"Basic","W1",57,0,"2024-05-19"
15718780,"Basic","W1",82,0,"2024-03-13"
15739271,"Premium","S2",88,0,"2024-10-11"
15697129,"Premium","N3",97,0,"2024-04-14"
15763415,"Basic","N3",59,0,"2023-01-06"
15796617,"Basic","N1",26,0,"2023-08-07"
15626628,"Basic","N3",19,1,"2024-05-27"
15765857,"Basic","W1",13,0,"2024-07-29"
15742511,"Basic","N1",74,1,"2024-12-21"
15786433,"Plus","N1",62,0,"2024-05-27"
769213083,"Basic","N3",14,1,"2025-05-18"
15627971,"Premium","N2",73,0,"2023-07-08"
15783025,"Basic","S1",11,1,"2023-09-04"
15726289,"Plus","W1",67,0,"2025-02-07"
15802118,"Plus","N2",12,0,"2024-11-16"
15607990,"Basic","N3",35,1,"2024-09-12"
15695932,"Basic","N3",39,1,"2024-07-25"
15812279,"Basic","N2",32,1,"2024-07-08"
15687558,"Basic","N3",14,0,"2024-03-03"
15729065,"Basic","W1",65,1,"2024-07-03"
15698902,"Plus","N1",27,0,"2023-12-29"
15570192,"Basic","S2",60,0,"2025-02-08"
15745201,"Premium","N3",43,1,"2024-08-16"
15580623,"Basic","N3",65,0,"2024-01-31"
15578156,"Premium","N2",55,1,"2025-01-02"
15631063,"Basic","N1",93,0,"2024-09-14"
15692577,"Plus","N2",88,1,"2025-02-15"
15810910,"Basic","W1",81,0,"2023-05-16"
15723217,"Basic","N2",35,0,"2024-03-09"
15733111,"Premium","N3",95,0,"2025-04-27"
15610727,"Basic","N1",32,1,"2023-11-14"
15792720,"Plus","W1",19,1,"2024-06-18"
15723153,"Plus","N3",95,0,"2024-05-15"
15756118,"Basic","W1",39,1,"2023-12-15"
15684934,"Basic","N3",20,0,"2023-02-28"
15776936,"Plus","N3",28,1,"2025-02-16"
15729087,"Basic","N3",3,1,"2023-05-20"
15786463,"Plus","S2",32,0,"2025-06-11"
15717498,"Premium","S1",86,0,"2024-09-19"
15718406,"Basic","N1",58,0,"2023-07-23"
15799468,"Basic","S2",54,0,"2023-06-07"
15626383,"Plus","S1",42,1,"2023-11-26"
15597385,"Basic","W1",15,0,"2023-07-15"
15570271,"Basic","S1",83,0,"2024-03-06"
15690330,"Basic","S1",62,1,"2024-12-24"
15680611,"Basic","S2",31,0,"2024-07-06"
15810227,"Basic","N1",61,0,"2025-05-20"
15807194,"Basic","N2",26,0,"2024-06-02"
15712199,"Plus","S1",69,0,"2025-05-11"
15694995,"Basic","N2",57,0,"2025-06-02"
15723400,"Basic","N2",20,1,"2024-09-08"
15654772,"Premium","N3",66,0,"2024-04-16"
15807593,"Plus","N2",21,0,"2024-04-02"
15686718,"Plus","W1",60,0,"2025-03-30"
15695299,"Basic","W1",63,0,"2023-02-14"
15722701,"Plus","N3",51,0,"2023-02-07"
15799635,"Basic","N1",100,0,"2024-11-06"
15742323,"Basic","N1",92,0,"2024-08-15"
15658435,"Basic","W1",84,1,"2023-12-07"
15586029,"Basic","N3",39,0,"2024-07-23"
15772337,"Plus","N1",100,0,"2023-10-29"
15807555,"Basic","S1",11,0,"2024-09-26"
15603378,"Plus","N1",57,0,"2024-12-07"
15792862,"Plus","N3",3,1,"2023-07-12"
15657349,"Plus","W1",37,1,"2025-06-16"
15777614,"Basic","S1",84,0,"2024-09-07"
15653952,"Plus","N2",96,0,"2024-09-15"
15724336,"Basic","N2",25,0,"2023-05-12"
15689594,"Basic","N2",21,1,"2024-08-30"
15801920,"Premium","W1",80,0,"2024-08-17"
15653347,"Basic","N3",42,0,"2024-04-12"
15749951,"Basic","N2",1,0,"2023-06-19"
15648178,"Premium","N1",23,0,"2024-07-14"
15738662,"Basic","N2",24,1,"2025-06-03"
15640855,"Plus","S2",47,1,"2024-10-08"
15584288,"Basic","W1",89,0,"2023-09-22"
15760988,"Basic","S2",7,1,"2023-07-18"
15569624,"Basic","N2",38,1,"2023-10-10"
15597949,"Basic","N2",47,1,"2024-02-09"
15604551,"Basic","S2",35,1,"2024-06-30"
15617476,"Plus","W1",78,1,"2025-05-05"
15645323,"Basic","W1",62,0,"2024-04-24"
15793311,"Premium","N2",73,1,"2023-07-23"
15764153,"Basic","W1",3,0,"2024-04-15"
15802560,"Basic","S1",20,0,"2025-01-22"
15728608,"Plus","W1",97,0,"2023-12-15"
15770474,"Premium","S2",44,1,"2025-04-14"
15724444,"Basic","N3",32,0,"2023-02-12"
15753110,"Plus","S2",100,1,"2025-02-14"
15711521,"Premium","N1",26,0,"2024-04-26"
15632816,"Basic","S1",48,0,"2024-01-12"
15693637,"Premium","N3",5,0,"2023-03-19"
15725509,"Basic","N2",59,0,"2023-02-05"
15684645,"Plus","N1",61,0,"2024-01-18"
15777459,"Premium","N1",49,0,"2025-03-26"
15656937,"Plus","S1",30,0,"2023-06-23"
15610643,"Basic","N3",17,1,"2024-10-08"
15777315,"Basic","N1",70,0,"2023-11-26"
15611058,"Premium","N3",58,0,"2024-10-13"
15630413,"Basic","N3",63,0,"2023-02-24"
15635942,"Basic","W1",61,0,"2025-02-02"
15648858,"Plus","N1",63,1,"2023-10-06"
15810732,"Basic","N3",15,0,"2024-04-03"
15705448,"Basic","S1",1,0,"2024-11-22"
15730488,"Basic","N1",13,0,"2024-06-08"
15620443,"Basic","S1",48,1,"2024-12-16"
15741078,"Plus","S1",34,0,"2024-03-30"
15753161,"Plus","N3",30,0,"2025-03-31"
15711396,"Basic","N3",19,0,"2024-07-28"
15593499,"Plus","W1",64,1,"2024-05-06"
15579189,"Premium","W1",66,1,"2023-03-15"
15743545,"Plus","N1",57,0,"2024-03-30"
15791316,"Basic","W1",44,0,"2025-03-29"
15608246,"Plus","N2",12,0,"2023-06-04"
15676526,"Basic","N1",40,0,"2024-06-02"
15813911,"Plus","S1",24,0,"2024-01-10"
15630195,"Plus","W1",11,0,"2023-11-02"
15736250,"Basic","W1",66,0,"2023-12-09"
15671334,"Premium","W1",1,1,"2024-10-26"
15574169,"Basic","N3",58,0,"2023-02-13"
15718839,"Plus","S1",28,1,"2024-07-01"
15762331,"Basic","W1",68,0,"2024-03-16"
15606901,"Premium","S2",94,1,"2023-04-07"
15713559,"Basic","S2",59,1,"2023-06-14"
15768881,"Basic","S1",71,0,"2025-01-15"
15743075,"Basic","W1",22,0,"2023-04-13"
15660980,"Basic","N2",90,1,"2024-03-11"
15810942,"Basic","N2",29,1,"2024-01-16"
15728362,"Plus","N1",89,1,"2024-03-22"
15683339,"Basic","N1",74,0,"2023-01-07"
15685476,"Basic","W1",84,0,"2023-04-04"
15663650,"Basic","N1",78,0,"2024-03-19"
15617434,"Plus","N3",97,0,"2024-04-23"
15622470,"Plus","N2",69,1,"2024-09-24"
15703682,"Plus","S1",45,1,"2025-05-26"
15727391,"Plus","W1",70,0,"2024-05-08"
15711062,"Basic","W1",86,0,"2023-02-06"
15567339,"Basic","S2",17,0,"2024-06-16"
15760662,"Basic","N2",79,0,"2023-04-08"
15605737,"Plus","N2",39,1,"2025-03-24"
15692977,"Premium","N2",40,0,"2023-01-21"
15672082,"Basic","N1",28,0,"2023-08-20"
15600280,"Basic","N3",2,0,"2024-04-12"
15804052,"Basic","S1",82,0,"2023-12-20"
15576065,"Basic","N1",27,0,"2023-03-13"
15796838,"Plus","N3",21,0,"2023-12-18"
15693526,"Basic","N2",87,0,"2023-02-21"
15748595,"Premium","N3",7,0,"2023-08-10"
15679029,"Basic","N1",61,0,"2025-03-07"
15753639,"Premium","N2",52,0,"2023-11-21"
15604138,"Plus","N1",48,1,"2024-04-04"
15666095,"Plus","S1",19,1,"2023-06-16"
15643487,"Plus","N2",73,1,"2023-10-10"
15764033,"Plus","N3",12,0,"2024-05-15"
15747288,"Plus","N1",94,0,"2024-12-17"
15790599,"Plus","S2",71,0,"2024-01-02"
15737705,"Plus","N3",2,0,"2024-10-11"
15737194,"Premium","N3",17,1,"2023-02-05"
15726776,"Plus","N2",75,1,"2024-08-29"
15804357,"Plus","W1",76,0,"2024-06-11"
15664432,"Premium","N3",3,0,"2025-01-18"
15688984,"Basic","N1",21,0,"2024-11-06"
15583026,"Basic","S2",78,1,"2024-08-24"
15771668,"Basic","S1",79,1,"2024-09-11"
15779904,"Basic","S2",51,1,"2024-08-18"
15784323,"Plus","N1",10,0,"2023-09-12"
15756277,"Basic","N2",55,0,"2024-11-07"
15663312,"Plus","N1",36,0,"2023-07-19"
15793197,"Basic","W1",51,0,"2025-04-15"
15731463,"Basic","W1",74,0,"2025-04-06"
15621768,"Plus","W1",17,1,"2024-10-30"
15691323,"Plus","N3",89,0,"2023-01-31"
15781326,"Basic","N2",61,0,"2024-07-31"
15595640,"Plus","W1",91,0,"2024-08-23"
15814331,"Plus","S1",97,0,"2024-04-30"
15602030,"Basic","S1",75,1,"2023-09-16"
15747974,"Basic","N1",13,0,"2023-09-10"
15611315,"Premium","W1",65,1,"2024-05-08"
15636977,"Basic","N3",95,0,"2023-08-22"
15690337,"Basic","S1",97,1,"2023-04-17"
15680666,"Basic","S2",85,0,"2024-08-03"
15679551,"Plus","N2",80,0,"2025-02-28"
15778915,"Plus","S2",87,0,"2023-12-02"
15568849,"Plus","S1",74,0,"2024-12-13"
157477620,"Basic","S1",48,1,"2023-02-22"
15753679,"Premium","N1",97,0,"2025-01-22"
15750049,"Basic","N1",86,0,"2025-04-23"
15606097,"Basic","W1",70,1,"2024-11-17"
15802368,"Basic","N2",47,0,"2023-02-11"
15767488,"Basic","W1",100,1,"2023-09-17"
15669946,"Premium","N1",10,1,"2024-01-04"
15612103,"Premium","N3",57,0,"2023-07-29"
15645353,"Basic","N2",80,0,"2024-04-10"
15650018,"Premium","N3",13,1,"2023-02-11"
15659002,"Plus","W1",61,0,"2023-12-19"
15616028,"Premium","N1",58,0,"2024-11-12"
15660475,"Basic","N2",84,0,"2025-06-12"
15652615,"Plus","W1",68,0,"2023-09-16"
15653572,"Basic","S1",84,1,"2023-12-03"
15628059,"Plus","W1",86,0,"2024-12-16"
15703413,"Basic","S2",29,0,"2024-01-30"
15610433,"Plus","S1",16,0,"2025-04-28"
15770548,"Basic","N3",63,0,"2024-11-05"
15645637,"Basic","S1",47,0,"2023-04-15"
15590888,"Plus","W1",43,0,"2024-11-20"
15568326,"Premium","S1",23,1,"2024-12-03"
15655368,"Plus","S2",30,0,"2023-05-04"
15665579,"Premium","W1",57,0,"2024-12-10"
15676091,"Basic","S2",30,0,"2023-04-09"
15716984,"Basic","S1",67,1,"2023-01-06"
15715078,"Basic","S2",56,0,"2025-03-10"
15569452,"Basic","S1",24,0,"2023-09-24"
15628863,"Plus","N2",77,0,"2023-02-12"
15778192,"Plus","S1",96,0,"2025-03-17"
15793723,"Plus","N1",76,0,"2024-10-14"
15798943,"Plus","S2",8,1,"2023-09-26"
15764708,"Plus","S2",88,1,"2024-07-04"
15791040,"Basic","N3",44,0,"2024-11-04"
15631512,"Basic","N3",80,1,"2023-07-14"
15640106,"Plus","N1",96,0,"2023-11-20"
15710315,"Basic","S2",34,0,"2024-09-07"
15771535,"Basic","S2",35,0,"2025-01-26"
15611947,"Basic","N3",96,0,"2023-03-06"
15670266,"Plus","N3",50,0,"2023-07-20"
15567923,"Basic","S1",17,1,"2025-05-30"
15788183,"Plus","W1",2,1,"2023-08-30"
15735782,"Plus","S2",90,0,"2023-01-07"
15774401,"Basic","S2",54,0,"2023-08-07"
15737971,"Plus","S1",44,0,"2023-01-03"
15758750,"Plus","S2",81,0,"2025-05-03"
15611767,"Plus","N1",49,0,"2024-04-08"
15643770,"Plus","N3",2,1,"2023-11-01"
15744717,"Basic","N3",72,1,"2023-11-10"
15570681,"Plus","W1",70,0,"2024-04-22"
15792650,"Basic","N3",9,1,"2025-03-06"
15605531,"Premium","N2",1,0,"2025-06-01"
15605339,"Plus","N1",69,1,"2024-02-15"
15812893,"Plus","N1",9,0,"2024-05-12"
15624180,"Basic","S1",14,0,"2024-06-17"
15701364,"Basic","N2",27,0,"2024-08-28"
15762588,"Basic","S2",9,1,"2023-12-23"
15806318,"Basic","W1",36,0,"2023-03-12"
15712596,"Basic","N1",93,0,"2025-05-31"
15600399,"Basic","N2",84,0,"2025-01-03"
15576216,"Basic","N2",79,0,"2023-01-13"
15620750,"Premium","N1",100,0,"2024-02-10"
15623489,"Basic","S1",3,1,"2024-05-31"
15667944,"Premium","N2",23,0,"2023-01-22"
15584928,"Premium","N3",73,1,"2025-06-13"
15779913,"Basic","N2",30,0,"2023-11-05"
15644977,"Plus","S2",19,0,"2023-10-22"
15749679,"Basic","N1",67,0,"2024-07-02"
15629010,"Plus","S2",50,0,"2023-01-31"
15768465,"Basic","S1",48,0,"2023-03-03"
15767781,"Basic","W1",3,0,"2023-08-09"
15635364,"Plus","N3",98,1,"2023-12-25"
15722004,"Basic","N1",66,1,"2024-08-15"
15766044,"Plus","N2",27,0,"2024-01-18"
15586680,"Basic","N3",87,1,"2025-01-14"
15635388,"Basic","N2",96,0,"2024-06-01"
15655175,"Basic","S1",99,0,"2024-09-08"
15639133,"Basic","W1",40,1,"2023-12-03"
15799653,"Basic","N1",18,0,"2023-06-11"
15723872,"Basic","S1",27,0,"2025-05-04"
15775627,"Basic","S1",11,1,"2024-07-17"
15630704,"Plus","W1",39,0,"2023-06-07"
15815534,"Basic","S1",19,0,"2023-01-13"
15681316,"Plus","S1",89,0,"2023-07-05"
15682523,"Basic","N2",7,1,"2025-01-03"
15650244,"Premium","S2",95,0,"2025-01-22"
15648638,"Basic","N2",57,0,"2023-11-05"
15795747,"Basic","W1",2,0,"2023-05-28"
15607330,"Basic","N3",38,0,"2023-02-24"
15624013,"Basic","W1",5,0,"2024-07-24"
15800805,"Plus","W1",78,0,"2024-12-10"
15667321,"Basic","W1",82,1,"2024-09-01"
15601116,"Premium","W1",36,0,"2024-10-29"
15622033,"Basic","S1",68,1,"2025-01-31"
15758451,"Basic","W1",88,0,"2024-11-22"
15688689,"Plus","N3",77,1,"2024-05-24"
15652674,"Basic","W1",85,0,"2024-08-08"
15806327,"Plus","N2",57,0,"2024-07-26"
15649618,"Basic","S1",97,0,"2023-02-14"
15677117,"Plus","N2",20,0,"2024-10-08"
15751445,"Basic","S1",5,1,"2024-12-22"
15749669,"Plus","N2",24,1,"2023-03-27"
15656351,"Plus","N1",99,0,"2025-02-20"
15667438,"Basic","S2",30,0,"2023-10-19"
15682273,"Basic","S2",28,0,"2023-09-21"
15580912,"Basic","S1",53,0,"2023-09-25"
15785183,"Premium","N1",51,0,"2023-08-13"
15705383,"Basic","N3",7,1,"2023-08-04"
15712903,"Basic","N1",42,1,"2025-05-23"
15774285,"Basic","S1",35,0,"2023-08-19"
15583138,"Basic","N1",94,1,"2024-12-02"
15740160,"Plus","N3",34,0,"2024-10-15"
15793425,"Premium","S1",73,0,"2023-06-26"
15749265,"Basic","S2",76,0,"2024-07-16"
15623989,"Plus","W1",54,0,"2024-12-02"
15604832,"Basic","N1",29,0,"2024-05-31"
15584580,"Basic","S2",10,0,"2024-12-23"
15573854,"Basic","S2",27,0,"2024-12-07"
15614847,"Plus","N2",83,0,"2024-05-27"
15679966,"Premium","N3",13,0,"2023-04-14"
15799435,"Premium","W1",42,0,"2025-05-22"
15752186,"Basic","N1",37,1,"2023-04-11"
15705544,"Basic","S2",61,1,"2024-10-01"
15713632,"Basic","S2",96,1,"2025-05-14"
15586523,"Premium","N3",79,0,"2023-11-01"
15609176,"Premium","W1",21,0,"2025-01-30"
15769308,"Plus","W1",3,0,"2023-12-17"
15676810,"Basic","S2",8,1,"2025-03-13"
15634591,"Basic","S2",70,0,"2024-03-26"
15679804,"Basic","S2",93,0,"2023-09-26"
15677764,"Basic","S2",83,0,"2024-01-07"
15571917,"Basic","N2",17,0,"2023-02-07"
15574608,"Basic","N2",10,0,"2025-04-25"
15740868,"Basic","W1",97,1,"2025-01-31"
15702442,"Premium","S1",13,0,"2025-01-02"
15699797,"Plus","N1",91,1,"2023-03-04"
15648047,"Basic","N3",12,0,"2025-02-03"
15766826,"Basic","S1",66,1,"2024-05-19"
15591628,"Basic","N2",74,0,"2023-09-22"
15583857,"Plus","N2",85,0,"2024-11-06"
15752534,"Plus","N2",23,0,"2024-06-18"
15741403,"Plus","S1",65,0,"2023-03-20"
15783589,"Plus","N2",97,0,"2024-09-21"
15598046,"Basic","S1",52,0,"2023-07-04"
15643330,"Basic","N2",61,0,"2024-05-09"
15680405,"Basic","S2",26,0,"2024-07-24"
15728683,"Basic","S2",15,0,"2024-01-05"
15621644,"Plus","N1",22,0,"2025-03-25"
15733032,"Basic","N2",89,1,"2025-02-02"
15608381,"Basic","N1",65,1,"2024-08-23"
15658946,"Basic","S1",26,0,"2025-01-10"
15645371,"Premium","N1",21,0,"2025-05-04"
15653110,"Basic","N2",24,0,"2023-11-27"
15766355,"Plus","S1",16,0,"2024-03-15"
15585249,"Basic","S1",32,1,"2023-08-26"
15611786,"Basic","S2",16,1,"2023-10-19"
15575486,"Basic","S1",77,1,"2024-03-01"
15780215,"Plus","S1",42,1,"2023-10-22"
15686099,"Basic","N1",32,0,"2025-04-12"
15739042,"Premium","W1",50,0,"2024-05-14"
15815316,"Basic","S1",41,1,"2024-07-09"
15778489,"Basic","N3",24,0,"2025-04-24"
15786389,"Premium","W1",13,1,"2024-08-14"
15601787,"Basic","S2",75,1,"2024-11-16"
15624715,"Plus","S2",79,0,"2024-10-14"
15763093,"Plus","S1",10,1,"2023-02-06"
15572073,"Basic","N1",42,0,"2024-06-09"
15780256,"Plus","W1",41,0,"2024-09-25"
15659305,"Basic","S2",3,1,"2024-02-01"
15638882,"Basic","S2",55,0,"2025-01-19"
15714680,"Basic","N3",16,1,"2024-01-31"
15777217,"Plus","S1",44,1,"2024-07-20"
15739123,"Basic","W1",81,0,"2023-01-22"
15594450,"Plus","S2",89,1,"2023-12-06"
15797751,"Premium","S2",30,1,"2024-05-09"
15691543,"Basic","S2",99,0,"2024-02-07"
15722845,"Basic","S2",37,0,"2023-07-22"
15605804,"Basic","N1",60,0,"2023-12-12"
15702061,"Basic","N2",77,0,"2023-01-15"
15694321,"Basic","N3",24,0,"2023-01-30"
15798749,"Plus","N1",26,0,"2023-01-29"
15720050,"Premium","N3",58,1,"2025-02-02"
15758048,"Premium","S2",9,1,"2023-06-09"
15805681,"Premium","N3",61,0,"2024-09-20"
15802809,"Premium","S1",19,0,"2024-10-31"
15807239,"Basic","S1",28,1,"2024-09-11"
15749093,"Plus","N2",7,0,"2024-09-18"
15689344,"Premium","N2",45,1,"2023-09-29"
15606076,"Basic","N3",86,1,"2024-02-24"
15610090,"Premium","N1",94,1,"2025-04-29"
15693926,"Basic","N1",63,0,"2024-05-03"
15791501,"Plus","S2",37,0,"2023-06-25"
15621870,"Plus","N1",16,0,"2023-08-19"
15734711,"Premium","N2",100,0,"2025-03-06"
15814405,"Basic","N1",5,1,"2023-11-14"
15606944,"Plus","S2",29,0,"2025-01-31"
15671934,"Basic","S1",52,0,"2024-04-11"
15641773,"Basic","N1",23,1,"2024-03-15"
15701972,"Plus","N1",6,0,"2023-02-25"
15749114,"Plus","N2",36,0,"2023-11-27"
15780362,"Plus","N3",57,1,"2023-09-30"
15753229,"Basic","S1",33,0,"2024-12-02"
15656009,"Basic","N3",49,0,"2023-01-21"
15785024,"Plus","S2",41,0,"2023-06-14"
15670492,"Basic","S2",80,0,"2024-05-06"
15795458,"Basic","N3",55,0,"2025-06-01"
15732438,"Premium","N2",98,0,"2024-02-22"
15781987,"Basic","W1",26,0,"2025-03-07"
15775826,"Plus","N2",37,0,"2024-08-02"
15807457,"Basic","W1",77,0,"2023-09-24"
15632538,"Basic","W1",17,0,"2024-12-30"
15641389,"Basic","N2",96,0,"2023-12-04"
15657306,"Basic","W1",32,0,"2025-06-14"
15709447,"Basic","W1",28,0,"2025-06-03"
15762682,"Basic","W1",93,0,"2024-08-30"
15626042,"Basic","S1",25,1,"2023-07-07"
15597109,"Basic","S2",47,0,"2024-04-19"
15756148,"Basic","W1",22,1,"2023-07-27"
15665634,"Basic","S2",91,0,"2023-03-15"
15739997,"Basic","S2",61,0,"2025-05-25"
15686242,"Premium","S1",44,1,"2024-11-04"
15759244,"Plus","S2",20,1,"2024-11-03"
15672027,"Plus","N3",50,1,"2024-01-29"
15594576,"Basic","N1",88,1,"2024-05-04"
15707138,"Premium","S1",47,1,"2024-07-25"
15756954,"Plus","N1",47,0,"2023-01-26"
15619130,"Plus","N3",72,0,"2025-05-23"
15639665,"Basic","N2",51,0,"2024-06-20"
15571065,"Premium","N2",55,0,"2025-02-08"
15686060,"Plus","W1",78,0,"2025-05-07"
15615753,"Premium","N2",39,0,"2025-05-01"
15800961,"Basic","S1",14,1,"2024-05-29"
15763065,"Basic","N2",69,0,"2025-03-10"
15672467,"Basic","S1",47,0,"2023-09-14"
15752915,"Basic","S1",21,0,"2023-10-07"
15744695,"Premium","N1",15,1,"2025-03-28"
15584897,"Basic","N2",100,1,"2025-01-29"
15601857,"Basic","S2",97,0,"2024-07-09"
15674156,"Basic","N2",81,0,"2023-02-02"
15695465,"Basic","N2",84,1,"2023-10-21"
15792232,"Basic","N2",1,0,"2024-09-15"
15807900,"Plus","W1",80,0,"2023-11-04"
15743760,"Plus","S2",82,0,"2023-10-18"
15652835,"Basic","S2",10,0,"2025-02-23"
15767818,"Basic","S1",23,0,"2025-04-05"
15734659,"Basic","S2",18,0,"2023-10-31"
15796115,"Basic","S1",58,0,"2023-02-12"
15724648,"Plus","N1",73,0,"2025-03-26"
15737732,"Plus","S1",94,0,"2024-07-09"
15632280,"Plus","N2",77,1,"2025-03-11"
15750407,"Plus","N3",52,0,"2024-08-21"
15795370,"Basic","N3",95,0,"2025-01-11"
15656829,"Premium","W1",46,0,"2024-04-24"
15643794,"Plus","N2",13,0,"2023-03-24"
15798605,"Premium","S1",96,0,"2023-07-23"
15637324,"Basic","N2",17,0,"2024-10-03"
15589589,"Premium","W1",67,1,"2023-05-18"
15778936,"Plus","S2",61,0,"2023-03-24"
15757385,"Plus","S1",65,1,"2024-11-17"
15666200,"Basic","N2",53,0,"2024-10-09"
15683977,"Plus","S2",5,1,"2024-09-10"
15675518,"Premium","W1",32,1,"2023-05-31"
15584812,"Plus","S2",89,0,"2024-09-12"
15752984,"Plus","S1",45,0,"2025-01-03"
15577913,"Premium","W1",56,0,"2025-05-09"
15591980,"Basic","W1",5,0,"2023-11-15"
15598948,"Plus","W1",87,1,"2025-04-24"
15574142,"Basic","N1",76,1,"2023-09-04"
15582903,"Premium","W1",34,0,"2023-02-06"
15733229,"Basic","N1",61,0,"2023-09-25"
15635752,"Basic","S2",87,1,"2024-08-08"
15771000,"Plus","N1",80,0,"2023-04-25"
15804864,"Plus","S2",62,0,"2023-03-22"
15641175,"Plus","N1",69,0,"2024-12-05"
15692226,"Premium","S2",63,1,"2024-12-26"
15584156,"Premium","S2",44,1,"2024-06-10"
15702656,"Basic","W1",28,0,"2023-12-02"
15606552,"Basic","W1",70,0,"2023-03-25"
15687001,"Basic","S2",13,0,"2025-06-05"
15781903,"Basic","W1",43,0,"2025-02-16"
15731951,"Basic","S2",30,1,"2025-03-20"
15580953,"Premium","W1",26,0,"2023-06-03"
15810390,"Plus","N3",81,0,"2025-03-27"
15628274,"Basic","N1",63,0,"2023-09-10"
15784010,"Basic","S2",73,0,"2024-05-16"
15571586,"Plus","N2",57,1,"2024-03-23"
15748616,"Basic","W1",64,0,"2023-09-30"
15769402,"Basic","W1",80,0,"2025-05-22"
15739248,"Premium","S1",49,1,"2025-04-04"
15603481,"Premium","N2",52,0,"2025-05-03"
15723604,"Basic","N2",63,0,"2024-05-21"
15797822,"Premium","N3",82,0,"2023-05-12"
15665064,"Basic","N1",13,0,"2024-12-11"
15640580,"Plus","N3",93,1,"2023-11-21"
15581089,"Basic","N1",88,0,"2023-12-17"
15728605,"Basic","S2",45,0,"2023-03-24"
15737385,"Premium","N3",46,1,"2025-03-28"
15714789,"Basic","S1",77,0,"2023-05-06"
15786035,"Plus","N1",89,1,"2023-08-02"
15815259,"Basic","N3",41,0,"2025-04-14"
15592716,"Basic","S1",46,0,"2024-12-27"
15734850,"Basic","N2",1,0,"2025-01-19"
15638047,"Basic","W1",73,0,"2024-08-22"
15674573,"Plus","S2",68,0,"2025-06-14"
15694859,"Basic","S2",92,0,"2024-04-06"
15776404,"Plus","N2",12,0,"2024-09-16"
15579345,"Plus","N3",88,0,"2023-04-15"
15690733,"Plus","W1",73,0,"2024-01-06"
15631481,"Basic","N2",35,0,"2023-03-04"
15620988,"Premium","S1",99,0,"2025-01-20"
15571529,"Basic","W1",33,0,"2024-04-13"
15592104,"Basic","N1",58,0,"2023-01-26"
15651900,"Basic","N3",35,1,"2024-10-01"
15596212,"Basic","W1",46,0,"2023-01-01"
15710687,"Basic","N1",84,0,"2023-04-04"
15613787,"Plus","N2",66,0,"2025-06-01"
15599211,"Basic","S2",44,0,"2024-03-27"
15675983,"Basic","W1",26,1,"2023-01-12"
15622370,"Plus","W1",42,0,"2024-11-08"
15656319,"Basic","N1",77,0,"2023-10-25"
15605130,"Basic","N1",30,0,"2024-02-24"
15659355,"Basic","S2",32,1,"2025-02-22"
15777907,"Plus","N1",36,0,"2024-08-01"
15655171,"Basic","N1",19,0,"2023-06-16"
15619674,"Basic","W1",22,0,"2023-09-11"
15775192,"Basic","S2",65,0,"2025-05-16"
15617657,"Plus","S2",57,0,"2025-02-03"
15688951,"Plus","W1",11,0,"2025-01-27"
15763460,"Plus","N2",26,0,"2024-07-24"
15756992,"Basic","N2",48,0,"2023-10-21"
15617454,"Basic","W1",19,0,"2023-05-24"
15701932,"Basic","N1",83,0,"2023-07-28"
15700813,"Basic","N3",12,0,"2023-08-14"
15645600,"Basic","N2",67,0,"2024-04-02"
15634146,"Basic","N2",56,0,"2023-10-11"
15686743,"Basic","W1",18,0,"2024-08-25"
15698792,"Plus","W1",5,0,"2024-04-30"
15591724,"Basic","N3",24,0,"2023-04-21"
15571281,"Plus","N3",78,0,"2025-01-21"
15661380,"Basic","S2",38,0,"2023-12-16"
15728885,"Basic","W1",67,1,"2023-11-29"
15618950,"Basic","N2",70,1,"2023-03-21"
15609804,"Basic","S1",76,1,"2024-01-21"
15735849,"Basic","S1",52,0,"2024-02-08"
15618155,"Basic","N1",75,0,"2024-12-16"
15566378,"Premium","N2",39,0,"2025-01-19"
15792922,"Plus","S1",59,1,"2023-11-24"
15738042,"Basic","N2",26,0,"2023-10-21"
15714920,"Plus","W1",65,0,"2024-05-08"
15673180,"Plus","N2",80,0,"2023-07-03"
15660636,"Plus","S1",48,0,"2023-07-31"
15664504,"Plus","N2",53,0,"2023-09-08"
15790322,"Basic","N3",9,0,"2025-01-08"
15739847,"Basic","N1",5,0,"2023-06-16"
15699415,"Basic","S2",72,0,"2024-06-26"
15665521,"Basic","S1",61,0,"2025-04-27"
15682868,"Basic","W1",21,1,"2024-10-24"
15584462,"Plus","S2",97,1,"2023-06-11"
15661708,"Premium","N1",63,0,"2024-08-30"
15584452,"Premium","N3",20,0,"2023-09-30"
15717010,"Premium","N3",58,0,"2025-05-24"
15643828,"Plus","N3",45,0,"2024-06-19"
15733361,"Premium","N3",22,0,"2024-02-23"
15795488,"Basic","S1",77,1,"2024-09-21"
15581551,"Basic","S1",75,1,"2024-02-11"
15632051,"Basic","N2",82,0,"2024-01-27"
15780409,"Plus","W1",63,0,"2024-03-13"
15572767,"Basic","N2",30,0,"2023-03-28"
15590337,"Plus","W1",63,0,"2024-02-09"
15634551,"Basic","N1",97,1,"2023-10-02"
15669290,"Basic","N2",44,0,"2024-02-19"
15621140,"Plus","N1",67,0,"2024-07-15"
15613518,"Basic","N1",58,0,"2023-11-23"
15728043,"Basic","N1",65,0,"2023-04-22"
15570073,"Basic","N3",36,0,"2025-03-02"
15777033,"Basic","S2",6,1,"2023-10-29"
15682454,"Plus","S2",37,0,"2023-05-16"
15758513,"Basic","S1",93,1,"2023-11-29"
15772604,"Plus","N1",75,0,"2023-01-03"
15721715,"Basic","N3",55,0,"2023-06-11"
15688563,"Plus","N2",77,1,"2024-05-26"
15772009,"Basic","N2",75,1,"2023-03-18"
15809585,"Plus","S1",59,1,"2023-07-04"
15593778,"Plus","S1",38,0,"2025-06-04"
15655360,"Basic","N1",25,0,"2024-07-23"
15780909,"Premium","N1",79,0,"2024-04-24"
15757310,"Plus","N2",77,0,"2023-06-12"
15801411,"Basic","N2",33,0,"2023-01-21"
15761706,"Basic","N2",13,0,"2024-07-30"
15658409,"Premium","N2",38,1,"2024-07-31"
15810010,"Plus","S2",58,0,"2023-10-25"
15627027,"Basic","N1",88,1,"2023-10-26"
15624374,"Basic","N1",20,0,"2023-10-09"
15720083,"Plus","N2",17,1,"2024-04-16"
15752294,"Plus","N3",24,0,"2024-02-14"
15743193,"Plus","N2",26,0,"2024-01-27"
15696733,"Basic","W1",40,0,"2024-11-17"
15677522,"Plus","S1",32,1,"2023-06-14"
15624936,"Basic","W1",93,1,"2023-03-23"
15716085,"Basic","N3",78,0,"2024-10-19"
15641688,"Plus","S1",37,0,"2024-12-16"
15796834,"Premium","N3",86,0,"2023-06-13"
15720123,"Basic","S1",98,0,"2023-04-14"
15604732,"Basic","N2",91,0,"2023-05-10"
15723484,"Plus","N2",92,0,"2024-08-18"
15807120,"Basic","N3",86,1,"2023-04-30"
15810891,"Plus","S1",60,0,"2023-09-16"
15640407,"Plus","S2",57,0,"2023-04-14"
15778838,"Basic","N3",58,0,"2023-12-30"
15709256,"Premium","N3",67,1,"2024-06-29"
15742285,"Plus","W1",22,0,"2025-06-12"
15729019,"Premium","N1",58,1,"2024-01-04"
15608588,"Plus","N3",85,0,"2025-05-27"
15610557,"Premium","S2",80,0,"2024-11-16"
15786418,"Basic","N2",73,1,"2023-11-22"
15653050,"Basic","S1",77,0,"2025-01-13"
15744914,"Premium","N1",74,1,"2023-07-04"
15669611,"Basic","S1",49,1,"2024-01-29"
15594786,"Basic","N2",85,0,"2023-12-10"
15649211,"Plus","N3",49,0,"2024-06-13"
15766066,"Plus","W1",42,1,"2024-02-21"
15772216,"Basic","S2",40,1,"2023-08-19"
15619898,"Premium","N1",71,1,"2023-05-15"
15724543,"Plus","S2",46,1,"2023-02-14"
15755084,"Basic","S2",22,0,"2024-09-15"
15730441,"Plus","S2",82,0,"2024-05-06"
15666767,"Basic","S2",21,0,"2024-08-17"
15690456,"Basic","N2",51,0,"2024-02-26"
15570533,"Basic","S2",14,0,"2024-07-04"
15797692,"Basic","W1",74,1,"2025-02-04"
15603135,"Basic","S2",97,0,"2023-05-25"
15698927,"Plus","N2",9,1,"2023-11-13"
15687363,"Plus","S1",18,0,"2024-07-16"
15733444,"Plus","N2",13,0,"2023-10-20"
15678057,"Plus","W1",17,0,"2024-08-01"
15806918,"Basic","W1",87,0,"2024-06-19"
15638247,"Basic","N3",25,0,"2024-09-25"
15674833,"Premium","N2",54,1,"2024-04-10"
15812534,"Basic","S1",16,0,"2023-02-18"
15586522,"Basic","N3",24,0,"2024-10-22"
15794297,"Plus","N3",95,0,"2024-04-03"
15737025,"Basic","N1",75,0,"2024-11-27"
15615931,"Premium","S2",23,0,"2025-01-31"
15664860,"Basic","N3",41,0,"2024-02-29"
15664539,"Basic","N3",86,0,"2024-10-18"
15583692,"Basic","W1",33,0,"2025-01-24"
15779973,"Plus","S1",42,1,"2025-05-26"
15620557,"Basic","N3",48,0,"2025-05-19"
15639549,"Basic","S1",18,0,"2024-10-22"
15618750,"Premium","S2",63,1,"2023-03-09"
15796790,"Premium","W1",78,0,"2024-05-23"
15668309,"Basic","N1",92,0,"2025-01-05"
15665158,"Basic","N1",11,1,"2023-07-29"
15689322,"Basic","S2",24,1,"2024-12-04"
15596624,"Premium","S2",61,0,"2023-10-27"
15801462,"Premium","W1",64,0,"2023-05-04"
15566139,"Basic","W1",36,0,"2025-03-06"
15791006,"Plus","N2",83,1,"2023-10-19"
15668057,"Basic","N3",77,0,"2024-02-25"
15580805,"Basic","N3",97,0,"2025-06-13"
15658768,"Basic","N3",53,0,"2025-03-22"
15613048,"Basic","S1",83,0,"2023-02-19"
15803654,"Basic","N2",47,0,"2025-05-30"
15662337,"Basic","N3",52,1,"2023-07-02"
15650924,"Plus","S1",96,1,"2023-09-04"
15647203,"Basic","S1",79,0,"2023-03-29"
15682778,"Plus","N1",57,1,"2024-10-11"
15579820,"Basic","S1",75,0,"2024-07-03"
15709354,"Basic","S2",23,0,"2024-07-14"
15728480,"Basic","W1",59,0,"2023-03-13"
15641091,"Basic","S1",69,0,"2025-02-08"
15603111,"Basic","S2",56,0,"2024-07-09"
15679693,"Basic","S2",86,1,"2023-10-18"
15797190,"Basic","N1",42,0,"2024-05-18"
15788025,"Basic","N1",18,1,"2024-09-19"
15646168,"Plus","S1",71,0,"2024-10-22"
15580493,"Plus","N1",33,0,"2023-11-09"
15726720,"Basic","N1",3,0,"2025-05-08"
15735799,"Basic","W1",28,0,"2025-03-01"
15773098,"Basic","N3",1,1,"2023-10-15"
15668971,"Plus","S1",63,0,"2024-12-30"
15603221,"Basic","S1",47,0,"2024-05-22"
15740043,"Basic","S1",37,0,"2023-03-12"
15751926,"Basic","N1",86,1,"2023-06-10"
15589401,"Premium","W1",48,0,"2025-02-23"
15742019,"Basic","N1",19,0,"2023-05-07"
15660611,"Plus","S2",14,1,"2024-03-31"
15607634,"Basic","N2",67,0,"2024-11-12"
15595036,"Premium","N2",83,1,"2024-06-12"
15745794,"Plus","N2",97,1,"2023-10-31"
15781689,"Basic","N3",85,0,"2024-05-04"
15696054,"Plus","N1",65,1,"2023-08-27"
15752467,"Basic","S2",26,1,"2023-06-25"
15597739,"Plus","S2",10,1,"2023-07-29"
15651336,"Plus","N2",99,0,"2024-07-22"
15636061,"Basic","W1",77,1,"2023-12-25"
15723013,"Plus","N3",70,0,"2023-07-08"
15784148,"Basic","N3",43,0,"2024-05-23"
15578098,"Basic","N2",70,1,"2024-07-09"
15638621,"Basic","N2",99,1,"2024-09-25"
15720924,"Plus","N1",80,0,"2025-03-31"
15566531,"Basic","W1",72,0,"2023-02-02"
15718064,"Basic","N3",59,1,"2024-05-15"
15605067,"Plus","S2",3,1,"2023-11-08"
15655335,"Basic","N2",5,0,"2024-06-23"
15694628,"Basic","N1",85,0,"2023-05-31"
15635775,"Basic","S2",95,1,"2024-07-28"
15644280,"Basic","N3",78,0,"2024-06-02"
15708362,"Basic","N2",83,0,"2023-04-21"
15771997,"Basic","W1",37,0,"2024-10-03"
15730579,"Premium","N2",84,0,"2023-05-12"
15728005,"Plus","W1",52,0,"2024-06-03"
15791674,"Basic","N1",66,1,"2025-06-12"
15754599,"Basic","N1",63,0,"2023-11-01"
15693690,"Basic","N3",7,0,"2023-01-29"
15728963,"Plus","W1",97,0,"2025-04-29"
15659710,"Basic","N2",53,0,"2025-04-02"
15638788,"Basic","N1",6,0,"2023-12-17"
15609735,"Premium","N2",7,0,"2024-06-01"
15771477,"Basic","N3",44,1,"2024-05-06"
15570145,"Basic","W1",18,1,"2024-02-12"
15797149,"Premium","N2",54,0,"2024-05-22"
15636912,"Plus","S2",29,0,"2024-09-15"
15687828,"Basic","N2",83,0,"2023-04-15"
15667424,"Plus","S1",25,0,"2024-12-19"
15759872,"Basic","S1",63,0,"2024-07-05"
15572374,"Plus","N3",68,1,"2025-02-18"
15754926,"Basic","N3",13,0,"2023-11-16"
15687431,"Plus","N3",32,1,"2023-02-15"
15604515,"Premium","S2",27,0,"2023-08-29"
15682839,"Premium","W1",51,1,"2023-09-27"
15624677,"Premium","S2",34,0,"2024-10-28"
15646366,"Basic","N2",28,0,"2024-09-19"
15701768,"Basic","N1",73,0,"2023-02-06"
15623566,"Basic","W1",72,1,"2023-07-24"
15681274,"Plus","S1",85,0,"2025-01-30"
15762573,"Premium","S1",30,1,"2024-04-30"
15706458,"Basic","S1",93,0,"2023-04-20"
15654222,"Premium","N2",9,0,"2024-04-30"
15704053,"Plus","N2",13,0,"2023-11-14"
15724321,"Premium","N3",82,1,"2025-04-14"
15621815,"Premium","N1",64,0,"2024-08-14"
15724876,"Basic","N3",38,1,"2023-03-17"
15696588,"Basic","N2",22,0,"2025-02-20"
15612832,"Basic","S2",31,0,"2024-09-01"
15804295,"Basic","N3",99,0,"2024-05-12"
15712536,"Plus","W1",42,0,"2024-04-23"
15662494,"Plus","N2",62,0,"2024-01-24"
15807728,"Premium","N2",64,0,"2024-08-10"
15764916,"Plus","S2",74,0,"2025-03-04"
15615330,"Basic","S2",9,1,"2024-08-15"
15638487,"Basic","S2",95,0,"2023-12-30"
15627859,"Basic","N1",44,0,"2023-11-05"
15622192,"Basic","W1",63,1,"2023-03-04"
15789413,"Basic","N2",40,0,"2023-09-24"
15583221,"Basic","S2",88,0,"2023-02-02"
15768495,"Basic","N1",41,0,"2025-03-19"
15644103,"Basic","S1",72,0,"2023-02-09"
15741197,"Plus","W1",50,0,"2024-11-16"
15664547,"Basic","S1",20,0,"2023-09-17"
15572021,"Basic","S1",81,0,"2025-01-05"
15637461,"Basic","N2",92,0,"2025-01-04"
15620577,"Premium","N1",70,0,"2023-09-24"
15609643,"Basic","N1",42,0,"2024-10-28"
15785358,"Basic","S1",33,0,"2025-02-14"
15603883,"Plus","W1",92,0,"2024-10-22"
15782550,"Plus","N3",63,0,"2023-08-13"
15775761,"Premium","S1",57,1,"2024-01-18"
15767594,"Basic","N2",65,1,"2024-05-12"
15591985,"Basic","S1",52,1,"2024-09-30"
15789339,"Basic","W1",99,0,"2023-01-05"
15781530,"Plus","W1",88,0,"2024-03-21"
15705174,"Basic","S1",6,0,"2023-10-15"
15572114,"Basic","N1",7,0,"2025-05-06"
15804009,"Basic","S1",9,0,"2023-02-27"
15662698,"Basic","S2",61,0,"2023-03-13"
15696047,"Basic","S2",80,1,"2024-10-28"
15701160,"Plus","N3",34,1,"2025-03-04"
157900930,"Plus","N2",35,0,"2024-11-10"
15632143,"Basic","N2",99,0,"2024-06-24"
15734917,"Basic","N1",20,0,"2023-03-23"
15643903,"Plus","N2",58,0,"2025-02-13"
15569526,"Basic","N3",87,0,"2024-09-09"
15777067,"Basic","S2",60,0,"2023-10-04"
15795511,"Basic","N1",54,0,"2025-05-13"
15610419,"Plus","W1",35,0,"2024-06-05"
15644994,"Premium","S2",47,0,"2024-07-27"
15703707,"Plus","N3",46,0,"2025-01-05"
15659327,"Basic","N1",87,1,"2023-05-16"
15771323,"Basic","S1",4,1,"2025-01-05"
15750549,"Premium","N2",10,0,"2023-04-24"
15698462,"Basic","N3",75,0,"2025-02-10"
15739692,"Premium","N1",40,0,"2023-06-06"
15744041,"Premium","S2",55,1,"2024-01-31"
15700714,"Basic","N1",73,0,"2023-08-17"
15777743,"Premium","S1",40,0,"2024-09-03"
15623143,"Basic","N3",76,0,"2023-09-12"
15712568,"Plus","N1",81,0,"2023-06-28"
15617432,"Basic","W1",96,0,"2025-02-25"
15650424,"Basic","N3",23,0,"2023-08-17"
15728829,"Plus","N3",15,0,"2024-01-02"
15680430,"Plus","S2",92,1,"2023-01-31"
15687626,"Basic","N2",5,0,"2023-04-18"
15609187,"Plus","W1",40,0,"2023-10-09"
15609521,"Basic","S1",18,1,"2024-09-12"
15752626,"Basic","N1",21,0,"2024-01-25"
15814040,"Basic","N2",79,0,"2024-06-24"
15658211,"Basic","S2",3,0,"2024-06-12"
15742091,"Basic","N2",46,1,"2024-02-08"
15787168,"Basic","N3",90,0,"2023-06-19"
15772363,"Basic","N3",79,0,"2025-05-27"
15659364,"Basic","S1",53,0,"2023-06-24"
15738980,"Basic","W1",20,1,"2023-03-15"
15794236,"Premium","N1",59,0,"2024-03-29"
15721383,"Basic","N1",21,0,"2024-05-23"
15652981,"Premium","S2",90,0,"2023-08-28"
15722731,"Plus","S1",87,0,"2023-04-06"
15640507,"Plus","N1",51,0,"2024-05-28"
15578878,"Plus","W1",25,1,"2023-07-21"
15744295,"Plus","N3",68,0,"2023-02-06"
15776558,"Basic","S1",10,0,"2023-04-01"
15596136,"Basic","N2",86,0,"2023-08-21"
15704597,"Plus","S1",67,0,"2024-10-20"
15648272,"Plus","S1",83,0,"2025-03-19"
15594915,"Plus","W1",95,0,"2023-09-10"
15581115,"Basic","W1",9,0,"2024-01-06"
15763907,"Plus","N1",29,0,"2024-12-24"
15705994,"Basic","S2",37,0,"2024-03-19"
15772421,"Basic","S2",71,0,"2024-03-16"
15711572,"Basic","W1",38,1,"2023-03-05"
15691170,"Plus","N1",88,0,"2023-01-05"
15600106,"Premium","N1",72,0,"2024-10-19"
15745431,"Basic","N1",98,0,"2023-03-13"
15649508,"Plus","W1",59,1,"2024-02-01"
15812611,"Basic","S2",57,0,"2024-09-08"
15619699,"Basic","N1",90,1,"2023-11-26"
15813946,"Basic","W1",60,0,"2024-07-01"
15762762,"Basic","N2",28,0,"2023-05-27"
15629793,"Basic","N2",28,0,"2024-02-19"
15781298,"Basic","N3",46,1,"2025-02-06"
15622658,"Plus","N2",71,0,"2025-01-09"
15658980,"Plus","S1",67,0,"2023-12-15"
15701936,"Basic","N3",86,0,"2023-12-31"
15686917,"Basic","N2",55,1,"2025-03-01"
15807312,"Basic","S1",38,0,"2024-02-20"
15574523,"Basic","N2",18,0,"2024-09-16"
15724200,"Basic","W1",76,1,"2024-05-21"
15738224,"Basic","S1",95,0,"2024-06-06"
15593283,"Premium","N1",63,1,"2024-12-06"
15814690,"Plus","W1",5,0,"2025-01-05"
15807245,"Basic","S1",44,1,"2023-09-07"
15799358,"Basic","W1",29,1,"2023-09-06"
15616172,"Basic","N1",100,1,"2023-12-17"
15777958,"Plus","S1",14,0,"2023-09-26"
15809124,"Basic","S1",58,1,"2025-05-03"
15616367,"Basic","W1",44,0,"2024-03-23"
15687385,"Plus","N2",18,0,"2025-03-13"
15607877,"Basic","S1",7,0,"2023-03-24"
15736327,"Basic","N2",87,0,"2024-06-24"
15746704,"Basic","S1",97,1,"2024-02-11"
15778304,"Basic","S2",62,0,"2023-12-05"
15588456,"Basic","N3",45,1,"2023-03-21"
15664035,"Basic","N2",16,0,"2023-04-05"
15596405,"Basic","N2",64,1,"2023-09-16"
15815097,"Basic","N1",37,1,"2023-05-02"
15762708,"Plus","S2",25,1,"2023-05-04"
15776211,"Basic","N1",9,0,"2024-06-18"
15626012,"Basic","S2",55,0,"2024-12-28"
15792077,"Plus","S2",28,0,"2023-10-16"
15718765,"Plus","W1",9,0,"2024-04-06"
15576615,"Plus","W1",12,0,"2023-04-02"
15752650,"Basic","W1",18,0,"2023-01-24"
15797502,"Basic","S1",91,0,"2023-04-17"
15687329,"Plus","N1",90,0,"2025-03-28"
15779423,"Plus","N3",56,0,"2023-02-21"
15619514,"Basic","S2",90,0,"2024-12-11"
15615430,"Premium","S2",74,0,"2023-10-21"
15716431,"Basic","N2",58,0,"2023-10-27"
15798341,"Premium","S1",81,1,"2023-12-11"
15651958,"Premium","N3",51,0,"2024-01-17"
15726179,"Plus","W1",32,0,"2024-07-21"
15652999,"Premium","S2",88,0,"2023-07-13"
15691950,"Plus","N2",48,1,"2024-07-10"
15632446,"Basic","N1",8,0,"2024-03-11"
15620936,"Basic","S2",30,0,"2024-01-20"
15587640,"Basic","N2",26,0,"2025-05-04"
15782231,"Basic","N1",24,0,"2025-01-20"
15580462,"Plus","S1",27,0,"2024-01-07"
15736371,"Basic","W1",79,1,"2025-01-13"
15648032,"Basic","N1",92,0,"2023-11-16"
15610454,"Plus","S2",75,0,"2023-08-27"
15671358,"Premium","N3",39,0,"2024-01-27"
15747130,"Basic","N1",66,0,"2024-10-09"
15578374,"Basic","N3",51,1,"2023-10-12"
15572182,"Basic","N3",73,1,"2023-01-13"
15770041,"Plus","N1",50,1,"2024-01-20"
15669414,"Basic","S1",45,0,"2024-06-24"
15777054,"Plus","N1",87,0,"2024-11-20"
15621021,"Basic","N2",33,1,"2023-10-20"
15785490,"Basic","W1",19,0,"2023-09-14"
15577695,"Premium","N3",13,0,"2023-04-18"
15686974,"Basic","W1",78,0,"2024-08-03"
15574584,"Basic","S2",96,0,"2025-06-03"
15719541,"Basic","N3",22,0,"2024-11-18"
15646310,"Basic","S2",20,0,"2023-07-02"
15697606,"Basic","N2",97,0,"2025-01-23"
15711489,"Basic","N2",5,1,"2024-12-06"
15670427,"Basic","W1",84,1,"2024-01-02"
15731755,"Basic","N2",78,0,"2025-04-10"
15796370,"Plus","N1",91,1,"2024-06-17"
15598331,"Plus","N3",90,0,"2025-05-11"
15704795,"Basic","S2",32,1,"2024-06-06"
15796764,"Plus","W1",30,0,"2023-10-12"
15589420,"Basic","W1",91,0,"2025-05-23"
15810563,"Basic","N2",26,0,"2023-09-16"
15746569,"Basic","N2",82,0,"2023-06-22"
15811594,"Basic","S2",87,0,"2024-12-17"
15645896,"Basic","N3",88,1,"2025-01-29"
15802909,"Basic","N3",4,0,"2025-02-09"
15797665,"Plus","W1",67,0,"2023-11-26"
15778959,"Premium","S2",43,0,"2024-03-27"
15722532,"Basic","W1",30,0,"2025-02-20"
15784124,"Plus","S1",16,0,"2024-04-15"
15776518,"Plus","N3",71,0,"2023-03-22"
15611247,"Plus","S2",39,0,"2023-11-17"
15773338,"Basic","S2",86,0,"2024-03-16"
15784042,"Basic","W1",41,0,"2024-02-03"
15776229,"Basic","N2",31,0,"2023-07-07"
15655903,"Basic","S2",49,0,"2024-03-13"
15590177,"Plus","W1",13,1,"2025-06-03"
15568876,"Basic","N1",41,0,"2025-06-16"
15813140,"Basic","N2",93,1,"2025-04-29"
15770516,"Plus","N2",28,1,"2024-03-23"
15755731,"Plus","N3",64,0,"2025-01-12"
15574480,"Basic","S1",19,0,"2024-04-14"
15798084,"Plus","N3",87,0,"2024-06-23"
15673020,"Basic","N1",72,0,"2025-05-11"
15643575,"Basic","W1",25,1,"2024-04-05"
15596811,"Basic","N2",38,1,"2025-04-14"
15786789,"Plus","N2",99,1,"2024-05-29"
15578865,"Premium","S2",90,0,"2023-08-25"
15605672,"Basic","S1",3,0,"2023-06-30"
15603674,"Basic","S1",2,1,"2024-02-14"
15759915,"Basic","S2",5,0,"2024-05-30"
15686219,"Basic","N1",61,0,"2025-05-09"
15696388,"Basic","S1",20,1,"2023-03-13"
15713604,"Basic","N2",76,1,"2023-07-01"
15647800,"Plus","N1",38,0,"2023-04-14"
15813451,"Plus","N3",80,0,"2023-09-29"
15765375,"Basic","N3",36,0,"2023-10-14"
15774586,"Basic","N1",46,0,"2023-03-28"
15603454,"Basic","N2",93,0,"2024-01-21"
15653037,"Basic","N3",99,0,"2023-03-14"
15782475,"Plus","W1",37,0,"2024-08-25"
15593496,"Premium","N2",54,0,"2024-11-15"
15808971,"Basic","S2",21,0,"2023-11-06"
15791972,"Basic","S1",21,0,"2024-11-29"
15676869,"Plus","N1",92,0,"2024-03-18"
15683007,"Basic","S1",70,1,"2023-08-24"
15659495,"Plus","S2",84,0,"2024-11-04"
15703923,"Basic","N3",60,0,"2024-08-07"
15674000,"Plus","W1",36,0,"2025-01-06"
15618171,"Basic","N2",77,0,"2025-06-14"
15732202,"Plus","N2",11,0,"2023-08-18"
15735078,"Plus","S2",88,0,"2023-09-11"
15798615,"Basic","N1",83,0,"2024-11-04"
15638494,"Plus","S1",87,0,"2023-12-21"
15763874,"Plus","W1",31,1,"2025-01-31"
15696355,"Basic","N3",37,1,"2024-05-09"
15655952,"Basic","N1",60,0,"2024-02-14"
15739850,"Basic","W1",61,1,"2023-07-18"
15611338,"Basic","W1",67,0,"2024-03-04"
15707861,"Basic","S2",98,0,"2025-01-21"
15672237,"Plus","S2",29,0,"2025-01-18"
15657771,"Basic","N2",67,0,"2024-04-19"
15677783,"Premium","N3",79,0,"2024-08-10"
15681026,"Basic","N1",71,0,"2023-12-08"
15566543,"Basic","N2",67,1,"2024-04-18"
15594612,"Basic","N3",16,0,"2025-03-17"
15814664,"Basic","S1",45,1,"2024-02-01"
15642785,"Basic","S1",34,1,"2024-03-01"
15690164,"Basic","N2",84,0,"2023-02-14"
15603794,"Basic","N1",44,0,"2023-12-09"
15733491,"Plus","N3",97,0,"2024-11-21"
15806360,"Plus","S1",78,0,"2025-01-03"
15587133,"Basic","S1",42,0,"2025-06-05"
15721377,"Plus","N1",35,0,"2023-01-17"
15747927,"Plus","N2",75,0,"2023-08-07"
15806455,"Basic","S2",84,0,"2024-08-18"
15695474,"Premium","W1",30,0,"2023-07-10"
15666295,"Plus","N3",53,0,"2024-01-26"
15656062,"Basic","S1",58,1,"2024-03-14"
15579969,"Basic","W1",28,0,"2024-10-05"
15703563,"Basic","W1",15,0,"2024-05-11"
15719276,"Basic","S2",38,1,"2025-03-09"
15672754,"Plus","W1",50,0,"2023-04-04"
15768163,"Basic","N1",13,0,"2023-04-05"
15656710,"Plus","N2",35,0,"2024-11-26"
15696175,"Plus","N3",24,1,"2024-10-05"
15586914,"Plus","N1",65,0,"2023-03-23"
15581736,"Plus","N2",88,0,"2023-12-06"
15588839,"Basic","N1",91,1,"2025-03-18"
15589329,"Basic","S1",18,0,"2023-12-26"
15605622,"Plus","S1",58,0,"2023-04-22"
15798964,"Basic","S2",26,1,"2023-10-30"
15769959,"Basic","N1",29,0,"2025-03-28"
15657105,"Premium","W1",72,0,"2023-02-20"
15569266,"Plus","S1",44,1,"2025-03-16"
15719294,"Basic","N2",90,0,"2024-12-01"
15606229,"Plus","S2",5,0,"2024-12-20"
15569892,"Plus","W1",33,0,"2024-10-22"
15584532,"Basic","N3",5,1,"2025-02-15"
15682355,"Basic","N1",36,0,"2025-06-02"
15628319,"Premium","S1",77,0,"2023-10-08"
15787071,"Basic","W1",81,1,"2023-04-23"
15767871,"Basic","N2",13,0,"2023-02-05"
338329353,"Basic","N1",25,0,"2024-09-14"
15771543,"Plus","N2",58,0,"2024-11-13"
28402833,"Basic","S2",2,0,"2023-03-19"
70927400,"Basic","S1",88,0,"2025-04-28"
72997804,"Basic","S1",36,0,"2024-06-23"
38085213,"Premium","S2",25,0,"2023-02-14"
51586334,"Basic","N2",34,0,"2025-05-22"
95412635,"Plus","N1",12,1,"2023-10-31"
64958173,"Premium","N2",19,0,"2024-01-27"
20967432,"Basic","N1",94,1,"2024-10-15"
42834253,"Premium","W1",37,1,"2023-01-15"
83287162,"Premium","S2",1,0,"2024-10-01"
71171485,"Premium","N3",60,0,"2023-06-16"
52955063,"Basic","N1",67,0,"2024-10-26"
22741065,"Plus","S1",49,1,"2023-03-04"
36480650,"Plus","W1",90,1,"2024-07-24"
27592869,"Premium","S1",79,0,"2023-07-22"
32928523,"Basic","W1",46,1,"2023-06-06"
31365765,"Plus","S1",48,0,"2024-05-29"
41808382,"Basic","N2",92,1,"2024-07-04"
55476199,"Basic","N2",68,0,"2023-10-05"
43114833,"Basic","N2",19,1,"2023-04-11"
